edge_id,segment_id,u,v,part,cls,subclass,name,length_m,is_bridge,is_tunnel,is_structure,walk_ok,walk_oneway,walk_restricted,bike_ok,bike_oneway,bike_restricted,bike_facility,low_stress,dem_gaps,max_abs_grade,elev_min,elev_max,cum_gain_fwd,cum_loss_fwd,net_change_fwd,avg_grade_fwd,n_samples,d_abs_above_3,d_abs_above_5,d_abs_above_8,d_abs_above_10,d_abs_above_15,grade_reliable,max_abs_grade_reliable,shortest_use,flat_use,flat_use_per_objective,unavoidability,barrier_score,neighborhood
82829,56625f93-6afd-47b5-87cc-ff532fb0d093,256d20f9-d3f5-4c01-b9d5-55dc725d59a0,6347df9f-cc27-4922-850c-d5129b278d1b,1,trunk,,John Lewis Freedom Parkway Northeast,1211.3224162382476,False,False,False,True,True,False,True,True,False,,False,"[369.70204576 424.84778155 476.87469671 554.91421189 681.31316866
 721.31316866]",0.087667744147321,296.2908935546875,320.513916015625,3.19219970703125,25.0355224609375,-21.84332275390625,-0.01803262531576405,244,338.97093200683594,194.4098663330078,9.9697265625,0.0,0.0,True,0.087667744147321,22,0,0.0,0.0,23.362658806671657,Old Fourth Ward
49003,3216e48e-3582-4c58-9094-d3c0e1b9b28c,c2d42ff3-f56c-4bc7-b72d-0f88b525e480,1f3b0d0d-164f-4e8b-8285-1c4c9554fffc,2,cycleway,,Atlanta Beltline Westside Trail,425.32099747577536,False,False,False,True,False,False,True,False,False,dedicated_cycleway,True,[],0.26789339553367025,281.5833435058594,290.97930908203125,13.278778076171875,11.30511474609375,1.973663330078125,0.004640409020129127,87,242.33401489257812,173.09572219848633,98.9118709564209,64.2927074432373,34.61915588378906,True,0.26789339553367025,20,0,0.0,0.0,22.78813724111061,Washington Park
55047,4e211886-457d-4722-9f16-39d40b511f81,ade3b791-e1cd-46bc-a1d0-28b95a17d9bb,7e7c7a33-d044-41b5-ade2-fd1adce5dc0b,10,secondary,,Marietta Boulevard Northwest,171.0449646655383,False,False,False,True,True,False,True,True,False,,False,[],0.30721147016075273,263.1049499511719,269.63092041015625,9.483154296875,4.043701171875,5.439453125,0.03180130464923691,36,131.948974609375,58.64398956298828,43.982994079589844,43.982994079589844,34.208984375,True,0.30721147016075273,42,16,5.333333333333333,0.12698412698412698,22.06972952456749,Hills Park
8675,cccb84ba-565c-41d5-b79c-8e609f6b4629,4f8fbc47-fe67-4027-840e-31920a58bf91,921b4828-4d29-41b1-865f-40f524bb153f,0,residential,,Oldknow Drive Northwest,364.15368763586247,False,False,False,True,False,False,True,False,False,,True,[],0.12078184265263674,282.76080322265625,301.9481506347656,2.318359375,19.187347412109375,-16.868988037109375,-0.04632381508521035,74,334.2232437133789,229.46672344207764,54.872467041015625,29.930450439453125,0.0,True,0.12078184265263674,46,160,53.333333333333336,1.0,20.232250564649597,Collier Heights
7448,1b19db37-ccaa-4ac3-9c4d-cd36acdad2ae,f2516479-4783-4158-acb2-e28a84bce0a5,01477e06-7c4b-47a0-ab22-f5a9e1a55833,0,residential,,North Grand Avenue Northwest,357.6952087509942,False,False,False,True,False,False,True,False,False,,True,[],0.2014666021668855,255.8987579345703,269.5127258300781,13.613967895507812,14.361068725585938,-0.747100830078125,-0.002088651976114237,73,293.111328125,208.6555404663086,178.8476104736328,144.07166481018066,19.87195587158203,True,0.2014666021668855,26,0,0.0,0.0,18.73654596279378,Almond Park
37975,7d5b9473-25d3-42e8-805f-7f218bca9feb,5055ca5e-1e60-4bd6-b5d6-470824a07853,65fe2d82-461a-48b0-93d0-7adeb7f92897,0,residential,,Midway Street Southeast,366.39797857493477,False,False,False,True,False,False,True,False,False,,True,[],0.13891337175259638,253.70620727539062,266.7322082519531,6.702178955078125,15.955047607421875,-9.25286865234375,-0.02525360172292002,75,262.42016983032227,207.9556007385254,118.83177137374878,64.36721801757812,0.0,True,0.13891337175259638,36,0,0.0,0.0,18.32312829858471,Leila Valley
1027,b8f1e61c-a6b2-4b68-b3b6-276796a3086b,6ac84db8-4f50-49e9-85ec-ff733637b62e,9ce3158d-53e9-428a-8e94-f7a96071d15b,0,residential,,Darrah Drive Southwest,211.96919886501297,False,False,False,True,False,False,True,False,False,,True,[],0.12075118940385872,261.3092956542969,274.42529296875,13.115997314453125,2.032501220703125,11.08349609375,0.05228824039368214,44,172.53306198120117,128.16741275787354,93.66080474853516,83.80177307128906,0.0,True,0.12075118940385872,66,0,0.0,0.0,16.89305170075603,Deerwood
39154,539327fb-308a-4bb2-9633-838c4bac4206,3f2e547e-a011-4fa1-bced-3671b54ff6fa,ca3b56f5-8a27-4746-b168-b8a8f27f8c55,5,cycleway,,Atlanta Beltline Southside Trail,318.8434918089247,False,False,False,True,False,False,True,False,False,dedicated_cycleway,True,[],0.2881936441745413,285.24395751953125,294.5843811035156,9.340423583984375,-0.0,9.340423583984375,0.02929469602590539,65,29.891576766967773,29.891576766967773,29.891576766967773,29.891576766967773,24.90964698791504,True,0.2881936441745413,18,74,24.666666666666668,1.0,16.539960208634913,Chosewood Park
9767,b53afdb6-fc81-4cae-a200-29738d744273,ed2ad1a0-5ccb-4b65-80cc-00c0c3b68b09,f8d5c2ea-8f7f-46ff-8bf3-ba889c95fd45,1,residential,,Evelyn Way Northwest,246.6085365960549,False,False,False,True,False,False,True,False,False,,True,[],0.09985304809194549,265.13873291015625,284.9098205566406,19.771087646484375,-0.0,19.771087646484375,0.08017195181433778,51,231.81202697753906,221.9476776123047,167.69379806518555,0.0,0.0,True,0.09985304809194549,64,120,40.0,0.625,15.759753001350509,Grove Park
14706,e6ec95e8-ae7e-4ce4-a284-913b06b5f34e,b59d4b47-b376-4046-9131-f4a6912e4a1a,7021b8f0-cdb3-44f3-a81a-5bb0029d0943,0,tertiary,,Niskey Lake Road Southwest,199.8615537889256,False,False,False,True,False,False,True,False,False,,False,[],0.11175955022552855,286.51092529296875,296.9056091308594,10.394683837890625,0.21734619140625,10.177337646484375,0.05092193715941218,41,124.9134750366211,89.93769073486328,59.958465576171875,39.972312927246094,0.0,True,0.11175955022552855,70,210,70.0,1.0,15.635506151177925,Niskey Lake
15282,e78c404e-de05-45c2-bbf4-b92c9b2b43a8,de20080e-7382-4320-b0df-49ae357793a0,88e908a9-1322-479c-874b-574af6bc609a,1,residential,,Panther Trail Southwest,229.70014164234078,False,False,False,True,False,False,True,False,False,,True,[],0.1600963169168808,273.178466796875,286.1535949707031,12.975128173828125,3.430145263671875,9.54498291015625,0.04155410243962452,47,174.7718391418457,139.8174695968628,79.89570617675781,69.90873718261719,29.960891723632812,True,0.1600963169168808,38,0,0.0,0.0,13.97417573544535,Southwest
72276,6b36efc4-1237-41ca-997e-0ec39ae6d2fe,a1776439-65ab-48fe-94df-fb2b91bf37fc,49c4bc82-c22e-4088-80d3-4c9fc1cc5fb5,4,secondary,,Marietta Street,79.86528883522412,False,False,False,True,False,False,True,False,False,,False,[],0.27378253024616495,297.4736633300781,302.8445129394531,5.198333740234375,5.370849609375,-0.172515869140625,-0.00216008573855263,17,64.89054679870605,64.89054679870605,49.91580390930176,44.92422676086426,39.93264579772949,True,0.27378253024616495,58,118,39.333333333333336,0.67816091954023,12.6821180965661,Downtown
1034,1ee16ede-4f26-42f7-8d19-ee910aeb8f93,6a889081-5809-402d-9f7a-47a7e436f2d4,6ac84db8-4f50-49e9-85ec-ff733637b62e,0,residential,,Darrah Drive Southwest,220.23862504864275,False,False,False,True,False,False,True,False,False,,True,[],0.08409146177972601,263.341796875,277.51129150390625,0.0,14.16949462890625,-14.16949462890625,-0.06433700794100748,46,190.87348175048828,176.19090270996094,83.20125579833984,0.0,0.0,True,0.08409146177972601,66,0,0.0,0.0,12.22332402766025,Deerwood
30601,3cd6667f-e7b8-41de-93dc-753b70090940,bc6debb2-bc0d-47c4-9592-acf463cbc026,c8a63534-611e-45a9-be8f-5c3343611ef6,1,cycleway,,Beltline Access Line,175.54132444093688,False,False,False,True,False,False,True,False,False,dedicated_cycleway,True,[],0.28812449491610814,288.0713195800781,300.89886474609375,4.82275390625,12.827545166015625,-8.004791259765625,-0.04560060972111587,37,117.02754783630371,107.27525901794434,97.52295875549316,78.01836967468262,48.7614803314209,True,0.28812449491610814,24,0,0.0,0.0,12.138661305947906,Capitol View Manor
8677,1035a809-c7ed-4dc8-b93b-66255280e752,921b4828-4d29-41b1-865f-40f524bb153f,5d828d38-7eb2-48ae-8c2d-55047aa1a0b3,0,residential,,Oldknow Drive Northwest,191.98391886027707,False,False,False,True,False,False,True,False,False,,True,[],0.13437214730411037,276.643310546875,285.4743957519531,2.713592529296875,8.831085205078125,-6.11749267578125,-0.03186461013945635,40,118.14394760131836,103.3759536743164,59.07197570800781,34.45865249633789,0.0,True,0.13437214730411037,46,160,53.333333333333336,1.0,11.86675405555222,Collier Heights
92256,ca138441-bf73-42de-8604-92bba9b81313,b1fd2e3a-37b8-4d55-b3d9-48b5b712b539,466dc6ea-5871-4f22-8a46-1391c82da4b2,5,tertiary,,Rock Springs Road Northeast,304.8577813430306,False,False,False,True,False,False,True,False,False,,False,[],0.09102754045655743,273.60626220703125,286.8981628417969,13.291900634765625,3.426513671875,9.865386962890625,0.03236061976579596,62,239.88809204101562,159.92539978027344,74.96502494812012,0.0,0.0,True,0.09102754045655743,40,43,14.333333333333334,0.35833333333333334,11.100181609879622,Morningside/Lenox Park
62706,e1aaaa2d-1bfb-42c4-9481-37fd5311dc14,a39fb70a-34c9-4b5b-b71c-30fe4cb30fc1,082ee92f-c031-4d04-8921-c3e5a3a9497f,0,residential,,Dellwood Drive Northwest,396.56768808753407,False,False,False,True,False,False,True,False,False,,True,[],0.10740961342820249,243.05271911621094,262.1510009765625,9.334930419921875,20.828659057617188,-11.493728637695312,-0.028983018500576774,81,351.9538154602051,322.2112503051758,252.8118896484375,34.699668884277344,0.0,True,0.10740961342820249,26,0,0.0,0.0,11.074747339655485,Collier Hills North
35259,5ba270b9-748a-495b-b8fa-0e8d416feeba,337df77b-1d86-476f-9cb3-cb5032b53317,49a8a25d-365e-4278-95ac-f136a23ca046,1,residential,,Shadydale Avenue Southeast,114.32551576424206,False,False,False,True,False,False,True,False,False,,True,[],0.14006711267754257,281.7442321777344,293.18634033203125,0.0,11.442108154296875,-11.442108154296875,-0.10008359095979052,24,114.32551574707031,99.41349029541016,84.50146484375,69.58944511413574,0.0,True,0.14006711267754257,68,141,47.0,0.6911764705882353,10.889006530958419,Lakewood Heights
15294,fc3d1d15-dd9a-4145-bb84-d99687e4008c,12d61d05-a1a4-457a-b80e-fb8aa55bf1ba,dc19d5ca-e094-4dea-ae06-679692eb317b,0,residential,,Panther Trail Southwest,227.04249080206927,False,False,False,True,False,False,True,False,False,,True,[],0.12110700970117416,291.2904052734375,306.98138427734375,0.041656494140625,15.69097900390625,-15.649322509765625,-0.06892684323090553,47,157.9426040649414,143.13549041748047,118.45695495605469,83.90699768066406,0.0,True,0.12110700970117416,38,0,0.0,0.0,10.44864611173508,Southwest
102388,f824e14b-5fbb-4786-95ba-3725992e678e,4147d561-331a-4da2-b17f-3ddbbb483e4c,ba6d9b25-8667-4804-8e85-e65c6a752f4f,0,residential,,Garraux Road Northwest,101.3820932796175,False,False,False,True,False,False,True,False,False,,True,[],0.14247628318891745,277.7590026855469,289.9041442871094,0.0,12.1451416015625,-12.1451416015625,-0.11979572488812384,22,101.38209533691406,101.38209533691406,96.55437660217285,82.07122039794922,0.0,True,0.14247628318891745,70,178,59.333333333333336,0.8476190476190476,10.111180682674417,Paces
107572,0d15bbc5-0481-43f7-a4db-d4281c501a89,1d4cd8db-fb19-4790-81e5-f9827c6bc5f3,bd92ccf7-f8de-4eff-88ac-e99048c9a831,29,residential,,Knollwood Drive Northwest,227.21425836782248,False,False,False,True,False,False,True,False,False,,True,[],0.11916802332945127,260.58404541015625,280.93194580078125,0.07427978515625,20.347900390625,-20.27362060546875,-0.08922688327772597,47,207.4564971923828,197.57762145996094,167.9409694671631,128.4254493713379,0.0,True,0.11916802332945127,36,0,0.0,0.0,9.74760265510583,Tuxedo Park
12192,84840a60-31cb-4c9f-89c7-dfe17b4ae3ac,8994fb0a-e951-49ec-a272-837478992842,f30faf91-ac02-488f-b3da-62b5727af1ba,0,tertiary,,Lynhurst Drive Southwest,185.47514740851707,False,False,False,True,False,False,True,False,False,,False,[],0.23707899767566545,251.85406494140625,261.28607177734375,4.1107330322265625,9.625350952148438,-5.514617919921875,-0.029732382560067012,39,146.42774200439453,126.90404510498047,39.047401428222656,39.047401428222656,29.285552978515625,True,0.23707899767566545,22,65,21.666666666666668,0.9848484848484849,9.673897649098656,Ivan Hill
1042,9b4ce745-83d2-47eb-8c62-0713206c95f4,9ce3158d-53e9-428a-8e94-f7a96071d15b,ce9d4865-9ddc-4d12-be30-ce6b26f2457b,0,residential,,Darrah Drive Southwest,107.9227671439842,False,False,False,True,False,False,True,False,False,,True,[],0.134360989402151,274.42529296875,280.8830871582031,6.457794189453125,0.39825439453125,6.059539794921875,0.05614700148519124,23,68.6781234741211,58.86696243286133,44.15022277832031,34.33906173706055,0.0,True,0.134360989402151,66,0,0.0,0.0,9.570402449839223,Deerwood
12698,89e9779c-8d51-42e5-8db1-acd4ce7f4dc9,d32ee9de-3387-4738-94a4-82e2f193570f,991d856a-de4e-4f0d-9c40-9e72b5336bb8,2,tertiary,,Delmar Lane Northwest,189.6063305636079,False,False,False,True,False,False,True,False,False,,False,[],0.11983449591897273,269.1123046875,282.78790283203125,13.67559814453125,-0.0,13.67559814453125,0.07212627675429985,39,149.689208984375,134.7202911376953,89.81352424621582,54.886043548583984,0.0,True,0.11983449591897273,42,0,0.0,0.0,9.54297919937715,Adamsville
8945,b64e9de4-0b0b-4383-b59e-c7dfe40d8cd2,da74878d-6964-4b8c-a1ea-c4717d004561,ebc44334-1a9a-466b-8b9a-a3f39131e202,0,residential,,Handy Drive Northwest,68.76369626819537,False,False,False,True,False,False,True,False,False,,True,[],0.19591618636952837,269.3773193359375,280.69659423828125,0.0,11.31927490234375,-11.31927490234375,-0.1646112085938137,15,68.7636947631836,68.7636947631836,68.7636947631836,68.7636947631836,49.116926193237305,True,0.19591618636952837,70,210,70.0,1.0,9.430344793476184,Collier Heights
8683,091f738b-6564-4bff-b22b-d1fe03aa2da3,da74878d-6964-4b8c-a1ea-c4717d004561,5d828d38-7eb2-48ae-8c2d-55047aa1a0b3,0,residential,,West Handy Drive Northwest,121.7288875259997,False,False,False,True,False,False,True,False,False,,True,[],0.13713355881425773,275.1917419433594,280.69659423828125,1.451568603515625,5.504852294921875,-4.05328369140625,-0.0332976313939068,26,68.16817855834961,48.69155502319336,38.953243255615234,34.08408737182617,0.0,True,0.13713355881425773,56,160,53.333333333333336,0.9523809523809524,9.348144711886873,Collier Heights
14692,b6821b70-f470-406e-b708-c489c0e4ae69,7959b0af-fb2f-41f9-a166-d8700aee9ed0,2bd22dbf-c6c4-4b0c-9fca-42582d7b99f1,0,tertiary,,Niskey Lake Road Southwest,158.01539370890643,False,False,False,True,False,False,True,False,False,,False,[],0.08333346208695196,286.8377990722656,292.13751220703125,0.01318359375,5.299713134765625,-5.286529541015625,-0.03345578766933795,33,69.13173294067383,44.441829681396484,9.875961303710938,0.0,0.0,True,0.08333346208695196,70,210,70.0,1.0,9.217578874557159,Niskey Lake
86034,6bd13b65-2328-4537-8f90-0ec5bba29d10,06f688e6-43dd-46bd-ad29-a28b93863c81,f786d309-f048-47d0-b706-147af724500f,0,service,,,107.06084599279093,False,False,False,True,False,False,True,False,False,,False,[],0.11599610566137127,303.5498046875,310.2639465332031,0.0,6.714141845703125,-6.714141845703125,-0.06271332793973268,23,82.72883224487305,58.39682388305664,38.93121671676636,14.599206924438477,0.0,True,0.11599610566137127,70,0,0.0,0.0,8.693048842782902,Candler Park
91829,87bdfdd0-71bf-4ba7-b14d-b897d9250404,2ecebf92-397d-4c93-8814-ea1f034d5a1c,4bed4781-0c0b-4de7-a81a-6bc5ba55adae,1,footway,,,154.87758765364285,False,False,False,True,False,False,True,False,False,shared_path,True,[],0.10014018648773292,270.42376708984375,275.58087158203125,4.028656005859375,5.1571044921875,-1.128448486328125,-0.007286066739717152,32,129.8973388671875,94.92498731613159,39.968406677246094,4.9960479736328125,0.0,True,0.10014018648773292,56,5,1.6666666666666667,0.029761904761904764,8.685303485827358,Morningside/Lenox Park
107075,543f324f-3ca3-42f6-a3ac-0e0110791155,f012bc9c-71eb-42bf-aa3d-7c16107f0ff3,3fbae3fe-e0f4-433e-afd8-fb7d483cecfd,2,primary,,Northside Drive Northwest,213.36315850677894,False,False,False,True,False,False,True,False,False,,False,[],0.09517014877639259,278.05072021484375,288.2081604003906,10.166259765625,0.668060302734375,9.498199462890625,0.0445165861782706,44,143.89608764648438,124.04833984375,59.54320526123047,0.0,0.0,True,0.09517014877639259,42,0,0.0,0.0,8.528437486166299,Castlewood
1636,2e529da2-a757-48f6-b2f2-0acb1b9ec650,5da0907f-f510-44f3-beb3-d63aa27cca24,3cedcd28-7b97-45f0-9ea8-a3b4d5de02a7,0,tertiary,,Barge Road Southwest,98.33126090062098,False,False,False,True,False,False,True,False,False,,False,[],0.12863580499795166,270.4376220703125,280.2165832519531,9.778961181640625,-0.0,9.778961181640625,0.0994491590354949,21,98.33126068115234,93.41469764709473,73.74844551086426,58.998756408691406,0.0,True,0.12863580499795166,66,0,0.0,0.0,8.348287795593894,
15967,ad5cb41a-dedd-4923-b806-9a6b596e30a8,06d5b258-60bd-4367-a60f-3a5352c03362,1f8445c6-c8c1-429d-ba51-cd635724a32e,2,residential,,Willis Mill Road Southwest,327.4107810419792,False,False,False,True,False,False,True,False,False,,True,[],0.09609700131340566,283.6351013183594,301.75262451171875,5.43719482421875,18.117523193359375,-12.680328369140625,-0.03872911236474931,67,277.8030700683594,243.07769775390625,203.39154052734375,0.0,0.0,True,0.09609700131340566,26,0,0.0,0.0,8.180430506511705,Audobon Forest
48729,65b84f15-a700-46f4-bd8c-9afb06b874ad,c78c03c9-3e89-4ae2-b402-fba8885b7a58,723b250e-4422-4146-b267-78b80dd0f7d0,1,residential,,North Avenue Northwest,172.31161971588497,False,False,False,True,False,False,True,False,False,,True,[],0.11072816647347247,273.78741455078125,285.1046142578125,0.375457763671875,11.31719970703125,-10.941741943359375,-0.06349973531371922,36,128.00291442871094,113.23334503173828,88.61740112304688,34.46232604980469,0.0,True,0.11072816647347247,40,0,0.0,0.0,7.631899885285677,Grove Park
14664,2a8ea9a5-8047-4cee-b585-3c3ee2342488,ced32fdd-6ca7-4ae7-810a-e8eea9bf7bf9,17ae338f-0b3d-424c-9300-71d8e3445573,2,residential,,Niskey Lake Road Southwest,122.28251911947793,False,False,False,True,False,False,True,False,False,,True,[],0.08906400129774517,256.5898132324219,262.9643859863281,6.37457275390625,-0.0,6.37457275390625,0.05212987872207651,26,73.36951065063477,63.58690643310547,24.456497192382812,0.0,0.0,True,0.08906400129774517,70,0,0.0,0.0,7.623679309084111,Niskey Lake
23994,bce8315c-6c4f-41c8-b05c-fc40b64e5af6,c145ebc5-7bdf-4ac6-b54b-72afcf993f92,8005ca03-63e5-40b3-b51d-338de68e6007,0,residential,,Sylvan Place Southwest,106.74679229984383,False,False,False,True,False,False,True,False,False,,True,[],0.1292120167678756,296.8517150878906,304.1391296386719,7.28741455078125,-0.0,7.28741455078125,0.06826822768883657,23,87.33828353881836,53.37339782714844,43.66914367675781,33.96488952636719,0.0,True,0.1292120167678756,54,130,43.333333333333336,0.8024691358024691,7.448202890944753,Sylvan Hills
5178,3ea9b97e-2fcc-4628-b67d-4fece7fa9783,886d8d81-69f9-43cf-9c01-7c653a2e66a3,e0764ff2-086d-4bc8-8047-83f11261dd7d,2,tertiary,,Ridgewood Road Northwest,294.9023104600702,False,False,False,True,False,False,True,False,False,,False,[],0.09530147662644128,244.58447265625,257.0606689453125,3.2580108642578125,12.4761962890625,-9.218185424804688,-0.031258437154202796,60,209.93046188354492,149.95032501220703,84.97184753417969,0.0,0.0,True,0.09530147662644128,26,143,47.666666666666664,1.0,7.307202668322418,Ridgewood Heights
1645,a3b3dfbf-ca92-42dd-8105-7d04f0195f8e,93a52e7d-af7e-40c5-98ed-39685dd76128,614e106f-0578-4327-866f-a2f1ce8a33b0,0,tertiary,,Barge Road Southwest,112.46542267093994,False,False,False,True,False,False,True,False,False,,False,[],0.09691753677549007,273.4944763183594,280.72711181640625,0.0,7.232635498046875,-7.232635498046875,-0.06430985868866489,24,97.7960205078125,78.23681640625,44.008209228515625,0.0,0.0,True,0.09691753677549007,66,0,0.0,0.0,7.193915346870026,Ben Hill Forest
62205,cd44dc12-03fb-42ea-85b9-8fa5154bda4e,3f027f1c-1566-4f79-9041-47978f8084b9,77c54b46-9888-4482-baa3-c3471c49c766,0,residential,,Sagamore Drive Northwest,221.79248803307377,False,False,False,True,False,False,True,False,False,,True,[],0.10077737772012545,238.84010314941406,250.46559143066406,11.62548828125,0.3535919189453125,11.271896362304688,0.050821814781465816,46,142.9329376220703,113.36061096191406,73.93082427978516,14.786163330078125,0.0,True,0.10077737772012545,32,73,24.333333333333332,0.7604166666666666,7.152532909438553,Peachtree Battle Alliance
7514,cdf9fe6e-5255-45c8-90e2-0b65e8cf6160,8d8b30f6-12ca-4516-b6e5-56f39172ca8d,f776c127-d9fc-48e5-aa89-b512b2ca1ca0,0,tertiary,,Hightower Road Northwest,326.1718668065492,False,False,False,True,False,False,True,False,False,,False,[],0.10851583461724904,238.7920684814453,267.9232482910156,0.0,29.131179809570312,-29.131179809570312,-0.08931235965568862,67,326.171875,326.171875,276.75186824798584,59.303977966308594,0.0,True,0.10851583461724904,20,39,13.0,0.65,7.078962471035774,Carey Park
14669,59863864-838a-4aec-9cb7-49580338db29,225fe575-f234-466b-9b7b-ef0414251127,0e043aed-9b8c-4c44-b0a1-b37d851dd224,0,residential,,Niskey Lake Road Southwest,88.73354673995837,False,False,False,True,False,False,True,False,False,,True,[],0.11351135515942415,273.90765380859375,283.0283203125,9.12066650390625,-0.0,9.12066650390625,0.10278713274418612,19,88.7335433959961,88.7335433959961,88.7335433959961,54.22605323791504,0.0,True,0.11351135515942415,70,0,0.0,0.0,7.050585596988344,Niskey Lake
104770,980dcb14-c448-40a3-9c69-9be0bf31a037,b47ca91b-0a66-4631-9115-9ee632c52ee0,af95e7d1-9d67-41f5-8cd6-27aae1ea8d12,0,tertiary,,Powers Ferry Road Northwest,99.51578023857897,False,False,False,True,False,False,True,False,False,,False,[],0.09896555663142367,257.9453125,264.9512634277344,0.0,7.005950927734375,-7.005950927734375,-0.0704004038108112,21,99.51577758789062,79.61262035369873,29.854732513427734,0.0,0.0,True,0.09896555663142367,68,115,38.333333333333336,0.5637254901960784,6.697071517746552,Chastain Park
15223,6866f413-ec3c-4bb0-9bad-b77e64730d66,d4e67b4b-5d83-4bc1-ac1a-9a3f8b9c8ba0,106033ee-50e8-4bf1-bc23-c464ef876558,0,tertiary,,Mount Gilead Road Southwest,203.4459432992235,False,False,False,True,False,False,True,False,False,,False,[39.28852483 99.52657624],0.08519169977490498,262.2462158203125,267.8400573730469,5.0167236328125,5.593841552734375,-0.577117919921875,-0.0028367138969805296,42,183.5975570678711,104.20401763916016,14.88629150390625,0.0,0.0,True,0.08519169977490498,38,0,0.0,0.0,6.586124174348521,Briar Glen
48934,bda4c077-f73a-4eee-9994-be592a36b074,3e4b6401-a5a3-433d-b2f9-ff5d4e124f81,b631e06e-2a34-4724-ab0e-8adf67518727,0,cycleway,,Atlanta Beltline Westside Trail,292.01621882078643,False,False,False,True,False,False,True,False,False,dedicated_cycleway,True,[],0.11111522169401232,278.3953857421875,287.74090576171875,1.4146728515625,10.3072509765625,-8.892578125,-0.030452344691129608,60,133.63451385498047,113.8367919921875,64.3425464630127,14.848297119140625,0.0,True,0.11111522169401232,20,36,12.0,0.6,6.489489378503779,Historic Westin Heights/Bankhead
9847,1f3a3037-1d3c-4614-bbfb-0d8592ef77f6,4c9ee60d-354e-49b1-8844-ae62fce8e239,eae8db91-74bd-4029-a2f2-886ff68f2da8,0,residential,,North Avenue Northwest,436.52145559660113,False,False,False,True,False,False,True,False,False,,True,[],0.08214353278097263,267.6991271972656,279.051025390625,1.534271240234375,12.88616943359375,-11.351898193359375,-0.026005361461723643,89,203.37931060791016,69.44659614562988,9.920940399169922,0.0,0.0,True,0.08214353278097263,18,0,0.0,0.0,6.454334609531512,Grove Park
91830,87bdfdd0-71bf-4ba7-b14d-b897d9250404,4bed4781-0c0b-4de7-a81a-6bc5ba55adae,54b6551e-b77f-4082-89aa-8cc933a0450b,2,footway,,,114.15688535797591,False,False,False,True,False,False,True,False,False,shared_path,True,[],0.10076934309935363,269.8388671875,275.95458984375,6.11572265625,0.58489990234375,5.53082275390625,0.04844931463563801,24,84.37682723999023,69.48679733276367,49.63343048095703,4.963340759277344,0.0,True,0.10076934309935363,56,110,36.666666666666664,0.6547619047619048,6.441968034763214,Morningside/Lenox Park
9380,e2b6020e-262e-4b29-bdc6-18c18ccf343a,d7017685-6fee-40a1-9d34-0c367142b34b,be4f5be4-04a0-48e1-a5bb-8a7e69267885,2,residential,,North Grand Avenue Northwest,235.58519990666127,False,False,False,True,False,False,True,False,False,,True,[],0.10385758521632074,269.6432189941406,278.819580078125,9.23052978515625,2.689910888671875,6.540618896484375,0.02776328375254027,49,147.24075317382812,117.79260635375977,68.71234130859375,34.35618591308594,0.0,True,0.10385758521632074,26,0,0.0,0.0,6.361500593502608,Center Hill
15932,9ab92f9c-227b-49fc-84d2-9cb068332be4,a0e26b62-08cd-4937-987b-fea00e342f20,f8ed593a-ffb7-43c1-99d7-d2147d61473b,0,residential,,Willis Mill Road Southwest,232.54465344641466,False,False,False,True,False,False,True,False,False,,True,[],0.103738861055985,283.8655090332031,306.4829406738281,22.617431640625,-0.0,22.617431640625,0.09726059881971486,48,232.54464721679688,232.54464721679688,212.7536163330078,148.4327449798584,0.0,True,0.103738861055985,26,28,9.333333333333334,0.358974358974359,6.272218548229346,Audobon Forest
8968,b3052eb8-c8ee-4e2a-b0b4-4870c11aa555,ed1b1d18-124d-46ea-befd-a4c0aaee868a,2c1c97d3-cb1a-4390-adb5-51b0b252a3b0,0,residential,,Baker Ridge Drive Northwest,481.503563559685,False,False,False,True,False,False,True,False,False,,True,[],0.10699069833209351,275.3923645019531,296.7658996582031,2.186614990234375,23.560150146484375,-21.37353515625,-0.04438915194656022,98,402.0802917480469,223.37792587280273,89.3511962890625,29.783721923828125,0.0,True,0.10699069833209351,12,0,0.0,0.0,6.181968301757073,Collier Heights
1637,2e529da2-a757-48f6-b2f2-0acb1b9ec650,3cedcd28-7b97-45f0-9ea8-a3b4d5de02a7,672e5e47-b59c-44d7-996a-4964d87faae3,1,tertiary,,Barge Road Southwest,70.66136248937676,False,False,False,True,False,False,True,False,False,,False,[],0.13248717630773824,280.2165832519531,286.9910888671875,6.774505615234375,-0.0,6.774505615234375,0.09587284270771992,16,61.23984909057617,56.529090881347656,51.81833267211914,42.39681625366211,0.0,True,0.13248717630773824,66,0,0.0,0.0,6.178738097581539,Ben Hill Pines
8935,ac43b5c2-197f-4e84-8ad8-d28071ca12a3,457aa0a1-e891-41d3-86b4-c2d853e372a9,3eba903a-e1cd-4b1b-9556-f2338fb6964e,0,residential,,Baker Ridge Drive Northwest,241.4494846489135,False,False,False,True,False,False,True,False,False,,True,[],0.11592569310471897,262.0511779785156,276.87225341796875,14.821075439453125,-0.0,14.821075439453125,0.06138375428702119,50,241.44947814941406,137.97112655639648,59.13047790527344,19.710159301757812,0.0,True,0.11592569310471897,22,0,0.0,0.0,6.1578437486945505,Collier Heights
54860,0efc3f0a-8c3f-4c80-91d9-d18993746f49,5a506798-d8d0-4d43-8d78-2a3fa8e10c00,5db2274f-d55c-4f37-bd7b-0358f0aa4fb0,3,residential,,Rockdale Street Northwest,346.192344234149,False,False,False,True,False,False,True,False,False,,True,[],0.1237091772981812,278.86065673828125,293.54425048828125,14.68359375,8.079833984375,6.603759765625,0.01907540626431645,71,281.8994903564453,212.66102981567383,133.53132915496826,79.12968826293945,0.0,True,0.1237091772981812,14,0,0.0,0.0,5.995803812898945,Rockdale
8939,fa44af21-d45b-4c9d-96ca-09041bcf1c20,457aa0a1-e891-41d3-86b4-c2d853e372a9,7f9c90f8-3d84-478d-95ea-1815689faaca,0,residential,,Waterford Road Northwest,482.65755169998937,False,False,False,True,False,False,True,False,False,,True,[],0.12090230544192236,250.33311462402344,266.3291931152344,4.3385009765625,15.996078491210938,-11.657577514648438,-0.024152895191702585,98,223.91329956054688,179.13064575195312,99.51702880859375,34.830963134765625,0.0,True,0.12090230544192236,10,0,0.0,0.0,5.835441073948255,Collier Heights
9010,d61a45c0-1b76-496f-967d-0a783a4277d0,554d5933-b5bb-4b6a-bfac-3e4e87130940,2c1c97d3-cb1a-4390-adb5-51b0b252a3b0,0,residential,,Collier Ridge Drive Northwest,397.41749663977834,False,False,False,True,False,False,True,False,False,,True,[],0.1048518878008625,270.4023132324219,277.6208801269531,9.316192626953125,9.34527587890625,-0.029083251953125,-7.318060012238745e-05,81,283.1599864959717,149.03156089782715,44.70945739746094,19.870864868164062,0.0,True,0.1048518878008625,14,50,16.666666666666668,1.0,5.833796467488316,Collier Heights
104593,a0635cd7-e038-4514-bcf5-ff768bd26ace,9f65a77e-8db3-4c16-8179-577240f6af1f,a5f58050-9c4d-44e5-9ade-d455cc53f56d,2,residential,,Tuxedo Road Northwest,180.4492720438522,False,False,False,True,False,False,True,False,False,,True,[],0.08830500016425781,261.3860168457031,272.9309997558594,11.54498291015625,-0.0,11.54498291015625,0.06397910759270121,38,180.4492645263672,141.4332046508789,39.01605987548828,0.0,0.0,True,0.08830500016425781,36,1,0.3333333333333333,0.009259259259259259,5.736446279090126,Tuxedo Park
5236,df20d9c3-f2fa-4569-a557-d39e4fa8b8ab,bf636842-c512-4f5e-b0c8-79ff354fc5b4,7ee9a077-3f55-45d1-ad7f-f16f4611d088,0,residential,,Ridgewood Road Northwest,234.66206610888162,False,False,False,True,False,False,True,False,False,,True,[],0.09328594262382758,238.972900390625,249.81869506835938,10.845794677734375,-0.0,10.845794677734375,0.046218781644591166,48,114.83462524414062,89.87057495117188,49.9281005859375,0.0,0.0,True,0.09328594262382758,26,143,47.666666666666664,1.0,5.691574729105711,Ridgewood Heights
9814,caaec4ef-02c4-4c05-ad01-ccd6ad8265f4,94b28c51-99f5-4d98-9c1f-38305c0edb89,f6aea08c-3ee3-430a-a2ee-0a4e13021fde,0,residential,,North Avenue Northwest,329.72165027265146,False,False,False,True,False,False,True,False,False,,True,[],0.0956921723619748,264.31451416015625,273.39178466796875,9.2547607421875,4.800567626953125,4.454193115234375,0.013508949522871364,67,224.8102035522461,94.91987609863281,39.96626281738281,0.0,0.0,True,0.0956921723619748,18,0,0.0,0.0,5.679320578085761,Grove Park
60086,6bf36f05-c744-4ce5-b863-cfe6696207b3,91494777-33b0-4b3d-894b-01294758ea97,17a7266f-827f-4dc6-bdf7-43551b70a265,0,trunk,,Northside Drive Northwest,130.25166720166055,False,False,False,True,True,False,True,True,False,,False,[45.03659096 90.75093211],0.0864766897045808,261.73822021484375,265.9375915527344,0.0469970703125,4.199371337890625,-4.152374267578125,-0.03187962568237546,28,48.24135971069336,38.59308624267578,9.648271560668945,0.0,0.0,True,0.0864766897045808,50,0,0.0,0.0,5.631866504051163,Berkeley Park
47640,9a351167-2e62-4f73-81a6-c6e5bbc66791,0ae91575-4a24-4a50-8900-9e6a0a6650fa,314b6d44-c732-4bd0-9ec9-65c09854e0fa,1,primary,,Memorial Drive Southeast,113.70554371161754,False,False,False,True,False,False,True,False,False,,False,[],0.1043976394478876,293.2893981933594,302.5409240722656,0.0,9.25152587890625,-9.25152587890625,-0.08136389478175526,24,113.7055435180664,113.7055435180664,39.54975128173828,9.887443542480469,0.0,True,0.1043976394478876,46,0,0.0,0.0,5.460471563590477,The Villages at East Lake
32808,ef3aca97-40ac-4594-a158-8089c581c40a,b326dad2-fcf5-4dd9-8206-6b8813a77617,ef4bce36-2ab4-4a2d-bf47-fa97bf6658bf,1,tertiary,,Capitol Square Southwest,135.84219026270242,False,False,False,True,False,False,True,False,False,,False,[],0.12451706979159746,311.84429931640625,316.5391845703125,0.0,4.69488525390625,-4.69488525390625,-0.03456131802177218,29,67.92109870910645,43.66356658935547,19.406028747558594,9.703014373779297,0.0,True,0.12451706979159746,32,0,0.0,0.0,5.412694875387001,Downtown
107658,07503eb1-0d2c-460d-8678-404427def0b4,12d4f92b-2f3e-4a2b-8e4c-a6fe2d7b62ee,21d79626-6bcc-4ec0-bd52-3a1b9f9a8664,1,tertiary,,Habersham Road Northwest,125.8095144068996,False,False,False,True,False,False,True,False,False,,False,[],0.08416440360521013,287.25079345703125,290.4151916503906,1.565032958984375,3.164398193359375,-1.599365234375,-0.012712593400709092,27,72.58241271972656,33.87179183959961,4.838828086853027,0.0,0.0,True,0.08416440360521013,50,1,0.3333333333333333,0.006666666666666666,5.294341373958898,Tuxedo Park
15295,fc3d1d15-dd9a-4145-bb84-d99687e4008c,dc19d5ca-e094-4dea-ae06-679692eb317b,20a282f2-3514-4c1f-ac96-d5188f107180,1,residential,,Panther Trail Southwest,147.2280883234536,False,False,False,True,False,False,True,False,False,,True,[],0.09399776855571844,282.45428466796875,291.2904052734375,0.0,8.83612060546875,-8.83612060546875,-0.060016541019863735,31,147.22808837890625,147.22808837890625,14.722808837890625,0.0,0.0,True,0.09399776855571844,38,0,0.0,0.0,5.258862473028968,Southwest
15949,fcdb789e-2572-400a-bd8f-1b432cf2a108,dce44af1-456b-4e06-9437-e1d68ee77b5e,3d1952cb-588e-4e16-983a-5c320e705e41,0,residential,,Audubon Circle Southwest,197.12410276619897,False,False,False,True,False,False,True,False,False,,True,[],0.10123572231390629,296.5372314453125,304.99224853515625,8.45501708984375,2.842987060546875,5.612030029296875,0.028469527759124837,41,162.62737846374512,123.20256233215332,54.20912170410156,9.856216430664062,0.0,True,0.10123572231390629,26,0,0.0,0.0,5.188560241544381,Audobon Forest
62618,831e80e0-b9c7-407b-b47d-7812d0735b0b,01e12f89-9675-48e1-803a-5412a49c0f4c,80d5a55d-09f2-4659-a7c8-cc7cac0b6492,0,residential,,Dellwood Drive Northwest,140.13687761589603,False,False,False,True,False,False,True,False,False,,True,[],0.1409611923331965,240.87307739257812,257.47113037109375,16.598052978515625,-0.0,16.598052978515625,0.1184417264354024,30,140.13687133789062,140.13687133789062,125.63996124267578,111.1430435180664,0.0,True,0.1409611923331965,26,0,0.0,0.0,5.136003953232864,Peachtree Battle Alliance
108910,3ba1c195-6acb-402e-9320-511774629fe8,401c4516-83c7-48ae-aac3-f97025b0695a,5a59e6f7-d68d-4881-a414-720ebe4ed67f,1,service,,,143.3763791087402,False,False,False,True,True,False,True,True,False,,False,[],0.09357721431867178,303.4515380859375,307.2164611816406,0.0,3.764923095703125,-3.764923095703125,-0.026259020292425307,30,44.49612045288086,19.77605438232422,14.832038879394531,0.0,0.0,True,0.09357721431867178,38,42,14.0,0.3684210526315789,5.098369619315612,Buckhead Village
55854,a37687ba-f1fd-4478-88dd-7b0e8d62e4d1,6d26de47-1682-424e-b0f1-f47f6f01ffda,2d0c8076-5e49-4337-b702-cd35339e3720,1,residential,,Defoors Walk Northwest,37.76378441363963,False,False,False,True,False,False,True,False,False,,True,[],0.1892287650996732,275.9523010253906,281.43939208984375,0.0,5.487091064453125,-5.487091064453125,-0.1453003419347344,9,37.76378631591797,37.76378631591797,37.76378631591797,37.76378631591797,18.881893157958984,True,0.1892287650996732,70,210,70.0,1.0,5.0021960030583195,Underwood Hills
8659,a03e1eae-1add-4763-b5fb-3c2d30165936,5f133fe6-7117-4776-a6be-40a9054815f9,751de0f7-b09b-4e28-9a87-162c91399d2d,0,residential,,Albert Street Northwest,213.5762605057592,False,False,False,True,False,False,True,False,False,,True,[],0.10254677275659733,293.9392395019531,298.9333190917969,2.94940185546875,4.99407958984375,-2.044677734375,-0.009573525173441556,44,109.27157211303711,49.66889953613281,29.801345825195312,4.966888427734375,0.0,True,0.10254677275659733,22,0,0.0,0.0,4.818342375503343,Collier Heights
1043,a3ea0683-9684-4de7-843a-8f6700561a06,53fce177-983e-42fe-ad1f-2b618a989993,ce9d4865-9ddc-4d12-be30-ce6b26f2457b,0,tertiary,,North Camp Creek Parkway Southwest,79.60414123050487,False,False,False,True,False,False,True,False,False,,False,[],0.08986730908717301,274.9864196777344,280.4848327636719,5.4984130859375,-0.0,5.4984130859375,0.06907194777318568,17,79.60414123535156,64.67836475372314,24.876293182373047,0.0,0.0,True,0.08986730908717301,66,0,0.0,0.0,4.7215145766232975,Deerwood
57049,c55d8758-85ab-4c09-a686-6fa63f3f7040,2d06c1bd-50d3-4fa2-afb5-c653003f1cc6,ee278e80-c9df-4c5c-a357-fe6ebcb3efc6,0,residential,,Bohler Road Northwest,269.4462930764832,False,False,False,True,False,False,True,False,False,,True,[],0.10825117428319797,241.48318481445312,264.5402526855469,0.0,23.05706787109375,-23.05706787109375,-0.08557203720013193,55,269.4462890625,269.4462890625,129.7333984375,49.8974609375,0.0,True,0.10825117428319797,16,0,0.0,0.0,4.666860421085443,Cross Creek
91643,30d6cea0-e2eb-4459-ba0f-cbcdefb76bbc,0d5d6ac2-bde8-42e7-949f-c34b90c541d6,01a314b5-efde-495a-8be7-f9ceec2c6c3e,4,residential,,Lanier Place Northeast,286.66569382532543,False,False,False,True,False,False,True,False,False,,True,[],0.11403097137494134,284.93048095703125,302.1192932128906,0.0606689453125,17.188812255859375,-17.128143310546875,-0.05974954279365188,59,242.1830768585205,153.21786499023438,69.19517517089844,49.42512512207031,0.0,True,0.11403097137494134,14,0,0.0,0.0,4.576427453748273,Morningside/Lenox Park
8916,3f5fd7a9-8cec-4ae7-aaa1-c5db2f8122bf,8a36f6af-984b-4a1c-b59f-af251edc643f,478e76e1-c8fe-4e43-9042-f1c52a138923,0,residential,,Larchmont Drive Northwest,190.59697358484277,False,False,False,True,False,False,True,False,False,,True,[],0.10792397925571608,288.1921691894531,292.9729309082031,4.78076171875,4.38726806640625,0.39349365234375,0.002064532574470039,40,112.40333938598633,92.85493469238281,53.75811195373535,9.774200439453125,0.0,True,0.10792397925571608,22,0,0.0,0.0,4.525396441142024,Collier Heights
15499,061106b2-dddb-4d3f-92e6-13d10ee029d7,a608074b-cbf8-4089-8729-76bc299df1b4,7ade343c-880b-4ea6-8140-61e50e5e7f06,0,residential,,Dodson Drive Southwest,348.1426428905372,False,False,False,True,False,False,True,False,False,,True,[],0.08079376328844791,268.78289794921875,281.9805603027344,14.49169921875,1.294036865234375,13.197662353515625,0.03790877895724889,71,218.83251953125,174.07131958007812,4.9734649658203125,0.0,0.0,True,0.08079376328844791,16,10,3.3333333333333335,0.20833333333333334,4.500440684850035,Southwest
43031,713f2328-4bb4-4725-9a02-db29b48e0ff4,21134855-535a-4734-8a93-5a4531f3d2fa,c63925f2-a2bc-4e67-8015-ff0c4dc64113,0,residential,,Benteen Way Southeast,398.2049159523798,False,False,False,True,False,False,True,False,False,,True,[],0.11284772515821888,276.157958984375,292.73358154296875,16.57562255859375,7.51348876953125,9.0621337890625,0.022757462823543063,81,268.78832244873047,223.99027252197266,154.3044137954712,54.753164291381836,0.0,True,0.11284772515821888,10,0,0.0,0.0,4.493651891204581,Benteen Park
54625,767e6da3-e785-4788-8e34-69fe03435d73,db5d6008-bdf2-4be9-99f0-8f475dcca6d4,76797669-a049-4a4a-a1f1-380c66adf61f,0,service,,,391.2565632637505,False,False,False,True,False,False,True,False,False,,False,[],0.18535035870039082,260.0266418457031,271.2482604980469,3.661407470703125,12.271636962890625,-8.6102294921875,-0.022006607286110463,80,153.53106689453125,123.81536102294922,64.38399505615234,39.62091064453125,19.810455322265625,True,0.18535035870039082,6,0,0.0,0.0,4.351172660689098,Grove Park
47048,e70740cb-0ced-419d-ab84-d244264be36a,bbd6ad3b-5c7d-4a8b-a570-c670ea06903b,edd0c505-7068-44ae-807d-c9d8c1b441d3,1,primary,,Memorial Drive Southeast,118.4211615677334,False,False,False,True,False,False,True,False,False,,False,[],0.08301983650231856,289.2761535644531,294.8668212890625,0.13861083984375,5.590667724609375,-5.452056884765625,-0.046039550569789464,25,78.94743728637695,64.14479064941406,9.868431091308594,0.0,0.0,True,0.08301983650231856,44,0,0.0,0.0,4.325774407577867,Kirkwood
10433,660524d0-c1c8-4d79-93e5-f74263b6dc78,c24a961b-a414-4a4a-81b1-eb114bc9f6ce,7c912b09-7597-44a6-ba96-f0d7db4f994d,3,secondary,,Hamilton E Holmes Drive Northwest,151.98489873484215,False,False,False,True,False,False,True,False,False,,False,[],0.09449558987382745,288.62298583984375,299.8348693847656,0.0,11.211883544921875,-11.211883544921875,-0.07376972319211059,32,151.98489379882812,142.17942810058594,63.73560333251953,0.0,0.0,True,0.09449558987382745,30,55,18.333333333333332,0.611111111111111,4.308570797358852,Florida Heights
107089,7c435da1-34eb-4489-a4f3-0b00a54b8552,2762e73c-fd25-4041-9e5f-6755f2e6788c,afb21999-7c0c-4cd6-98d1-08d37d7e67d6,0,residential,,Castlewood Drive Northwest,441.8289619683818,False,False,False,True,False,False,True,False,False,,True,[],0.12158747917601569,272.1726989746094,283.2050476074219,14.916717529296875,11.0323486328125,3.884368896484375,0.00879156720151354,90,372.3277587890625,198.57479667663574,119.14485168457031,74.46554565429688,0.0,True,0.12158747917601569,8,0,0.0,0.0,4.2976695770152995,Castlewood
51458,a3dafacb-acba-4382-8f04-a76db65ae906,3d635686-f74f-4eb0-be88-1ab1d264f9f5,53d9c9d2-8d95-4533-81a0-6b697a4d8c74,1,residential,,Oliver Street Northwest,159.1043300351288,False,False,False,True,False,False,True,False,False,,True,[],0.08406434795618324,271.7628173828125,274.4713134765625,1.033447265625,2.70849609375,-1.675048828125,-0.010527990581430377,33,39.77608108520508,29.832061767578125,4.972009658813477,0.0,0.0,True,0.08406434795618324,32,0,0.0,0.0,4.280000563650715,English Avenue
50597,d94a2333-9f2b-456c-9b7e-fa55b5d89078,4e75f8d3-718a-46f6-8586-30cb88d6b2da,c50a556a-173d-4c4d-8fab-38c68a679da4,0,residential,,Carter Street Northwest,168.9242319161817,False,False,False,True,False,False,True,False,False,,True,[],0.10534801977233256,300.3702087402344,307.2110900878906,2.856903076171875,6.84088134765625,-3.983978271484375,-0.02358441055413528,35,139.11406707763672,84.46210670471191,49.68359375,24.841796875,0.0,True,0.10534801977233256,24,2,0.6666666666666666,0.027777777777777776,4.27099999774368,Vine City
75421,2470b465-3dff-4d3d-8883-171c90b04168,84792bf5-158b-4eee-b9b0-0811bc252ff1,4c9cefd4-e77d-43e3-9640-a7627249f977,0,secondary,,Mitchell Street Southwest,113.06604324778978,False,False,False,True,True,False,True,True,False,,False,[],0.08974778804325052,314.92462158203125,319.6071472167969,4.682525634765625,0.721832275390625,3.960693359375,0.035029911350982525,24,73.73872375488281,54.07506465911865,19.663658142089844,0.0,0.0,True,0.08974778804325052,42,44,14.666666666666666,0.3492063492063492,4.2619194594024865,Castleberry Hill
8907,4d79fa76-5abd-499c-bd84-c0ff958188df,3dfd6a1c-be70-482b-a257-ec2dbabafc00,6c93c683-dd7a-4adb-a4df-e1f5ec7cee44,3,secondary,,Collier Drive Northwest,579.8211509201377,False,False,False,True,False,False,True,False,False,,False,[],0.08931613234099971,245.99781799316406,276.8149719238281,0.468963623046875,30.817153930664062,-30.348190307617188,-0.05234060437125452,117,509.8427505493164,439.8643341064453,64.97994995117188,0.0,0.0,True,0.08931613234099971,8,0,0.0,0.0,4.1429906119755024,Collier Heights
18640,48acc733-6f44-4dac-ab5e-880d358cd7b5,862c9c6b-7631-4d5e-b144-23d4f964cf0d,916beb2a-59e0-4ee2-b927-2e14b05149e2,0,footway,,,47.55995384899981,False,False,False,True,False,False,True,False,False,shared_path,True,[],0.4227676935486054,307.58538818359375,312.9845275878906,4.668212890625,5.399139404296875,-0.730926513671875,-0.015368528092552534,11,47.55995559692383,42.803958892822266,42.803958892822266,42.803958892822266,28.535972595214844,True,0.4227676935486054,20,0,0.0,0.0,4.021362398803953,Westview
88383,da581e06-f5c3-4dc9-b625-a60922d6f6ca,f8fdaccb-37f8-427e-8b8c-937e82929b91,17f964c5-18ae-435e-800c-afff911644fc,1,residential,,Barnett Street Northeast,94.24752718462827,False,False,False,True,False,False,True,False,False,,True,[],0.08413197184116745,290.72222900390625,295.98919677734375,5.2669677734375,-0.0,5.2669677734375,0.05588441289601441,20,74.40594291687012,59.52475357055664,19.84158706665039,0.0,0.0,True,0.08413197184116745,50,197,65.66666666666667,1.0,3.9646151515984047,Virginia Highland
85955,c49ce1ff-a6b9-462b-b33a-266f849b0781,f4354d54-9731-46d0-9edf-a47ebd2e4c97,c8c7e4eb-2cc0-45e1-93c8-37433632c3e8,0,service,,,58.14967814381283,False,False,False,True,True,False,True,True,False,,False,[],0.09590183098624812,309.5901794433594,311.31195068359375,0.410125732421875,1.721771240234375,-1.3116455078125,-0.022556367795012053,13,29.07483720779419,19.383224487304688,9.691612243652344,0.0,0.0,True,0.09590183098624812,70,0,0.0,0.0,3.903662423676865,Candler Park
52199,d54e8ff1-761d-4023-82b3-21ec18213532,fc385b78-eed9-4455-a6ba-9e50c6e7b20a,79bcb023-ae2b-4282-8812-539b86dc93e7,0,residential,,Oliver Street Northwest,147.49337363018515,False,False,False,True,False,False,True,False,False,,True,[],0.08269911141362804,280.9122314453125,283.2981872558594,0.605804443359375,2.385955810546875,-1.7801513671875,-0.012069364707226039,31,24.582229614257812,19.665782928466797,4.916445732116699,0.0,0.0,True,0.08269911141362804,32,0,0.0,0.0,3.903222700356656,English Avenue
47969,b479dfb5-b0ad-488e-8314-edf6efe60e25,629b67f3-6645-4f28-b024-ba55e06b9331,26707d6e-06ab-471c-93f3-2967c030a63f,0,primary,,Memorial Drive Southeast,87.75364198179844,False,False,False,True,False,False,True,False,False,,False,[],0.09378367064291611,300.47772216796875,307.82000732421875,7.34228515625,-0.0,7.34228515625,0.0836692953296566,19,87.7536392211914,87.7536392211914,73.12803649902344,0.0,0.0,True,0.09378367064291611,46,0,0.0,0.0,3.7857349823751862,The Villages at East Lake
110527,3826388a-cfe4-4f98-a10a-694d837ea33f,7a381f2a-3625-41b2-b348-21b955ae5884,b8b94d5e-3ed5-4e52-bd8c-d800438d4f5b,1,service,,,69.1169136522424,False,False,False,True,False,False,True,False,False,,False,[],0.143107935193141,297.6846008300781,303.5055236816406,5.8209228515625,-0.0,5.8209228515625,0.0842185018431904,15,64.17999029159546,54.30614757537842,34.55845642089844,24.68461036682129,0.0,True,0.143107935193141,38,0,0.0,0.0,3.7586479438841103,Buckhead Village
62320,30b7885a-8f39-419c-b409-23045a01e2ac,b1359206-b231-482b-be04-fe54588f4362,2cbdbee1-70a8-4e81-ab81-14218c9b3a7f,2,footway,,,129.41639479737887,False,False,False,True,False,False,True,False,False,shared_path,True,[],0.11151746273094856,261.6586608886719,267.7452392578125,0.0,6.086578369140625,-6.086578369140625,-0.047030967526360226,27,104.52862787246704,34.842872619628906,14.932662963867188,4.9775543212890625,0.0,True,0.11151746273094856,26,0,0.0,0.0,3.7523688757335107,Peachtree Battle Alliance
78928,bb8c51ca-0607-4b11-aa8a-d5e9f0860d4d,06b035a1-9cb0-477c-a9a6-e39cc89d4a7a,0135a27f-79ac-4e50-9704-6007fd64059f,1,secondary,,Peachtree Street Northeast,41.5556424806814,True,False,True,True,False,False,True,False,False,,False,[],0.2043299914490724,301.3724060058594,309.86334228515625,0.0,8.490936279296875,-8.490936279296875,-0.20432692263558971,10,41.555641174316406,41.555641174316406,41.555641174316406,41.555641174316406,41.555641174316406,True,0.2043299914490724,44,51,17.0,0.38636363636363635,3.7360681920048693,Downtown
38859,714b8c16-58a4-48f0-8492-d894eafcb065,6ad7250e-3ead-4391-bae7-2a6196425163,9cfc1899-0a56-464c-8539-b1e7dc60542a,0,residential,,Cassanova Street Southeast,215.0213917882354,False,False,False,True,False,False,True,False,False,,True,[],0.1237600112406913,295.200927734375,308.4161376953125,13.2152099609375,-0.0,13.2152099609375,0.06145997748168737,45,171.03974533081055,97.73699951171875,73.30274963378906,39.09480285644531,0.0,True,0.1237600112406913,14,0,0.0,0.0,3.7255469810581543,Chosewood Park
14670,59863864-838a-4aec-9cb7-49580338db29,0e043aed-9b8c-4c44-b0a1-b37d851dd224,f41f33f0-b57f-4b41-8dc5-f808f582f774,1,residential,,Niskey Lake Road Southwest,57.73181842222767,False,False,False,True,False,False,True,False,False,,True,[],0.09194630346978161,283.0283203125,285.8204650878906,2.792144775390625,-0.0,2.792144775390625,0.04836405324417456,13,43.29886245727539,19.243940353393555,9.621970176696777,0.0,0.0,True,0.09194630346978161,70,0,0.0,0.0,3.715759107558731,Niskey Lake
20876,38b09c5c-35be-4573-878f-0bda2cf20407,c87a278d-6b3d-4dd5-9221-8caf47a7ddf9,629ccc4f-4dc4-43f4-a2b8-9aed5922d2dd,0,service,,,68.9469048704235,False,False,False,True,False,False,True,False,False,,False,[],0.1260168458298283,307.73974609375,311.18402099609375,0.041900634765625,3.44427490234375,-3.402374267578125,-0.049347743263285455,15,39.39823341369629,29.548675537109375,19.699119567871094,9.849559783935547,0.0,True,0.1260168458298283,42,0,0.0,0.0,3.6491580222299986,Oakland City
54832,7d2eef1c-1564-48e2-9b8e-b76ba1615642,0988840c-2573-4be8-8256-716b5b738779,f9e08762-31c8-4e97-b431-a19cedfc26e4,1,unclassified,,Lois Street Northwest,485.15326743929927,False,False,False,True,False,False,True,False,False,,False,[],0.09395911095768388,265.3656311035156,286.3018798828125,21.951446533203125,1.01519775390625,20.936248779296875,0.04315388669238727,99,292.0820617675781,198.02174377441406,89.10977554321289,0.0,0.0,True,0.09395911095768388,8,1,0.3333333333333333,0.041666666666666664,3.6467655749449603,Grove Park
7284,b476f3df-f7e2-47e0-ba0f-129dbb14a104,bccfde05-6ca2-42de-bcf4-763e6a31a398,f0c61f0e-9aec-4765-b5e9-a44434ec8091,0,pedestrian,,,274.60219786619706,False,False,False,True,False,False,True,False,False,car_free_street,True,[],0.09376967415022952,258.27362060546875,274.0773620605469,15.803741455078125,1.124969482421875,14.67877197265625,0.05345467659239411,56,234.66006469726562,169.75408935546875,114.83364868164062,0.0,0.0,True,0.09376967415022952,14,6,2.0,0.14285714285714285,3.604910206079021,Rockdale
86069,e1590198-213b-493e-bad3-3da2c99829c7,17d7cfea-2985-4c1d-b91a-0415ec4fd894,86ebe57b-3f67-4305-b5b3-d14a801414d7,1,footway,,,62.51344270881482,False,False,False,True,False,False,True,False,False,shared_path,True,[],0.08095965463475698,303.2291564941406,307.17242431640625,0.0,3.943267822265625,-3.943267822265625,-0.06307871768791917,14,62.51344299316406,52.895989418029785,4.808725357055664,0.0,0.0,True,0.08095965463475698,70,210,70.0,1.0,3.54274671221472,Candler Park
60137,aa8e7f4f-febb-48bb-96a2-17e30bd790d4,acdada88-4cbe-447a-b989-c676be1ffa66,26e54087-d39f-4a40-975a-c7a3c30d9669,2,trunk,,Northside Drive Northwest,86.32249830143606,False,False,False,True,False,False,True,False,False,,False,[],0.08832592776428178,280.403076171875,287.4632568359375,0.0,7.0601806640625,-7.0601806640625,-0.08178842263998058,19,86.32249450683594,86.32249450683594,71.93541717529297,0.0,0.0,True,0.08832592776428178,46,0,0.0,0.0,3.5072767847262902,Loring Heights
51639,34a8d19a-5885-4347-9f4b-921296c6a412,4e4dd5ba-d85f-40d1-b26a-2199bfb62b5c,611e84b3-ea33-4a90-8b23-6e8ca2216130,0,residential,,Marie Avenue Northwest,83.10400272469305,False,False,False,True,False,False,True,False,False,,True,[],0.10994759393070491,292.7062683105469,296.41217041015625,2.08941650390625,3.705902099609375,-1.616485595703125,-0.019451356369383714,18,73.32706069946289,63.55012130737305,34.21929359436035,9.776941299438477,0.0,True,0.10994759393070491,38,0,0.0,0.0,3.4720923553244836,Washington Park
87420,05800851-fe23-407f-91cd-8dcb4826baca,7c52a84a-b5ba-452c-a3e8-72d61f3c2f22,98a95b2b-ac43-4373-a5db-26011516bd40,0,footway,,,56.44444858207267,False,False,False,True,False,False,True,False,False,shared_path,True,[],0.09198019866217698,290.2801513671875,295.05584716796875,4.77569580078125,-0.0,4.77569580078125,0.0846087749772346,13,56.44445037841797,56.44445037841797,42.33333778381348,0.0,0.0,True,0.09198019866217698,66,134,44.666666666666664,0.6767676767676767,3.426569252011011,Candler Park
15868,7f945d6b-6b03-4b8d-9cdc-be8edcb46928,4d785add-1073-49bd-8c54-bdd704b4d6b8,d3138045-5ae7-49f0-ba3e-4cdb6035452d,0,residential,,Oakcrest Drive Southwest,258.6475306105792,False,False,False,True,False,False,True,False,False,,True,[],0.13059877199360076,279.8709716796875,299.0296630859375,1.60748291015625,19.15869140625,-17.55120849609375,-0.06785763251174404,53,223.82958698272705,189.01165008544922,169.1156997680664,79.5838623046875,0.0,True,0.13059877199360076,10,0,0.0,0.0,3.3779049876918914,Magnum Manor
102389,f824e14b-5fbb-4786-95ba-3725992e678e,ba6d9b25-8667-4804-8e85-e65c6a752f4f,00268bd1-0d36-4705-9d70-ec8297b1f50b,1,residential,,Garraux Road Northwest,32.50817403803939,False,False,False,True,False,False,True,False,False,,True,[],0.14660713284608037,273.25372314453125,277.7590026855469,0.0,4.505279541015625,-4.505279541015625,-0.1385891258243688,8,32.508174896240234,32.508174896240234,32.508174896240234,32.508174896240234,0.0,True,0.14660713284608037,70,178,59.333333333333336,0.8476190476190476,3.336151132844839,Paces
54494,26a14f64-0589-462a-a68c-b27a1e0d7cb9,b069cbbf-0f44-4bd9-9332-523368a5bbcf,11206239-30e8-4b8c-8277-176ecc480b1c,0,cycleway,,Atlanta Beltline Westside Trail,183.19826321851113,False,False,False,True,False,False,True,False,False,dedicated_cycleway,True,[104.08320658 176.8646382 ],0.08702304779441505,280.58050537109375,283.97479248046875,0.36395263671875,3.394287109375,-3.03033447265625,-0.016541284370811756,38,34.65913009643555,29.70782470703125,9.902610778808594,0.0,0.0,True,0.08702304779441505,20,32,10.666666666666666,0.5333333333333333,3.1884942431836647,Historic Westin Heights/Bankhead
8684,6769afa2-4c65-400e-9972-e4ecca5505b5,5d828d38-7eb2-48ae-8c2d-55047aa1a0b3,e7818bea-1cc7-41d5-96fc-ac0da3080c65,0,residential,,Oldknow Drive Northwest,213.1651730561808,False,False,False,True,False,False,True,False,False,,True,[],0.14779451711151845,266.71832275390625,276.643310546875,1.17822265625,11.032440185546875,-9.854217529296875,-0.04622808329252563,44,128.8905792236328,89.23194122314453,59.48796081542969,44.61595916748047,0.0,True,0.14779451711151845,10,0,0.0,0.0,3.1504643816831503,Collier Heights
51656,22f53301-0c56-4041-87e6-6fb74d198bbe,6761a045-0476-417f-9049-bc1c823f0d9b,c45d649b-ce00-4927-affd-a5cc629afc6d,0,residential,,Ollie Street Northwest,88.42868720182788,False,False,False,True,False,False,True,False,False,,True,[],0.09350257976339964,297.87939453125,300.19390869140625,2.31451416015625,1.99481201171875,0.3197021484375,0.0036153668621568048,19,73.6905746459961,34.388933181762695,9.825409889221191,0.0,0.0,True,0.09350257976339964,38,0,0.0,0.0,3.141957943815419,Washington Park
57322,8b58aded-9583-46d4-884a-01a5a8aa0caa,adbef2e2-64c2-483b-b215-0bdcaf9b792c,0b6be915-a7e1-4de0-9988-04c59a0984e0,0,residential,,Bohler Road Northwest,206.4665641069044,False,False,False,True,False,False,True,False,False,,True,[],0.09386465362577057,278.88055419921875,288.84930419921875,2.994140625,9.96875,-6.974609375,-0.03378081712110855,43,186.80308532714844,167.1396026611328,63.90631103515625,0.0,0.0,True,0.09386465362577057,16,0,0.0,0.0,3.100786004031606,Cross Creek
106366,facfb21d-b729-4448-bf49-90b042858ac1,cddb676c-07d8-4982-9685-332f53e746c7,45f0d02f-1863-442d-8887-e26cb70b021b,0,secondary,,Howell Mill Road Northwest,205.52729329730465,False,False,False,True,False,False,True,False,False,,False,[],0.08346091842557397,242.09278869628906,246.6204376220703,4.52764892578125,0.5986480712890625,3.9290008544921875,0.01911668616884284,43,48.93507385253906,39.14805603027344,14.680526733398438,0.0,0.0,True,0.08346091842557397,18,12,4.0,0.2222222222222222,3.087629398820765,
7409,53a821f8-3157-4d36-af15-757d82e2711c,4e011e6c-3da2-466a-8c9a-e95df3c86525,8f4a5844-b98a-4cc5-a75d-964834cf2ebc,0,residential,,Hollywood Drive Northwest,122.7416528404778,False,False,False,True,False,False,True,False,False,,True,[],0.09536304052828215,269.24163818359375,272.6337890625,3.39215087890625,3.354888916015625,0.037261962890625,0.00030358042152427454,26,98.19332122802734,83.46432495117188,14.728998184204102,0.0,0.0,True,0.09536304052828215,26,0,0.0,0.0,3.0433044757270538,Grove Park
60065,60968637-80b4-4b5e-a1fb-0bbb378b7795,f750ddf1-94e4-4b9c-90b8-1a87a9013455,4935e3ed-cd70-4c8c-9b3f-cb3b92e3e2a1,1,trunk,,Northside Drive Northwest,71.14640591734681,False,False,False,True,False,False,True,False,False,,False,[],0.08497523673488427,268.1552429199219,273.80126953125,0.0,5.646026611328125,-5.646026611328125,-0.07935785886612573,16,71.14640808105469,71.14640808105469,42.68784427642822,0.0,0.0,True,0.08497523673488427,50,0,0.0,0.0,3.022841342831358,Loring Heights
7447,ea15e23d-db54-4ef6-8080-4f2aac4b8039,f2516479-4783-4158-acb2-e28a84bce0a5,6ada992a-716c-4be2-8bbd-6a8a13ea5e9e,0,residential,,Sisk Street Northwest,80.67026564717926,False,False,False,True,False,False,True,False,False,,True,[],0.1429569972213614,267.21771240234375,275.04571533203125,7.8280029296875,-0.0,7.8280029296875,0.09703702982131084,18,80.6702651977539,80.6702651977539,61.68902587890625,33.21716499328613,0.0,True,0.1429569972213614,26,0,0.0,0.0,2.998418524912276,Almond Park
107614,0a74da41-167d-4324-8110-db96e7affbde,91d63ce2-5a40-4913-a398-2c8f687bf0e7,1e1a6d4e-294a-4c01-beca-2484b70c4df7,12,footway,,,177.3121605240566,False,False,False,True,False,False,True,False,False,shared_path,True,[],0.12011636156350783,272.07769775390625,282.1980895996094,0.0,10.120391845703125,-10.120391845703125,-0.05707669231424581,37,147.76013946533203,118.2081069946289,29.552024841308594,19.70135498046875,0.0,True,0.12011636156350783,14,0,0.0,0.0,2.981732821636005,Tuxedo Park
8934,3f77a19f-c267-4126-8e2c-898d3b8129ae,478e76e1-c8fe-4e43-9042-f1c52a138923,3eba903a-e1cd-4b1b-9556-f2338fb6964e,0,residential,,Larchmont Drive Northwest,117.09926395384296,False,False,False,True,False,False,True,False,False,,True,[],0.11493651666703804,276.87225341796875,288.5856628417969,0.0,11.713409423828125,-11.713409423828125,-0.10002974244605395,25,117.0992660522461,117.0992660522461,97.58271789550781,87.82444763183594,0.0,True,0.11493651666703804,22,0,0.0,0.0,2.9609759306883268,Collier Heights
50852,7945f088-f2bc-481c-b3fc-2aaaf4b85277,c6a548eb-3aca-402c-990b-2460a55b230f,c6cdb893-90c2-4b16-9dbc-44a8cb06268a,1,residential,,Elm Street Northwest,137.30472671775715,False,False,False,True,False,False,True,False,False,,True,[],0.14756131144174264,289.12359619140625,300.7981262207031,1.165496826171875,11.674530029296875,-10.509033203125,-0.07653802569189222,29,127.49725341796875,112.78603076934814,93.17107009887695,63.748619079589844,0.0,True,0.14756131144174264,14,0,0.0,0.0,2.8365211758271256,Vine City
91796,34e553d8-32be-4e6e-ad2b-2564d7d5b94a,a1a0b4a4-1ca4-4917-afe0-cd34788f0cac,dc434ba1-9912-41ba-9994-471cbb803af4,0,residential,,North Pelham Road Northeast,309.7770608856555,False,False,False,True,False,False,True,False,False,,True,[],0.0900793874992556,263.6207580566406,280.1819763183594,16.56121826171875,-0.0,16.56121826171875,0.0534617307545483,63,214.8453826904297,179.87055206298828,74.9460620880127,0.0,0.0,True,0.0900793874992556,10,7,2.3333333333333335,0.23333333333333334,2.790452790589946,Morningside/Lenox Park
85436,81b5e4e1-0afa-445f-8b53-8f25a1384584,30fbd45c-782c-40ea-8a98-df23b5eff829,970d76de-5a48-4105-9258-4b47913c7d62,1,residential,,Hardee Street Northeast,109.43534880025076,False,False,False,True,False,False,True,False,False,,True,[],0.09055273749867235,302.65997314453125,309.94879150390625,0.0,7.288818359375,-7.288818359375,-0.06660387579118943,23,109.43534851074219,104.46101379394531,19.897336959838867,0.0,0.0,True,0.09055273749867235,28,0,0.0,0.0,2.774707715635732,Edgewood
9686,141c2d1e-0919-4dd0-9d53-1ea810951f1a,b5dee8f5-3d0e-4a50-bed9-299020524321,d9589f1c-a03f-4881-b42b-9907216699d8,0,residential,,Hortense Way Northwest,153.26954051876993,False,False,False,True,False,False,True,False,False,,True,[],0.11073956512145028,255.53599548339844,262.00970458984375,6.4737091064453125,0.234832763671875,6.2388763427734375,0.04070525740360089,32,79.10686874389648,64.27432250976562,39.553428649902344,19.776718139648438,0.0,True,0.11073956512145028,16,10,3.3333333333333335,0.20833333333333334,2.715680362146094,Grove Park
8906,4d79fa76-5abd-499c-bd84-c0ff958188df,7548c7eb-2b1e-44ca-ac98-18f48f2cb15b,3dfd6a1c-be70-482b-a257-ec2dbabafc00,2,secondary,,Collier Drive Northwest,381.39785699363364,False,False,False,True,False,False,True,False,False,,False,[],0.08799374025765987,273.70037841796875,282.9570617675781,2.6456298828125,9.256683349609375,-6.611053466796875,-0.017333745677685676,78,163.4562225341797,79.25150299072266,29.719314575195312,0.0,0.0,True,0.08799374025765987,8,0,0.0,0.0,2.6848499170500717,Collier Heights
9184,edcd46b9-5eb1-4409-9140-9e667e2576bb,eae8db91-74bd-4029-a2f2-886ff68f2da8,12b6d730-16ab-4641-a186-edd612faa864,0,tertiary,,Baker Road Northwest,148.84119353606104,False,False,False,True,False,False,True,False,False,,False,[],0.08116905022454159,261.7093200683594,267.6991271972656,0.0,5.98980712890625,-5.98980712890625,-0.04024294127729932,31,94.2660903930664,69.45922088623047,4.961373329162598,0.0,0.0,True,0.08116905022454159,22,0,0.0,0.0,2.6578856289940354,Grove Park
102390,f824e14b-5fbb-4786-95ba-3725992e678e,00268bd1-0d36-4705-9d70-ec8297b1f50b,1fe19b8b-528c-4b1d-a3e5-d76783d21fe2,2,residential,,Garraux Road Northwest,28.55259530899328,False,False,False,True,False,False,True,False,False,,True,[],0.13280513594636395,269.6426696777344,273.25372314453125,0.0,3.611053466796875,-3.611053466796875,-0.1264702367429107,7,28.552595138549805,28.552595138549805,28.552595138549805,28.552595138549805,0.0,True,0.13280513594636395,70,178,59.333333333333336,0.8476190476190476,2.6543519111426566,Paces
60135,aa8e7f4f-febb-48bb-96a2-17e30bd790d4,3acbbcde-2736-4212-a8be-41f74601db84,9bb36a95-b714-4eb9-88cb-90242b0479c9,0,trunk,,Northside Drive Northwest,69.41449288356448,False,False,False,True,False,False,True,False,False,,False,[],0.08265551380412939,288.9673767089844,294.337646484375,0.0,5.370269775390625,-5.370269775390625,-0.07736525608751353,15,69.41448974609375,69.41448974609375,29.749069213867188,0.0,0.0,True,0.08265551380412939,46,0,0.0,0.0,2.6392456643822886,Loring Heights
62139,6b419ce8-a201-4a3a-a664-0179db520f89,911bc68d-b417-4dcf-808e-334ac2b3fe53,a39fb70a-34c9-4b5b-b71c-30fe4cb30fc1,1,residential,,Dellwood Drive Northwest,108.35568895477084,False,False,False,True,False,False,True,False,False,,True,[],0.0929729662744515,254.54644775390625,263.0756530761719,0.0,8.529205322265625,-8.529205322265625,-0.07871488172031806,23,108.3556900024414,103.4304313659668,59.10310363769531,0.0,0.0,True,0.0929729662744515,26,11,3.6666666666666665,0.14102564102564102,2.619278951857585,Collier Hills North
45296,9f48f1e1-ed61-4c3e-821b-9c651c768cc3,7988e446-05e0-4587-9f43-1604ad6caf0e,498470cb-25e9-49ff-9097-c95dcb7d6329,0,tertiary,,Ormewood Avenue Southeast,207.2303142595371,False,False,False,True,False,False,True,False,False,,False,[],0.09006735568626724,293.3944091796875,302.26513671875,0.104248046875,8.8707275390625,-8.7664794921875,-0.04230307444654852,43,138.15353870391846,83.87893676757812,34.53839111328125,0.0,0.0,True,0.09006735568626724,14,2,0.6666666666666666,0.047619047619047616,2.613056099274693,East Atlanta
6976,473f6b12-80eb-41a5-99bb-d2d8d26ceb64,ea736afe-90cb-4eb4-b99c-bf5841848e8e,fd5f77c7-e41c-45ac-bfe2-45d83b669d57,1,residential,,Stanfield Avenue,67.86838195427677,False,False,False,True,False,False,True,False,False,,True,[],0.08710059320596802,261.3163757324219,265.4171142578125,0.0,4.100738525390625,-4.100738525390625,-0.0604219255602039,15,58.17289733886719,48.4774169921875,14.543224334716797,0.0,0.0,True,0.08710059320596802,44,121,40.333333333333336,0.9166666666666667,2.601005584384558,West Highlands
51655,db736fb2-6e17-4b9e-9dd5-99db705e761c,c45d649b-ce00-4927-affd-a5cc629afc6d,d88698ad-da16-4cda-bce8-801971f9182b,0,residential,,Ollie Street Northwest,53.71213384274737,False,False,False,True,False,False,True,False,False,,True,[],0.1261409413931018,292.79986572265625,298.1990966796875,0.0,5.39923095703125,-5.39923095703125,-0.10052162188996637,12,53.712135314941406,53.712135314941406,43.946292877197266,34.180450439453125,0.0,True,0.1261409413931018,38,0,0.0,0.0,2.574613668319446,Washington Park
49297,c109821e-d8be-41e1-bb63-eb4eb4e27efb,302f1d33-62a8-4a1c-876a-cbdc14ece698,6761a045-0476-417f-9049-bc1c823f0d9b,2,residential,,Ollie Street Northwest,59.56075316934603,False,False,False,True,False,False,True,False,False,,True,[],0.11153424920741666,292.2442626953125,297.87939453125,5.6351318359375,-0.0,5.6351318359375,0.09461149439068539,13,59.560752868652344,59.560752868652344,49.63396072387695,9.926794052124023,0.0,True,0.11153424920741666,38,0,0.0,0.0,2.524364277049083,Washington Park
8936,334039c7-1e70-4fb5-afd0-9ccf2e16f4d2,c9b50cd4-eb82-41b7-ad76-e1ee7b6177b5,457aa0a1-e891-41d3-86b4-c2d853e372a9,0,residential,,Baker Ridge Drive Northwest,221.5055547981705,False,False,False,True,False,False,True,False,False,,True,[],0.09456561024912846,257.3599548339844,263.9828186035156,4.69122314453125,6.62286376953125,-1.931640625,-0.008720506499185621,46,157.51505279541016,113.21394729614258,34.4564208984375,0.0,0.0,True,0.09456561024912846,12,0,0.0,0.0,2.513616955567291,Collier Heights
30603,d6e35c75-3c88-4af8-a0be-31dfa18d96dd,c8a63534-611e-45a9-be8f-5c3343611ef6,3ce4b376-faa4-46ed-b906-337404247bf2,1,residential,,Manford Road Southwest,80.18885689396134,False,False,False,True,False,False,True,False,False,,True,[],0.12788680591105278,288.4398498535156,297.36279296875,8.922943115234375,-0.0,8.922943115234375,0.11127410134271264,18,80.18885803222656,80.18885803222656,80.18885803222656,56.60389709472656,0.0,True,0.12788680591105278,24,0,0.0,0.0,2.4612232266785328,Capitol View Manor
12568,1d77505f-86f1-42a6-8a17-a7509dc7c738,9ba33b7d-c98e-44c2-846c-cd55d7f134c5,38167226-dd27-4e94-a721-8b1f8b6bdd44,1,tertiary,,Linkwood Road Northwest,141.21224968658962,False,False,False,True,False,False,True,False,False,,False,[],0.12425410170617503,277.65399169921875,287.7897644042969,10.135772705078125,1.0677490234375,9.068023681640625,0.06421555989171089,30,111.99591827392578,97.38775634765625,77.91020965576172,68.17143249511719,0.0,True,0.12425410170617503,14,5,1.6666666666666667,0.11904761904761905,2.4564681728601405,Collier Heights
40126,34def3f8-549a-4505-9d35-8f7304a17ae4,d38fba04-e826-45a3-b7a1-8c61db81af5d,4bfe2ce4-d634-4a81-acfa-c5e91268a318,3,pedestrian,,,101.86069166798346,False,False,False,True,False,False,True,False,False,car_free_street,True,[],0.08006096587499636,299.7207946777344,306.9761657714844,7.25537109375,-0.0,7.25537109375,0.07122836833111316,22,101.8606948852539,101.8606948852539,4.850505828857422,0.0,0.0,True,0.08006096587499636,30,96,32.0,1.0,2.4465196078901847,Grant Park
12474,3fb7b05b-3f07-4577-9447-94d49c0e402a,ed9a7a9b-fcae-48b7-bef2-88456adbb068,abb03338-7fdc-4157-b29f-cf833f747c31,0,tertiary,,Linkwood Road Northwest,45.47262678642815,False,False,False,True,False,False,True,False,False,,False,[25.46839579 45.47262679],0.09537283852227803,280.05743408203125,282.70013427734375,2.6427001953125,-0.0,2.6427001953125,0.058116287607035216,11,36.37810039520264,27.2835750579834,18.18905258178711,0.0,0.0,True,0.09537283852227803,56,5,1.6666666666666667,0.029761904761904764,2.4286379553440627,Harland Terrace
115365,47a43f1f-0a0a-4306-9ad3-954556d360ca,b099fe63-7841-42ed-81d1-adf993f189fb,415d20c9-9ff7-46be-bad2-7c8d61367cbe,2,tertiary,,Old Ivy Road Northeast,136.5547476071643,False,False,False,True,False,False,True,False,False,,False,[],0.09849944933920705,269.4370422363281,281.0430603027344,0.0,11.60601806640625,-11.60601806640625,-0.08499168422120643,29,136.55474853515625,136.55474853515625,107.29301977157593,0.0,0.0,True,0.09849944933920705,18,6,2.0,0.1111111111111111,2.4211021399128154,North Buckhead
54634,553cadf7-10b8-4346-8083-4cfe9c1983fa,db5d6008-bdf2-4be9-99f0-8f475dcca6d4,6eb1fcfd-7772-4664-8490-41783496cfa8,2,service,,,269.3810092644471,False,False,False,True,False,False,True,False,False,,False,[],0.14962927617090002,269.197998046875,278.57342529296875,9.888427734375,2.584625244140625,7.303802490234375,0.027113278835111554,55,154.6446418762207,114.73633575439453,59.862464904785156,29.931228637695312,0.0,True,0.14962927617090002,6,0,0.0,0.0,2.4184371258255437,Grove Park
79557,00c5cdb5-3b7a-4f76-a78a-306fdcac59ef,c5f5d8ea-8396-467d-ba7e-ebced1c58b26,43899229-1d4d-426a-b0e5-d945250df41d,2,footway,,,208.86170229482337,False,False,False,True,False,False,True,False,False,shared_path,True,[],0.08199960724630566,290.4225158691406,297.8565673828125,1.92193603515625,7.434051513671875,-5.512115478515625,-0.026391220723086514,43,183.9972267150879,69.62056159973145,9.94580078125,0.0,0.0,True,0.08199960724630566,14,0,0.0,0.0,2.397720857975847,Old Fourth Ward
67662,b7e07f87-2cf3-418b-9007-7ac2bf17ca64,d307af46-90d1-4a82-ab97-58cd0c7bb1ce,e07f53db-553f-4d1b-9c3c-140efe9f6b0e,1,footway,,,98.33999613247875,False,False,False,True,False,False,True,False,False,shared_path,True,[],0.12152414113061517,299.2073974609375,307.5583190917969,0.0,8.350921630859375,-8.350921630859375,-0.08491887270532412,21,98.33999633789062,83.58899688720703,54.086997985839844,34.41899871826172,0.0,True,0.12152414113061517,20,0,0.0,0.0,2.3901367137575,Downtown
48697,3943579a-bd49-4a54-9e97-216433ebeb79,64fa889e-332b-45bf-b1d8-3fff58a6d1bc,98a67706-0ecf-49a3-8297-0220ee847179,0,residential,,North Avenue Northwest,69.12688881506813,False,False,False,True,False,False,True,False,False,,True,[],0.08638011329046055,262.4845886230469,266.4633483886719,3.978759765625,-0.0,3.978759765625,0.05755733615875328,15,64.18925714492798,39.50108337402344,9.875274658203125,0.0,0.0,True,0.08638011329046055,40,7,2.3333333333333335,0.058333333333333334,2.388475394905062,Grove Park
7261,29326fcd-9ad0-4fbb-9421-248911317371,4ce9bf87-6fcc-476d-9e8d-70343521f31a,18287e5f-9277-4d61-89d9-1d62d60710fd,1,tertiary,,Johnson Road,138.89883343269855,False,False,False,True,False,False,True,False,False,,False,[],0.12220742349347745,260.239501953125,269.90679931640625,9.66729736328125,0.483062744140625,9.184234619140625,0.06612175451401392,29,109.13479709625244,89.29210662841797,69.44941711425781,59.52806854248047,0.0,True,0.12220742349347745,14,5,1.6666666666666667,0.11904761904761905,2.376425598408369,Rockdale
50862,d9a07ab3-53b7-4aa5-90de-a76f2cf3db84,1c9dfc17-ac17-462b-8faa-6fd197f78dc5,5903ce31-d0ff-4ff4-aa88-019196be8f2e,0,footway,,,93.17284030875311,False,False,False,True,False,False,True,False,False,shared_path,True,[],0.12488733805681303,291.56036376953125,301.780029296875,0.0,10.21966552734375,-10.21966552734375,-0.10968502297387292,20,93.17284393310547,93.17284393310547,83.36517333984375,78.46134185791016,0.0,True,0.12488733805681303,20,0,0.0,0.0,2.327221601070541,Vine City
77994,e66237c5-58ff-43b1-990d-02c0c2763147,cee35631-01da-4a06-b669-66db79dbba2f,c5b631a1-dfb2-403c-9403-31528b1b01ee,1,tertiary,,Ellis Street Northeast,59.433859709105924,False,False,False,True,True,False,True,True,False,,False,[],0.08055134508977535,324.244384765625,327.52838134765625,0.0830078125,3.28399658203125,-3.20098876953125,-0.05385799824521204,13,44.575395584106445,39.62257385253906,9.905643463134766,0.0,0.0,True,0.08055134508977535,48,2,0.6666666666666666,0.013888888888888888,2.2979891248538333,Downtown
79256,c3ba32dd-4a88-4ea8-a94c-c1ebc3b82564,1bef5d4a-4d04-408b-b969-041005b80abe,a43d7134-68c3-452d-96ac-69445258a838,1,tertiary,,Andrew Young International Boulevard Northeast,155.51722615670147,False,False,False,True,True,False,True,True,False,,False,[],0.10462816933082077,307.838623046875,318.5256652832031,10.687042236328125,-0.0,10.687042236328125,0.06871934659978138,33,145.79739379882812,126.35774993896484,48.59913206100464,9.719826698303223,0.0,True,0.10462816933082077,14,33,11.0,0.7857142857142857,2.2780075741056076,Downtown
52230,48320fcf-077d-4745-895a-96f9fa6e7627,c5be8ede-489c-4ad7-92a4-d34c1f367ed3,3f6d8f73-f47f-417e-9adc-1f9687b40932,0,residential,,Paines Avenue Northwest,87.45143905829165,False,False,False,True,False,False,True,False,False,,True,[],0.08137543645861386,289.0546875,292.2475891113281,3.192901611328125,0.09539794921875,3.097503662109375,0.03541969921748738,19,48.58413314819336,38.867305755615234,4.858409881591797,0.0,0.0,True,0.08137543645861386,32,0,0.0,0.0,2.2772476871367537,English Avenue
85428,677a267f-c294-48bc-b2f5-0a6eaa818865,f8dfa521-7de6-4f1d-aebe-e15d17779922,b1a2b355-a58d-4b0b-b269-456e89fe252d,1,residential,,Hardee Street Northeast,82.56329544154408,False,False,False,True,False,False,True,False,False,,True,[],0.09801240235794037,294.4180603027344,299.098876953125,4.680816650390625,0.2220458984375,4.458770751953125,0.05400427436041685,18,58.279972076416016,53.42330741882324,29.139984130859375,0.0,0.0,True,0.09801240235794037,28,0,0.0,0.0,2.265823541187954,Edgewood
51339,e053267d-8c3a-4510-a8a5-da75c046eb67,258f421a-b9a4-4446-a192-7f554efc90e8,fc385b78-eed9-4455-a6ba-9e50c6e7b20a,0,residential,,Oliver Street Northwest,50.817452703852986,False,False,False,True,False,False,True,False,False,,True,[],0.13401329761759276,283.2981872558594,289.1020202636719,0.0,5.8038330078125,-5.8038330078125,-0.11420944654088995,12,50.81745147705078,50.81745147705078,50.81745147705078,36.95814609527588,0.0,True,0.13401329761759276,32,0,0.0,0.0,2.179268612278206,English Avenue
45991,ea1c38fa-cdbe-4c37-8e98-022a614c2eda,f28cdeb8-94b8-4f31-ab0d-88b0ed0d18ff,7a76f848-2995-4dc7-9aad-3d8cc08f1406,0,residential,,Van Epps Avenue Southeast,372.5783898617092,False,False,False,True,False,False,True,False,False,,True,[],0.09661387622710127,293.42724609375,309.9806823730469,1.347747802734375,16.553436279296875,-15.2056884765625,-0.04081205053892532,76,288.1272897720337,149.03135108947754,39.741695404052734,0.0,0.0,True,0.09661387622710127,6,2,0.6666666666666666,0.1111111111111111,2.159774546579511,East Atlanta
18828,465fd21e-f1b6-4e87-8590-7eb0f04c82a7,c19ffc58-f766-4b0c-ad29-0e69c2d5c0d2,d560bc29-19b9-4867-9723-951666799ea3,1,secondary,,Ralph David Abernathy Boulevard,39.79935112693909,False,False,False,True,False,False,True,False,False,,False,[],0.24635910884142484,309.8748779296875,312.85809326171875,2.98321533203125,2.947784423828125,0.035430908203125,0.0008902383467484111,9,34.824432373046875,34.824432373046875,29.84951400756836,29.84951400756836,24.87459373474121,True,0.24635910884142484,22,4,1.3333333333333333,0.0606060606060606,2.1570851887419273,West End
32778,56a40e1e-c4db-4796-80b1-7a8117a85ce2,143ea6cf-800f-4dba-b373-f4e1fa54399e,5944e996-e78a-48b1-bace-40b4ab08561f,1,secondary,,Capitol Avenue Southeast,44.503961531713855,True,False,True,True,False,False,True,False,False,,False,[],0.08317390177370182,313.561767578125,317.2630615234375,3.7012939453125,-0.0,3.7012939453125,0.08316774448705287,10,44.50395965576172,44.50395965576172,44.50395965576172,0.0,0.0,True,0.08317390177370182,58,60,20.0,0.3448275862068966,2.146909512488036,Downtown
101857,f22075e0-c484-4fa8-8e79-d290855f1981,630335cc-d7fc-4c16-9ecf-781336084222,23511faf-da3d-4993-a275-6927f35f03f5,1,tertiary,,West Wesley Road Northwest,161.47983395703002,False,False,False,True,False,False,True,False,False,,False,[],0.08267823342864894,259.6573181152344,271.0442199707031,0.0,11.38690185546875,-11.38690185546875,-0.07051594000874253,34,161.47982788085938,161.47982788085938,29.359970092773438,0.0,0.0,True,0.08267823342864894,16,3,1.0,0.0625,2.136138784947008,Margaret Mitchell
7407,be627bd8-4ea7-490c-b06d-c916cd6318ca,79c61871-1e3d-4a1b-b719-9ce4eb7d0a39,53187caf-7d19-4d57-bdc3-4fe97a01396d,0,residential,,Hollywood Drive Northwest,94.14228793342865,False,False,False,True,False,False,True,False,False,,True,[],0.08640635128871972,260.7229309082031,266.8611755371094,6.13824462890625,-0.0,6.13824462890625,0.06520177856038267,20,94.14228820800781,79.27771759033203,9.90971565246582,0.0,0.0,True,0.08640635128871972,26,0,0.0,0.0,2.1149678165979053,Grove Park
50465,3b50997d-6371-4619-9c4b-e17db148048c,b3fccb18-b02b-4039-878e-5f8e9df9cb29,2733deda-a3c9-4407-bdd2-9a1174c29259,1,residential,,Carter Street Northwest,85.67949009227833,False,False,False,True,False,False,True,False,False,,True,[],0.08809759271933439,300.5718688964844,304.28466796875,3.712799072265625,0.50848388671875,3.204315185546875,0.03739885960886476,19,61.87963104248047,42.839744567871094,19.039886474609375,0.0,0.0,True,0.08809759271933439,28,2,0.6666666666666666,0.023809523809523808,2.113483910313939,Vine City
8665,eef71f1a-108e-458a-af34-74f77f9940e7,6292b9d2-36ba-447e-b21d-221fce35509b,751de0f7-b09b-4e28-9a87-162c91399d2d,0,residential,,Washington Street Northwest,116.19403287916174,False,False,False,True,False,False,True,False,False,,True,[],0.08237964272896356,292.0169677734375,295.852294921875,1.922271728515625,3.8353271484375,-1.913055419921875,-0.016464317550399926,25,101.6697769165039,53.25559616088867,4.84141731262207,0.0,0.0,True,0.08237964272896356,22,0,0.0,0.0,2.1058450414810137,Collier Heights
78637,fafa8f28-2686-4b97-9191-e8f6498075d7,b7b8cf2d-86cb-4e6c-b392-41b82b1b908b,72c79d95-368a-441d-a3a2-2f3d87403e56,0,tertiary,link,,115.3974186207574,False,False,False,True,True,False,True,True,False,,False,[],0.22809042026740503,298.5439758300781,305.8012390136719,7.25726318359375,3.258453369140625,3.998809814453125,0.03465250767419243,25,100.97274208068848,57.69871139526367,48.08225631713867,43.274030685424805,28.849353790283203,True,0.22809042026740503,8,0,0.0,0.0,2.105683656878578,Downtown
28177,37be79c1-2c58-42b5-9653-6954828275d5,58b78acd-64c5-4acf-81bc-68e964c1a729,94a4285f-85ae-46c7-adf4-daeb6d84490b,0,residential,,Dora Street Southwest,166.00885116626648,False,False,False,True,True,False,True,True,False,,True,[],0.10171667197287389,310.1155090332031,317.5249328613281,7.409423828125,2.2645263671875,5.1448974609375,0.030991705911528007,35,141.59578704833984,78.12181091308594,53.70874500274658,4.882612228393555,0.0,True,0.10171667197287389,12,0,0.0,0.0,2.0263041430407323,The Villages at Castleberry Hill
85425,9ea5f4e5-4507-4d07-b7fa-c7ef3d69fb77,3ffebfec-6bef-4099-9187-27c773585cc5,4014a96b-39fa-44f9-b7c7-17b191697fad,1,residential,,Hardee Street Northeast,79.6327462139802,False,False,False,True,False,False,True,False,False,,True,[],0.08974302963969578,295.4789733886719,301.77783203125,0.0,6.298858642578125,-6.298858642578125,-0.07909885229615976,17,79.63274383544922,79.63274383544922,49.770466804504395,0.0,0.0,True,0.08974302963969578,28,0,0.0,0.0,2.0010154930560473,Edgewood
42647,d0709e89-b868-43f1-9787-a7e06c744729,119ec02a-56e1-4414-a997-952bb4b74c93,aeae1ca6-2bcc-4a66-8161-187ae9ab054e,0,residential,,Mercer Street Southeast,136.0741079036977,False,False,False,True,False,False,True,False,False,,True,[],0.12249630091878505,289.9178771972656,295.03521728515625,5.117340087890625,2.521942138671875,2.59539794921875,0.01907341456979129,29,111.77516317367554,58.317474365234375,29.158735275268555,19.439159393310547,0.0,True,0.12249630091878505,12,0,0.0,0.0,2.0002289842831895,Ormewood Park
40107,e368bac3-0e01-46ce-baa6-9f1e0ed58482,194707f5-c1bb-406a-9f96-459cd8b2dbec,3cae9522-5c8c-4d98-83a0-f1634922d617,0,footway,,,113.38316076489201,False,False,False,True,False,False,True,False,False,shared_path,True,[],0.0878934482299666,288.7518310546875,295.15850830078125,0.0,6.40667724609375,-6.40667724609375,-0.056504661283309374,24,113.38316345214844,54.22673034667969,19.71881103515625,0.0,0.0,True,0.0878934482299666,20,11,3.6666666666666665,0.18333333333333332,1.9931273941678032,Grant Park
51451,aa1a05b5-9dfa-48b8-bfec-4e390c0b3db8,68b66b20-3ec9-4640-b268-258fab88c545,17a0322d-aec3-4a39-93b5-d0449c9511f2,0,residential,,Oliver Street Northwest,75.0415629978703,False,False,False,True,False,False,True,False,False,,True,[],0.0819857468429794,274.16778564453125,276.7318420410156,2.564056396484375,-0.0,2.564056396484375,0.03416848247349898,17,28.140586853027344,14.070293426513672,4.690101623535156,0.0,0.0,True,0.0819857468429794,32,0,0.0,0.0,1.9687483477263632,English Avenue
89874,740afbdc-b5b0-4a35-b065-1c4e72bfc7b3,50b3a07d-7cfe-458f-b5c1-be3559980443,b8dfdfe8-788a-4082-973f-f1fe0f2ee460,0,secondary,,North Avenue Northeast,55.71732222554212,False,False,False,True,False,False,True,False,False,,False,[],0.1104140898079839,282.6091003417969,287.476318359375,0.0,4.867218017578125,-4.867218017578125,-0.08735556069500934,13,55.717323303222656,55.717323303222656,37.14488220214844,13.929330825805664,0.0,True,0.1104140898079839,32,0,0.0,0.0,1.968632774422843,Old Fourth Ward
84923,e4de2246-a3c0-4ce7-ba8a-da2aab341db5,edbc1bba-d08c-4d44-82d2-b9da880142f7,46ffc0b6-7638-40bd-b5ba-f00588b1ad64,0,residential,,Hardee Street Northeast,73.72930930943339,False,False,False,True,False,False,True,False,False,,True,[],0.09485042060111151,300.1910400390625,306.3505554199219,6.159515380859375,-0.0,6.159515380859375,0.08354229081417672,16,73.72930908203125,73.72930908203125,54.06816101074219,0.0,0.0,True,0.09485042060111151,28,0,0.0,0.0,1.958111679616177,Edgewood
5177,3ea9b97e-2fcc-4628-b67d-4fece7fa9783,cc0ffff5-13e6-4558-8740-af95a05afaee,886d8d81-69f9-43cf-9c01-7c653a2e66a3,1,tertiary,,Ridgewood Road Northwest,78.90410857584625,False,False,False,True,False,False,True,False,False,,False,[],0.09508301972903041,249.50892639160156,253.8026580810547,4.293731689453125,0.1462860107421875,4.1474456787109375,0.052563115933978326,17,54.246572494506836,49.31506538391113,24.657535552978516,0.0,0.0,True,0.09508301972903041,26,143,47.666666666666664,1.0,1.950634637228874,Ridgewood Heights
79855,a5700bf0-2473-48c4-bdc4-861d11b587bb,2105214c-94b1-4a11-86b5-ee3ed4d3aeac,bf1ebbea-7abf-4591-afd5-b54908b35bb5,0,trunk,,John Lewis Freedom Parkway Northeast,162.3204328764299,False,False,False,True,True,False,True,True,False,,False,[125.91458755 162.32043288],0.08576165976699854,307.15484619140625,316.4731750488281,0.05010986328125,9.318328857421875,-9.268218994140625,-0.05709828844824773,34,122.97002410888672,113.1324234008789,49.18801021575928,0.0,0.0,True,0.08576165976699854,14,0,0.0,0.0,1.9489217632612426,Old Fourth Ward
23991,e695d4a5-d179-47d2-8fc9-62d876c1d975,42b6cb32-82b0-4117-a6ee-25d40613ec9c,c145ebc5-7bdf-4ac6-b54b-72afcf993f92,0,residential,,Sylvan Place Southwest,106.93231858723766,False,False,False,True,False,False,True,False,False,,True,[],0.11282674314021877,290.5361328125,296.8517150878906,6.315582275390625,-0.0,6.315582275390625,0.059061491386205874,23,77.76896095275879,63.187278747558594,34.02391815185547,14.581680297851562,0.0,True,0.11282674314021877,16,44,14.666666666666666,0.9166666666666666,1.930372038820849,Sylvan Hills
78350,eabdce2c-5bdb-44ad-acfd-d3efb887f9f7,bbd960c2-dd73-48bc-b449-46034c40c1e7,3746a503-e5d8-47b5-90d0-abc03272155e,2,tertiary,,Andrew Young International Boulevard Northeast,123.53514901120838,False,False,False,True,True,False,True,True,False,,False,[],0.110449604743083,318.94097900390625,324.21612548828125,5.275146484375,1.05206298828125,4.22308349609375,0.03418527879108688,26,59.296871185302734,54.355464935302734,39.53124713897705,24.70702838897705,0.0,True,0.110449604743083,14,6,2.0,0.14285714285714285,1.9102171732232158,Downtown
49001,3216e48e-3582-4c58-9094-d3c0e1b9b28c,b3c0d477-d6be-40de-ae3f-683d1cc57e44,b409e9d2-2d97-488a-b7ff-91d1327dfce9,0,cycleway,,Atlanta Beltline Westside Trail,85.45881521989456,False,False,False,True,False,False,True,False,False,dedicated_cycleway,True,[],0.10996764582228966,288.2340393066406,291.5349426269531,0.30120849609375,3.3009033203125,-2.99969482421875,-0.035101057399088566,19,52.22482681274414,33.233985900878906,14.243135452270508,4.747712135314941,0.0,True,0.10996764582228966,20,0,0.0,0.0,1.8795409448987723,Washington Park
50865,003700c9-f5fa-4314-89dc-e5b25f0684cb,500ffa7b-1df2-4dc8-8f59-3c93e9c4a0f1,5659b735-0065-4513-81ad-adad5beed738,1,residential,,Lester Street Northwest,92.66657015318228,False,False,False,True,False,False,True,False,False,,True,[],0.09984003053518106,290.9533386230469,295.40704345703125,0.415283203125,4.453704833984375,-4.038421630859375,-0.0435801337939187,20,63.403446197509766,48.77187728881836,24.385940551757812,0.0,0.0,True,0.09984003053518106,20,0,0.0,0.0,1.8503666387368434,Vine City
102391,f824e14b-5fbb-4786-95ba-3725992e678e,1fe19b8b-528c-4b1d-a3e5-d76783d21fe2,70285ba4-d568-4c48-bbb6-4449a4f7718b,3,residential,,Garraux Road Northwest,22.05989572377677,False,False,False,True,False,False,True,False,False,,True,[],0.11862623129024076,267.7030334472656,269.6426696777344,0.0,1.93963623046875,-1.93963623046875,-0.08792589907138662,6,22.05989646911621,22.05989646911621,13.235937118530273,8.823958396911621,0.0,True,0.11862623129024076,70,178,59.333333333333336,0.8476190476190476,1.8318176046571353,Paces
50510,e479d814-748b-4743-9bb2-735c25880ed8,eaba634e-1206-49a7-bb53-2b43cba9aebb,79ffe211-fc06-4f7a-8bcb-0e122d65aed5,1,residential,,James P Brawley Drive Northwest,100.74061526007695,False,False,False,True,False,False,True,False,False,,True,[],0.09056975865770744,300.9316101074219,308.26318359375,7.331573486328125,-0.0,7.331573486328125,0.07277673880442045,22,95.94344329833984,86.3490982055664,43.17455005645752,0.0,0.0,True,0.09056975865770744,20,0,0.0,0.0,1.824810642226826,Vine City
62095,ab6d5ff9-0a37-4366-b97f-481aa9aa8de6,8f6ecc92-e22b-4fbd-9935-d8d573d34f8d,4ec68cc3-660e-4890-8508-b66df385f0b8,1,footway,,,120.27763460342614,False,False,False,True,False,False,True,False,False,shared_path,True,[],0.094519355345139,249.045166015625,255.81283569335938,0.369659423828125,6.767669677734375,-6.39801025390625,-0.05319368247317005,26,86.5998945236206,72.16658210754395,52.92215538024902,0.0,0.0,True,0.094519355345139,16,0,0.0,0.0,1.8189703176246435,Collier Hills
49223,18bfaf5f-5775-47e1-96ee-deda2ca33b3b,fbf9e06a-6235-465d-b899-8d3596a4b02e,13173287-21f5-47f2-935d-d1bed6301912,0,tertiary,,Fair Street Southwest,115.85657193306203,False,False,False,True,False,False,True,False,False,,False,[],0.11180097719174721,294.0455322265625,306.4313659667969,0.0,12.385833740234375,-12.385833740234375,-0.1069066105132951,25,115.85657501220703,115.85657501220703,115.85657501220703,96.54714584350586,0.0,True,0.11180097719174721,14,0,0.0,0.0,1.8134029138683203,Ashview Heights
47193,0cd6ab73-faf2-4021-82ab-163e53ade766,aed4ce7a-f0f5-487d-bd6b-dae43443fbe9,e5ffdff9-b384-47c5-b2ab-b40cad2ec707,0,primary,,Memorial Drive Southeast,48.406866003886044,False,False,False,True,False,False,True,False,False,,False,[],0.08760580539766123,294.0151062011719,298.1388854980469,4.123779296875,-0.0,4.123779296875,0.08518996980906128,11,48.406864166259766,48.406864166259766,48.406864166259766,0.0,0.0,True,0.08760580539766123,42,0,0.0,0.0,1.7811034428797836,
8963,955984c8-95cb-47e8-808a-edb2294b5739,2c1c97d3-cb1a-4390-adb5-51b0b252a3b0,1ca9c3f1-6c1c-41b6-9493-55f201d1d68c,0,residential,,Baker Ridge Drive Northwest,120.55108367020605,False,False,False,True,False,False,True,False,False,,True,[],0.12291101197798537,275.3923645019531,286.0378112792969,10.64544677734375,-0.0,10.64544677734375,0.08830651877946989,26,115.72904205322266,96.44086647033691,77.15269088745117,67.50860404968262,0.0,True,0.12291101197798537,12,0,0.0,0.0,1.7780466826737376,Collier Heights
7230,236ffc0c-ef3a-4d5d-b008-989ec3ac4a41,9f2c55f1-725f-4a80-80b6-d6c798dfcaf8,b49c97ee-1ae6-4f77-b1e8-71e538022347,1,residential,,Drew Drive,203.53880326828772,False,False,False,True,False,False,True,False,False,,True,[],0.08732883554380734,263.9826354980469,275.3504943847656,0.636688232421875,11.36785888671875,-10.731170654296875,-0.052722972184294926,42,173.75263595581055,143.9664764404297,24.821807861328125,0.0,0.0,True,0.08732883554380734,10,0,0.0,0.0,1.7774806677399653,Rockdale
83507,708459b1-5d17-4207-aa2e-b5a1dc9c94bb,ba109b3e-4690-4aa0-94a8-1fc13069b6a4,becdcf2a-c80c-4582-a1e5-e520870c7efa,1,residential,,Elizabeth Street Northeast,36.57260949158953,False,False,False,True,False,False,True,False,False,,True,[],0.09463195543266137,290.09075927734375,292.89508056640625,2.8043212890625,-0.0,2.8043212890625,0.07667818538919757,9,36.572608947753906,32.001033782958984,22.857881546020508,0.0,0.0,True,0.09463195543266137,50,47,15.666666666666666,0.3133333333333333,1.7304687757321144,Inman Park
19458,c5846c2f-656e-4aa0-be91-8dece3496544,15e29cec-79d0-41b5-8f4a-49301c70a0cf,9a1e0219-ebaa-4aec-80ac-6976abd50cf2,0,residential,,Oakland Drive Southwest,117.06783669319344,False,False,False,True,False,False,True,False,False,,True,[],0.09204398553835831,301.4537353515625,310.9946594238281,0.0,9.540924072265625,-9.540924072265625,-0.08149910895338111,25,117.06783294677734,107.31217956542969,87.80087471008301,0.0,0.0,True,0.09204398553835831,16,0,0.0,0.0,1.7240624428152305,Oakland City
48569,ac004ab1-2f47-491a-a03f-0401cd902efb,afc62a4e-01cd-4c3c-83e9-5ae543ec3821,a8f54d97-ff55-41e0-82fb-eaebf2a6e496,0,residential,,Mathewson Place Southwest,238.89414568130064,False,False,False,True,False,False,True,False,False,,True,[],0.08994082840236686,296.5889892578125,304.08489990234375,7.49591064453125,5.78363037109375,1.7122802734375,0.0071675270198638015,49,174.19364166259766,149.308837890625,44.79265594482422,0.0,0.0,True,0.08994082840236686,8,0,0.0,0.0,1.7189069890441513,Mozley Park
8961,27fa83af-0e78-425d-9295-aed0e22a63ea,a5140acf-e3e7-43ff-a9f7-60239430c358,c9b50cd4-eb82-41b7-ad76-e1ee7b6177b5,0,residential,,Baker Ridge Drive Northwest,134.83916421239005,False,False,False,True,False,False,True,False,False,,True,[],0.10608956290990086,263.9828186035156,277.24127197265625,0.0,13.258453369140625,-13.258453369140625,-0.09832791641426626,28,134.8391571044922,134.8391571044922,129.84511375427246,84.89872741699219,0.0,True,0.10608956290990086,12,0,0.0,0.0,1.716603359331457,Collier Heights
16024,5fc8ec4a-8883-4580-a711-8288235257e8,9cc69150-34d5-4363-ab6b-08ce0195d7a1,8692e6c9-56ca-4443-9317-95e0a54e8c6d,1,residential,,Harbin Road Southwest,525.3286596693048,False,False,False,True,False,False,True,False,False,,True,[],0.08152294391487475,254.21905517578125,265.0916748046875,11.94415283203125,6.0772705078125,5.86688232421875,0.011168022251694408,107,183.36944580078125,128.85421752929688,9.911865234375,0.0,0.0,True,0.08152294391487475,4,44,14.666666666666666,1.0,1.7130535543638823,Southwest
26330,465b0385-04a2-459d-87e0-6ef7350420aa,31432d57-917b-4275-b73f-288b2476b64a,3e4e1198-3f85-4377-9d9c-3d1208b5383b,12,footway,,,175.5644623565721,False,False,False,True,False,False,True,False,False,shared_path,True,[],0.09754530269802474,267.25372314453125,273.30426025390625,1.20489501953125,6.050537109375,-4.84564208984375,-0.027600357489483775,37,102.41260528564453,58.521480560302734,24.383953094482422,0.0,0.0,True,0.09754530269802474,10,0,0.0,0.0,1.7125488623587797,Perkerson
8965,ae584d7d-68a8-4191-a6b6-5c5979b5ef3f,aeb36e76-da81-4094-9bf1-bbc528894a54,d1a6561e-2a9c-4d6a-bfd5-d4e9eb46ec01,1,residential,,Collier Ridge Drive Northwest,114.07995722713436,False,False,False,True,False,False,True,False,False,,True,[],0.10698384040561937,282.43524169921875,291.8415222167969,9.406280517578125,-0.0,9.406280517578125,0.08245340235815794,24,114.0799560546875,114.0799560546875,74.39997100830078,24.799991607666016,0.0,True,0.10698384040561937,14,50,16.666666666666668,1.0,1.7086596712454676,Collier Heights
99960,f0fcf6b0-f9f3-46a4-b529-6ce4e6bb5825,31a1cce9-a5ee-4035-a793-2ec0c314789a,fc61556f-b612-4d82-9c98-c9696ffb4376,4,residential,,Lakeshore Drive Northeast,188.4203328128912,False,False,False,True,False,False,True,False,False,,True,[],0.09038762170878518,291.05712890625,296.74859619140625,4.730865478515625,5.69146728515625,-0.960601806640625,-0.0050981854609313095,39,153.7113265991211,114.04388809204102,34.709014892578125,0.0,0.0,True,0.09038762170878518,10,0,0.0,0.0,1.7030865764535015,Lake Claire
90081,58bddc47-e102-4740-b07a-8a5b4de63cbe,ba50c6b3-82a6-48c5-a795-2afff4d0b35b,d551575d-8ea1-47fc-901a-8fb08f8e2786,5,secondary,,North Avenue Northeast,63.540223659953604,False,False,False,True,False,False,True,False,False,,False,[],0.08352253171235395,301.01763916015625,303.653076171875,0.0008544921875,2.63543701171875,-2.63458251953125,-0.04146322486198937,14,39.101675033569336,24.43854522705078,4.887706756591797,0.0,0.0,True,0.08352253171235395,32,0,0.0,0.0,1.6982529106075321,Old Fourth Ward
91710,af059956-b2f2-42b0-a3ef-3b5a423fe03b,51cbc3a0-b0b4-409f-83da-da23c9b8f7e5,61f07114-d389-49d9-b0c2-9362df419665,1,residential,,Plymouth Road Northeast,109.89605253884137,False,False,False,True,False,False,True,False,False,,True,[],0.10983274302357726,271.7972717285156,276.97015380859375,0.32073974609375,5.172882080078125,-4.852142333984375,-0.04415210879810501,23,54.94802474975586,49.9527473449707,39.962196350097656,34.96692657470703,0.0,True,0.10983274302357726,14,30,10.0,0.7142857142857143,1.6898258856925752,Morningside/Lenox Park
50849,6899f059-84b3-4796-b72e-7f8235a2811a,0e4beb05-6db7-4b4f-aaa2-d72d2949dd02,4c374d3d-6d43-42f7-b4d4-52e292ad9d45,0,residential,,Spencer Street Northwest,91.54343120139507,False,False,False,True,False,False,True,False,False,,True,[],0.13065094679102904,298.9285583496094,304.3739318847656,5.44537353515625,0.10040283203125,5.344970703125,0.0583872645062861,20,62.634979248046875,52.99882888793945,33.72652816772461,24.090375900268555,0.0,True,0.13065094679102904,14,0,0.0,0.0,1.6744330342546372,Vine City
92253,ca138441-bf73-42de-8604-92bba9b81313,b6dbddf3-8ef6-40d3-a583-8d15e259c0a3,6dbe54d9-4815-4fe5-ad06-c9c8743c9179,2,tertiary,,Rock Springs Road Northeast,38.02559049208034,False,False,False,True,False,False,True,False,False,,False,[],0.11003974647327797,273.46563720703125,277.2976989746094,0.0,3.832061767578125,-3.832061767578125,-0.10077586881456796,9,38.02558898925781,38.02558898925781,38.02558898925781,23.765993118286133,0.0,True,0.11003974647327797,40,43,14.333333333333334,0.35833333333333334,1.673730534898084,Morningside/Lenox Park
62327,3ccbeeb9-be33-4871-83fa-d9d9d4781e7d,a1be0908-5115-4734-95a6-0cf283797220,28792eff-2d4d-4141-90ba-9ca298b2eee6,3,residential,,Dellwood Drive Northwest,60.00461343675787,False,False,False,True,False,False,True,False,False,,True,[],0.10249357844871189,255.43907165527344,261.0350341796875,5.5959625244140625,-0.0,5.5959625244140625,0.09325887362300808,14,60.00461196899414,60.00461196899414,60.00461196899414,9.231475830078125,0.0,True,0.10249357844871189,26,0,0.0,0.0,1.5990227641868933,Peachtree Battle Alliance
51149,1b49075b-bdef-4b99-8fb3-ff6191208ee5,3ce9bd53-d9cb-445e-97d4-9b9756c776fc,6573c25d-a804-4b96-b9bb-bd629d39c78a,1,residential,,Elm Street Northwest,98.79013894301659,False,False,False,True,True,False,True,True,False,,True,[],0.11470565975370349,285.78399658203125,290.114990234375,4.33099365234375,2.299468994140625,2.031524658203125,0.020564043074548247,21,88.9111213684082,74.09260129928589,39.5160551071167,19.758028030395508,0.0,True,0.11470565975370349,14,0,0.0,0.0,1.5864503290466254,English Avenue
57127,47a00eb3-df75-49a4-bce3-f2a1cf8e599c,44aae1a3-a380-48a5-b1c6-0623c6ef7ff6,c9e46255-63c2-448e-a0b4-b142c5087326,1,tertiary,,West Wesley Road,156.93182896552725,False,False,False,True,False,False,True,False,False,,False,[ 54.97612111 124.59427112],0.08397418919239522,244.94203186035156,248.46376037597656,0.847259521484375,3.521728515625,-2.674468994140625,-0.017042234841634415,33,49.04119873046875,29.424718856811523,14.712359428405762,0.0,0.0,True,0.08397418919239522,12,17,5.666666666666667,0.47222222222222227,1.5813867715031753,Brandon
51346,4b18fe55-f26a-4ad9-b28e-8094bc67cfa8,4a727a1e-8944-4fe1-b7e7-48452d6c5b65,ee167d95-19ae-456f-a273-4ff1eb5957bc,1,residential,,Oliver Street Northwest,45.63724292635831,False,False,False,True,False,False,True,False,False,,True,[],0.10828246691506056,280.1793518066406,283.9754333496094,3.79608154296875,-0.0,3.79608154296875,0.0831794698704705,11,45.63724136352539,45.63724136352539,27.382347106933594,9.127448081970215,0.0,True,0.10828246691506056,32,0,0.0,0.0,1.5813482391257523,English Avenue
9855,2944fb73-e41a-4922-b7e5-6ddcb116f29b,bf1bbdfd-7cf4-461d-99bf-b81364a9c5c3,13d4639a-0d7a-4eb1-ad1a-ab5baff5ce61,0,residential,,North Avenue Northwest,107.22039264770774,False,False,False,True,False,False,True,False,False,,True,[],0.0817219787100814,282.9541320800781,287.693115234375,0.187713623046875,4.738983154296875,-4.55126953125,-0.04244779857333261,23,73.10481262207031,53.61019515991211,9.747306823730469,0.0,0.0,True,0.0817219787100814,18,0,0.0,0.0,1.577207276143657,Grove Park
106759,0fa571bb-bdd0-4ebf-9945-0337fb9777eb,2d193653-b14f-41c6-9965-e681c85c96f6,20890c3f-c7f1-47c1-b79d-c8d6ed9a38b3,3,tertiary,,West Wesley Road,120.39839064742341,False,False,False,True,False,False,True,False,False,,False,[],0.08073075911627067,253.88931274414062,258.8092041015625,4.919891357421875,0.016357421875,4.903533935546875,0.040727570072552455,26,77.05496978759766,38.527488708496094,9.631874084472656,0.0,0.0,True,0.08073075911627067,16,3,1.0,0.0625,1.5551765557350072,Wesley Battle
75428,ef9e0721-2de9-4cca-8c61-902b2cf36b2e,036f4daf-98b6-4fa3-89c3-99bd928c5a07,84792bf5-158b-4eee-b9b0-0811bc252ff1,0,secondary,,Martin Luther King Junior Drive Southwest,62.59967429823851,False,False,False,True,False,False,True,False,False,,False,[],0.10295982360224115,314.92462158203125,319.3846740722656,0.0,4.460052490234375,-4.460052490234375,-0.0712472156678354,14,62.599674224853516,48.153594970703125,24.076797485351562,4.815359592437744,0.0,True,0.10295982360224115,24,12,4.0,0.16666666666666666,1.5468603415930529,Castleberry Hill
19467,e8d99f4f-5727-4885-8009-520615666872,9a1e0219-ebaa-4aec-80ac-6976abd50cf2,43dcdacc-f775-488e-9fd9-9511bcdadd4b,0,residential,,Oakland Drive Southwest,106.52587606115323,False,False,False,True,False,False,True,False,False,,True,[],0.09059312986473406,296.0826110839844,301.4537353515625,0.0,5.371124267578125,-5.371124267578125,-0.05042083973139596,23,77.4733657836914,58.10502243041992,14.52625560760498,0.0,0.0,True,0.09059312986473406,16,0,0.0,0.0,1.5440820038340193,Oakland City
90063,1b3144da-6756-4261-a622-95964ead1c2c,d551575d-8ea1-47fc-901a-8fb08f8e2786,bf822e01-9431-444e-a23b-22664dcebe77,0,secondary,,North Avenue Northeast,45.02036450705758,False,False,False,True,False,False,True,False,False,,False,[],0.1070411173869793,296.41754150390625,301.01763916015625,0.0,4.60009765625,-4.60009765625,-0.10217815594173711,11,45.020362854003906,45.020362854003906,45.020362854003906,31.514253616333008,0.0,True,0.1070411173869793,32,0,0.0,0.0,1.542089639041455,Old Fourth Ward
8958,4848b974-1a49-4dac-8964-ff32b8940c4b,1ca9c3f1-6c1c-41b6-9493-55f201d1d68c,d0118055-081d-457b-a52a-360f43546a55,0,residential,,Baker Ridge Drive Northwest,128.03360189430057,False,False,False,True,False,False,True,False,False,,True,[],0.09829467020529958,277.80609130859375,286.0378112792969,0.0,8.231719970703125,-8.231719970703125,-0.06429343531792521,27,108.33612251281738,88.63864517211914,49.243690490722656,0.0,0.0,True,0.09829467020529958,12,0,0.0,0.0,1.5102024808076273,Collier Heights
14666,2a8ea9a5-8047-4cee-b585-3c3ee2342488,e46b3c57-3db4-4565-92f0-b50bcbd1044d,498d31a2-4c88-4c04-ad83-1947382bb13b,4,residential,,Niskey Lake Road Southwest,23.304239240479824,False,False,False,True,False,False,True,False,False,,True,[],0.09201404305976321,270.4509582519531,272.4489440917969,1.99798583984375,-0.0,1.99798583984375,0.08573486636624433,6,23.30423927307129,23.30423927307129,18.643391609191895,0.0,0.0,True,0.09201404305976321,70,0,0.0,0.0,1.501022091063974,Niskey Lake
14249,c94763a8-0ea2-4b84-bd31-970e1ed94eec,c7e1602a-2fc7-47c1-b30e-c10e80656eea,e6ef9a6e-b09e-4279-ae53-664f6af37176,1,residential,,Utoy Springs Road Southwest,62.7852562239098,False,False,False,True,False,False,True,False,False,,True,[],0.08531666008292065,262.97589111328125,266.28045654296875,3.3045654296875,-0.0,3.3045654296875,0.052632826082227975,14,53.12598419189453,33.80744552612305,9.659270286560059,0.0,0.0,True,0.08531666008292065,28,131,43.666666666666664,1.0,1.4998559417728294,
28974,c9a8bfc1-3b81-4006-877d-e718c814967b,8ebceac6-3eda-4e5f-af2d-d31a2f4d4f5e,1a1a4378-7d6d-450f-9227-950c7b6aa78e,1,residential,,Arthur Street Southwest,100.40526362905726,False,False,False,True,False,False,True,False,False,,True,[],0.0814894954697917,300.7442626953125,306.93798828125,6.1937255859375,-0.0,6.1937255859375,0.06168725849274626,22,100.40526580810547,66.93684387207031,9.562408447265625,0.0,0.0,True,0.0814894954697917,18,36,12.0,0.6666666666666666,1.4727553696157942,Pittsburgh
9272,a596c607-1bd9-4f12-9feb-3f64864e0452,20751585-5f36-4316-93fa-362b0b59628a,a0357706-4413-4620-b5ad-780dd2ba6b94,0,residential,,Woods Drive Northwest,280.69040585047253,False,False,False,True,False,False,True,False,False,,True,[],0.08734371368812456,274.4400634765625,287.28070068359375,12.84063720703125,0.376220703125,12.46441650390625,0.044406280160514684,58,231.44648599624634,113.26104354858398,19.69757080078125,0.0,0.0,True,0.08734371368812456,6,0,0.0,0.0,1.4709925466164293,Center Hill
109245,29f12575-0884-4165-b9bb-acffdd9f225d,d863db48-f88e-46cb-b2b6-00bd75f4dc68,3badf6e3-2be4-4044-b3bb-f27ac410f118,0,residential,,Slaton Drive Northwest,162.64691412176865,False,False,False,True,False,False,True,False,False,,True,[],0.11280870074023164,276.9588623046875,290.0823974609375,13.12353515625,0.126800537109375,12.996734619140625,0.07990766310655893,34,142.9321346282959,133.07474517822266,123.21735763549805,44.35824966430664,0.0,True,0.11280870074023164,8,0,0.0,0.0,1.4678389649187804,Peachtree Heights West
38765,0a7fdddd-0b8d-420c-b381-06620c92a813,815edac4-ef8d-4701-b8a6-2459be4c717c,4e3a2f78-560d-4a26-b0e0-022ce90a4bfa,0,residential,,Harbour Drive Southeast,77.52533945978517,False,False,False,True,False,False,True,False,False,,True,[],0.13474689294537598,292.095703125,295.2294616699219,1.8585205078125,3.133758544921875,-1.275238037109375,-0.0164493065473944,17,67.83467102050781,58.144004344940186,14.535999298095703,9.690666198730469,0.0,True,0.13474689294537598,14,0,0.0,0.0,1.4624818063438247,Chosewood Park
16923,6c413d52-3727-42ae-a944-70367794a935,ef2d6a3e-e98d-416c-b07c-2248d91caf9d,2cd26e5f-1ba1-4d50-bd73-494e0d076856,0,tertiary,,Centra Villa Drive Southwest,80.75321260959304,False,False,False,True,False,False,True,False,False,,False,[],0.09009712230793569,302.11029052734375,306.4317626953125,0.0,4.32147216796875,-4.32147216796875,-0.05351455455792133,18,61.75245666503906,42.75170135498047,14.250572204589844,0.0,0.0,True,0.09009712230793569,20,16,5.333333333333333,0.26666666666666666,1.455126414649048,Adams Park
16478,84ea28c5-41a3-4925-b1ea-de5638e0b93e,baafe13a-3446-4705-9022-46e1667aa2b5,f63c9a80-767d-4bcf-9cf9-f413c12c0fad,0,tertiary,,Avon Avenue Southwest,211.07868521569034,False,False,False,True,False,False,True,False,False,,False,[],0.085861537313804,289.97314453125,295.4999084472656,5.526763916015625,3.4530029296875,2.073760986328125,0.00982458717410865,44,166.8994369506836,58.90568542480469,39.27046203613281,0.0,0.0,True,0.085861537313804,8,0,0.0,0.0,1.4498832325436546,Cascade Avenue/Road
49743,3e16e234-f914-4216-9837-f4c9f29b5335,8d219c1d-d366-4d5c-8219-4f20bcf1a686,fbf9e06a-6235-465d-b899-8d3596a4b02e,2,tertiary,,Fair Street Southwest,122.86231134190626,False,False,False,True,False,False,True,False,False,,False,[],0.08400501744929768,306.4313659667969,314.3408508300781,0.0,7.90948486328125,-7.90948486328125,-0.06437681917365017,26,122.86231231689453,113.03332614898682,14.743476867675781,0.0,0.0,True,0.08400501744929768,14,0,0.0,0.0,1.4449470851393034,Ashview Heights
101862,eacf00f9-7ae9-4f0d-ae0f-88e4bd195158,23511faf-da3d-4993-a275-6927f35f03f5,d72d03aa-eedd-4acb-b1c8-89c29e3a80b7,0,tertiary,,West Wesley Road Northwest,103.78405932502139,False,False,False,True,False,False,True,False,False,,False,[],0.08699068574441102,252.7960968017578,259.6573181152344,0.0,6.8612213134765625,-6.8612213134765625,-0.06611055176493974,22,88.957763671875,74.1314697265625,59.30517578125,0.0,0.0,True,0.08699068574441102,16,3,1.0,0.0625,1.4445194384035593,Margaret Mitchell
55857,1305e8ef-bbc5-4fb9-8972-d0cffeb39a57,ca72df21-8beb-49b1-b405-ad69a356c076,578096d0-d883-4cb6-a12b-606dc74c5f1e,0,residential,,Rhomboid Street Northwest,170.9542698678169,False,False,False,True,False,False,True,False,False,,True,[],0.10558427013678345,271.1706237792969,282.45684814453125,11.286224365234375,0.45013427734375,10.836090087890625,0.06338589919596803,36,131.87901306152344,126.99459838867188,83.03493452072144,14.653221130371094,0.0,True,0.10558427013678345,8,0,0.0,0.0,1.4440065448608126,Underwood Hills
54670,e319b741-71cf-4b76-b65e-ffd0bc5ab365,b24dd765-5cdd-4c4f-9067-cbb574919be7,b44f96fd-783e-44f2-9150-95cbbbc4ad02,0,residential,,Elbridge Drive Northwest,176.2716011459027,False,False,False,True,False,False,True,False,False,,True,[],0.13492368939753968,271.36370849609375,286.72021484375,0.27618408203125,15.35650634765625,-15.080322265625,-0.08555162439223361,37,156.68587350845337,146.89300537109375,122.41082763671875,88.13580322265625,0.0,True,0.13492368939753968,6,0,0.0,0.0,1.4269928857570064,Historic Westin Heights/Bankhead
106374,facfb21d-b729-4448-bf49-90b042858ac1,57a76fef-16bc-47d9-a175-f31170edbaa2,60690cfd-eb00-4df3-99cc-c6d8b29ef091,8,secondary,,Howell Mill Road Northwest,94.31577677801832,False,False,False,True,False,False,True,False,False,,False,[],0.08380059779624592,270.1065368652344,276.6686706542969,6.5621337890625,-0.0,6.5621337890625,0.0695762074531168,20,94.3157730102539,94.3157730102539,19.855953216552734,0.0,0.0,True,0.08380059779624592,18,12,4.0,0.2222222222222222,1.4226693256107403,
49279,03e112ab-b612-4676-8837-49297c068c59,02aeeae4-bd65-4812-af71-fc4f1f47bd17,e12a9dc5-6399-4481-91d5-dabd3c15647f,1,residential,,Ollie Street Northwest,96.5531716647738,False,False,False,True,False,False,True,False,False,,True,[],0.12228120441676373,286.4698181152344,290.8463439941406,4.37652587890625,1.583587646484375,2.792938232421875,0.028926427315670435,21,77.2425365447998,67.58721733093262,33.79360580444336,19.310630798339844,0.0,True,0.12228120441676373,12,0,0.0,0.0,1.41679657457125,Washington Park
15623,e5fead5a-bdba-41c9-b035-e1d10d844f41,ee5ef056-183b-4b8b-b2e0-363a1046307d,7098ccb9-7f04-4a91-967a-e8e7acf12656,0,residential,,Dodson Drive Southwest,98.40895484862047,True,False,True,True,False,False,True,False,False,,True,[],0.08970241071740066,266.79534912109375,275.6225891113281,0.0,8.827239990234375,-8.827239990234375,-0.08969955714000967,21,98.4089584350586,98.4089584350586,98.4089584350586,0.0,0.0,True,0.08970241071740066,16,10,3.3333333333333335,0.20833333333333334,1.4124032777761744,Laurens Valley
89020,eeb308bf-a535-4873-9f42-4b562e2e3359,82b45049-8f9f-4e54-afae-dca70395229a,d39f8520-8531-43fc-803e-6f1d1f333fd6,0,steps,,Beltline Access Line,17.50551373125587,False,False,False,True,False,False,False,False,False,,False,[],0.364205832447422,280.16522216796875,286.4640808105469,0.0,6.298858642578125,-6.298858642578125,-0.35982140201315527,5,17.50551414489746,17.50551414489746,17.50551414489746,17.50551414489746,17.50551414489746,True,0.364205832447422,22,0,0.0,0.0,1.4026342442006003,Old Fourth Ward
91469,0ecaadca-e61f-4ac8-b715-63d6b5acc9cc,70fa4b7b-1e61-4be5-a60c-6ec3a540237d,b60ab550-9d46-4937-9ddd-ac4834edaa9f,1,residential,,Yorkshire Road Northeast,353.9374840907925,False,False,False,True,False,False,True,False,False,,True,[],0.09895951704817198,254.6246337890625,272.41278076171875,18.56982421875,3.845703125,14.72412109375,0.041600910791620115,72,284.14695739746094,229.31158447265625,154.53609085083008,0.0,0.0,True,0.09895951704817198,4,0,0.0,0.0,1.401019299634795,Morningside/Lenox Park
84803,1c655837-632c-4a14-b824-2bbaf53dac17,29717690-d0a2-4666-af91-96f5adea86b8,b4427e1f-8e9f-4082-834c-3bb027184edd,1,service,,,49.27036871493891,False,False,False,True,False,False,True,False,False,,False,[],0.11766550389112364,296.6006164550781,300.86126708984375,4.260650634765625,-0.0,4.260650634765625,0.08647490556624175,11,49.27037048339844,49.27037048339844,24.635183334350586,19.708147048950195,0.0,True,0.11766550389112364,24,0,0.0,0.0,1.391381462818738,Edgewood
110411,4349e255-d0c9-485a-94e6-f6a7eefd6732,5ad38258-cb75-4914-bc17-4c2b4492b15f,fae00b2c-b49a-4828-80e8-d3058954f4c5,4,footway,,,60.67954158588403,False,False,False,True,False,False,True,False,False,shared_path,True,[],0.08818580771915946,295.27545166015625,299.4093017578125,4.13385009765625,-0.0,4.13385009765625,0.06812592719908457,14,51.3442268371582,46.676570892333984,32.673598289489746,0.0,0.0,True,0.08818580771915946,26,0,0.0,0.0,1.3912793405626727,Buckhead Village
54667,a9995a49-365b-4a86-b204-db66f5fce1a8,28142956-81cb-4d0c-ba73-21575a2cbdaf,b24dd765-5cdd-4c4f-9067-cbb574919be7,0,residential,,Elbridge Drive Northwest,194.3257359611298,False,False,False,True,False,False,True,False,False,,True,[],0.11908852324473966,279.2318420410156,286.44403076171875,7.212188720703125,3.245758056640625,3.9664306640625,0.020411248046870552,40,134.53319549560547,79.72337341308594,54.809814453125,34.87898254394531,0.0,True,0.11908852324473966,6,0,0.0,0.0,1.388517895443489,Historic Westin Heights/Bankhead
89723,4f7a4a51-6094-4c66-b5ce-a0bdbf24d6a7,6f0c7508-10bd-4d9d-9ad5-2b3849c74013,521ab648-28ff-442a-8f26-07f035d8b68a,2,secondary,,North Avenue Northeast,98.5385302115295,False,False,False,True,False,False,True,False,False,,False,[ 0.64787542 56.75410949],0.10020099662115078,276.80078125,283.5820007324219,6.781219482421875,-0.0,6.781219482421875,0.06881794958392312,21,98.53852844238281,98.53852844238281,29.561553955078125,4.9269256591796875,0.0,True,0.10020099662115078,14,0,0.0,0.0,1.3823122505890086,Poncey-Highland
106372,facfb21d-b729-4448-bf49-90b042858ac1,ba0ae928-3923-4ce0-841f-90eccdd06b76,63dff411-1361-49cf-93c6-2e6a9e214302,6,secondary,,Howell Mill Road Northwest,91.58241218502505,False,False,False,True,False,False,True,False,False,,False,[],0.08258522002188248,260.13067626953125,267.4068603515625,7.27618408203125,-0.0,7.27618408203125,0.07944957842832615,20,91.58241271972656,91.58241271972656,62.661648750305176,0.0,0.0,True,0.08258522002188248,18,12,4.0,0.2222222222222222,1.3614036588783045,
99920,ec604bb6-726f-4433-9c43-c1c464bb64d0,9974e87f-8b13-4e09-86af-165b29daa37c,04b095ce-9a6b-4eb7-99d9-7e13ffae5ac9,2,tertiary,,Howard Circle Northeast,121.46124998326562,False,False,False,True,False,False,True,False,False,,False,[],0.09315227892920419,299.9457092285156,307.8622131347656,0.0,7.91650390625,-7.91650390625,-0.06517719755361893,26,121.46125030517578,106.88590240478516,9.716899871826172,0.0,0.0,True,0.09315227892920419,12,0,0.0,0.0,1.3577270685037148,Lake Claire
10093,38cc775c-b3c3-414c-93bf-eb03378fda36,53d46f6b-e3c7-4609-a36e-8d7d4bad91c3,e13761ee-1711-461b-a01b-fceaff0fd8b6,1,tertiary,,West Lake Avenue Northwest,76.7736634995756,False,False,False,True,False,False,True,False,False,,False,[],0.08807982452723238,295.1540222167969,298.3369445800781,0.0,3.18292236328125,-3.18292236328125,-0.041458517135952555,17,52.78189659118652,28.790122985839844,14.395061492919922,0.0,0.0,True,0.08807982452723238,20,52,17.333333333333332,0.8666666666666666,1.352442161871081,West Lake
90066,1b3144da-6756-4261-a622-95964ead1c2c,e4c2b2db-f34e-43b9-82ae-0e9b921d77ad,50b3a07d-7cfe-458f-b5c1-be3559980443,3,secondary,,North Avenue Northeast,38.57955828221573,False,False,False,True,False,False,True,False,False,,False,[],0.1095354677952024,287.476318359375,291.6654357910156,0.0,4.189117431640625,-4.189117431640625,-0.10858385903850337,9,38.579559326171875,38.579559326171875,38.579559326171875,38.579559326171875,0.0,True,0.1095354677952024,32,0,0.0,0.0,1.352265588407928,Old Fourth Ward
73225,fd85fc53-cb76-4a73-b9a9-10f91232cb6d,431d1d23-2dc8-41b2-b6c1-87dc5892d8aa,810fec77-1612-4aee-a4ba-fd0e2bdf740e,1,tertiary,,Fifth Street Northwest,145.2989339698001,False,False,False,True,False,False,True,False,False,,False,[],0.23132820117796984,284.1968688964844,291.43414306640625,7.237274169921875,9.5374755859375,-2.300201416015625,-0.015830820900514592,31,135.6123390197754,121.08244705200195,72.64946365356445,62.96286582946777,48.4329776763916,True,0.23132820117796984,4,0,0.0,0.0,1.3444696411324188,Georgia Tech
54618,56801c00-10b0-4bfa-86ea-6d860ae92024,286d8269-e509-4e70-a067-d9e5c10d2cd6,771446d7-b85e-4b20-9ea9-1beddfac41c8,0,residential,,Gary Avenue Northwest,162.03265355123122,False,False,False,True,False,False,True,False,False,,True,[],0.13792974856038312,267.72601318359375,275.87274169921875,8.4727783203125,0.642730712890625,7.830047607421875,0.04832388671897807,34,83.47136688232422,73.65120697021484,54.010887145996094,39.28064727783203,0.0,True,0.13792974856038312,6,0,0.0,0.0,1.3409473897735795,Grove Park
50857,8be13d16-6b87-4267-8c6b-31d49e7cc462,f027f577-0f51-4f5d-88b6-a5c38845d6fe,37ca4a62-f2ec-4c4f-b442-91ee0b182175,1,residential,,Foundry Street Northwest,92.10214760213938,False,False,False,True,False,False,True,False,False,,True,[],0.14464665414900632,292.7794189453125,303.5386962890625,0.0,10.75927734375,-10.75927734375,-0.116818959687999,20,92.1021499633789,92.1021499633789,77.55970573425293,72.71222496032715,0.0,True,0.14464665414900632,10,0,0.0,0.0,1.3322267490587387,Vine City
23978,dc6cdba0-403e-4450-80ca-c6fd84abb0ea,87ce9dce-f1a0-41f4-a12d-b868368ff5dd,3a116f15-ca7e-496b-8fd7-250c69bb6f67,0,residential,,Broadwell Street Southwest,117.58409826442669,False,False,False,True,False,False,True,False,False,,True,[],0.08027830810102062,284.76727294921875,288.9062805175781,1.73883056640625,4.139007568359375,-2.400177001953125,-0.02041242843312246,25,93.0874137878418,68.59072494506836,4.8993377685546875,0.0,0.0,True,0.08027830810102062,14,44,14.666666666666666,1.0,1.3215233455553261,Sylvan Hills
65691,1e1993c7-9598-4f99-9e44-08a0947d393a,9989539c-ded2-4982-b2b6-ece1901add9c,607899ab-214a-4c84-8c1a-318d8c9c2274,0,steps,,,14.693584844738913,False,False,False,True,False,False,False,False,False,,False,[],0.3201944008505037,277.37786865234375,280.4902038574219,0.0,3.112335205078125,-3.112335205078125,-0.2118159266946793,4,14.693584442138672,14.693584442138672,9.795722961425781,9.795722961425781,9.795722961425781,False,,28,3,1.0,0.03571428571428571,1.317345006798021,
49130,f430bb97-5fcb-4f95-9db5-241fa231917a,5687588e-80a2-49e1-8fa2-c89d59919696,1bde9606-33e1-4965-a67e-e7853f767330,5,cycleway,,Atlanta Beltline Westside Trail,8.541441638070495,True,False,True,True,False,False,True,False,False,dedicated_cycleway,True,[],0.29519879245465036,294.2246398925781,296.74603271484375,0.0,2.521392822265625,-2.521392822265625,-0.2951952195710061,3,8.541441917419434,8.541441917419434,8.541441917419434,8.541441917419434,8.541441917419434,False,,52,63,21.0,0.40384615384615385,1.311140093837746,Mozley Park
9846,5e2649ab-87b8-4984-9ef4-465d3a20911b,1ceb545f-fa2c-4243-b9ab-a66025acfde5,eae8db91-74bd-4029-a2f2-886ff68f2da8,0,tertiary,,Baker Road Northwest,366.29481214547104,False,False,False,True,False,False,True,False,False,,False,[],0.08920523554399226,267.6991271972656,289.5110168457031,0.0,21.8118896484375,-21.8118896484375,-0.0595473636537233,75,267.296199798584,237.59661865234375,98.99856567382812,0.0,0.0,True,0.08920523554399226,4,0,0.0,0.0,1.3070165998391656,Grove Park
60140,aa8e7f4f-febb-48bb-96a2-17e30bd790d4,65067a15-3ba9-4005-9722-c91f14aaa2ee,1dac077c-afe2-45fc-8037-f6720da65c60,5,trunk,,Northside Drive Northwest,31.976973075285443,False,False,False,True,False,False,True,False,False,,False,[],0.08870404240798774,275.0415344238281,277.7698974609375,0.0,2.728363037109375,-2.728363037109375,-0.0853227437427763,8,31.976972579956055,31.976972579956055,31.976972579956055,0.0,0.0,True,0.08870404240798774,46,0,0.0,0.0,1.3047839168446331,Loring Heights
86858,436e79ce-d64f-4fac-b483-d71f34d33095,abe32f72-0b72-4a37-8964-94cb740fe3bb,7fc8d0ab-5d00-4f06-9887-8c9fb1d0fa1f,1,secondary,,North Avenue Northeast,72.05637882962247,False,False,False,True,False,False,True,False,False,,False,[],0.08207249080226194,301.35260009765625,306.73333740234375,0.0,5.3807373046875,-5.3807373046875,-0.07467398741330207,16,72.05638122558594,72.05638122558594,19.215036392211914,0.0,0.0,True,0.08207249080226194,22,26,8.666666666666666,0.3939393939393939,1.3010462275224683,Poncey-Highland
91641,30d6cea0-e2eb-4459-ba0f-cbcdefb76bbc,0d5c198c-4065-445c-bd44-e16f9b288828,2a6c75c8-1b9c-4baa-a807-cf98243f4a84,2,residential,,Lanier Place Northeast,103.2983445934463,False,False,False,True,False,False,True,False,False,,True,[],0.08968590390840324,294.01239013671875,301.32080078125,7.30841064453125,-0.0,7.30841064453125,0.07075050882523835,22,103.29834747314453,103.29834747314453,29.513809204101562,0.0,0.0,True,0.08968590390840324,14,0,0.0,0.0,1.2970167569946929,Morningside/Lenox Park
24011,5898330e-6991-4ab0-ae6b-aab1ca05fdb2,aa51c50c-082b-40c4-ad2b-6f6a4fab0f7b,94dd5f2c-f2e1-437b-8e05-fbfda71581bf,0,residential,,Bader Avenue Southwest,493.70782457329676,False,False,False,True,False,False,True,False,False,,True,[],0.1308471838053509,286.5219421386719,314.0535583496094,27.5316162109375,-0.0,27.5316162109375,0.0557649987161433,100,309.1907653808594,219.42572021484375,164.5692596435547,94.75198364257812,0.0,True,0.1308471838053509,2,0,0.0,0.0,1.292005569361642,Sylvan Hills
14152,aff2a288-a7d2-4900-8b5d-518c77a01905,68fd5d34-e56a-40f6-8f4f-6558e3a13203,088958eb-c5e9-454c-b0ac-905b0ccde19f,2,residential,,Utoy Springs Road Southwest,47.09706054014384,False,False,False,True,False,False,True,False,False,,True,[],0.09784379173851733,256.6354675292969,261.04461669921875,4.409149169921875,-0.0,4.409149169921875,0.09361835030858048,11,47.09706115722656,47.09706115722656,42.3873553276062,0.0,0.0,True,0.09784379173851733,28,131,43.666666666666664,1.0,1.2902833952361294,
67405,6949219e-24af-4ebd-a58c-8b96cd498c06,85ef9b67-69b6-4858-a767-d9ce40e40ac7,03103f91-6971-4219-a616-d0d3894ad269,1,trunk,,North Avenue Northeast,72.39689967774333,False,False,False,True,False,False,True,False,False,,False,[],0.08087083153029791,305.5408630371094,310.62188720703125,0.0,5.081024169921875,-5.081024169921875,-0.07018290044498982,16,72.39689636230469,67.57043647766113,9.65291976928711,0.0,0.0,True,0.08087083153029791,22,0,0.0,0.0,1.2880554449740254,Midtown
58194,57a504f7-f1ae-4fc4-a1bc-659daea745cd,de3dcea6-61e3-4cc2-9a7e-e9d920ddb88e,ff7044b9-30db-44f7-94a1-81c26c7dd4de,0,residential,,McKinley Road Northwest,59.23720177171331,False,False,False,True,False,False,True,False,False,,True,[],0.08203663519971315,269.2731628417969,272.48431396484375,0.0,3.211151123046875,-3.211151123046875,-0.054208352714143,13,49.36433506011963,34.55503463745117,4.936431884765625,0.0,0.0,True,0.08203663519971315,26,71,23.666666666666668,0.9102564102564104,1.2635013851194399,Springlake
32768,9fee333c-a2a7-49e6-acf6-7660563195a3,aa5e7357-5d0d-458a-8742-42bb9c0ec378,ac8a44d4-7c16-4efc-a813-cbfeab5c8e49,0,secondary,,Capitol Avenue Southeast,12.498438148725151,True,False,True,True,False,False,True,False,False,,False,[],0.17408184007398386,306.3205871582031,308.496337890625,2.175750732421875,-0.0,2.175750732421875,0.17408181350788315,4,12.498437881469727,12.498437881469727,12.498437881469727,12.498437881469727,12.498437881469727,False,,58,60,20.0,0.3448275862068966,1.2619356443689513,Capitol Gateway
89289,d5d28299-aeb2-462d-be51-679bf67a33a5,1ac79503-8531-48a4-9a95-cae195f9d678,1f124ad8-6dd4-45d2-9e96-12affe3a2983,1,residential,,Barnett Street Northeast,34.80717925282047,False,False,False,True,False,False,True,False,False,,True,[],0.08603919143781469,292.9912109375,295.37982177734375,0.0,2.38861083984375,-2.38861083984375,-0.06862408683967428,8,34.80717849731445,34.80717849731445,9.944908142089844,0.0,0.0,True,0.08603919143781469,42,27,9.0,0.21428571428571427,1.2578082548403757,Virginia Highland
72904,fc6cdc11-2cdf-4e20-bec5-a50bfce1bfc9,129eab0c-cfdc-4bda-b038-ac07b3e4dad6,b22254c9-647a-4707-889a-66f2f04dcfe4,0,steps,,,27.501560407532228,False,True,True,True,False,False,False,False,False,,False,[],0.20530617866834117,277.11370849609375,282.75982666015625,0.0,5.6461181640625,-5.6461181640625,-0.20530173999971427,7,27.50156021118164,27.50156021118164,27.50156021118164,27.50156021118164,27.50156021118164,True,0.20530617866834117,22,0,0.0,0.0,1.2421728604311377,Georgia Tech
101973,bdf05333-ae99-4035-9024-ea226c44406b,12870796-8dcd-4d1d-bb0d-3aa2a201aeb7,bf4ceb70-fbad-4312-b4c1-86d44433d905,0,residential,,Nancy Creek Road Northwest,89.27102881492539,False,False,False,True,False,False,True,False,False,,True,[],0.08586403220670379,243.1948699951172,249.53221130371094,6.33734130859375,-0.0,6.33734130859375,0.07098990063355637,19,89.27102661132812,84.31152486801147,24.797508239746094,0.0,0.0,True,0.08586403220670379,16,2,0.6666666666666666,0.041666666666666664,1.2264272789264536,Paces
7598,d92e40f8-35db-4c30-b2cc-e4c24307d9ca,a7b18adf-e518-4176-9da3-6197752f6b35,fc428395-ba3a-4a06-a25b-c5e5089b5ac0,0,tertiary,,Hightower Road Northwest,70.51913384267351,False,False,False,True,False,False,True,False,False,,False,[],0.08646459138664667,270.908935546875,273.8328857421875,0.0,2.9239501953125,-2.9239501953125,-0.04146321725519318,16,51.71403121948242,18.805103302001953,4.7012786865234375,0.0,0.0,True,0.08646459138664667,20,39,13.0,0.65,1.2194816185294022,Carey Park
71560,6c98948c-b3ae-4a18-a16d-41f313957726,3245ff65-d404-41fd-be06-1e436cd484b5,1a424a08-d932-4ead-8f5d-66aec737e51f,0,footway,,,85.31997542828017,False,False,False,True,False,False,True,False,False,shared_path,True,[],0.11870966495809863,285.4229431152344,291.4579162597656,0.0,6.03497314453125,-6.03497314453125,-0.07073341285837687,19,71.0999813079834,56.87998580932617,37.91999053955078,28.43999481201172,0.0,True,0.11870966495809863,12,0,0.0,0.0,1.2153966836789216,Georgia Tech
8980,1c99cc4c-15ca-4096-8beb-1715f78c05cf,8665e96c-ed74-4640-83df-f9164da8aeb0,e60c3f36-37fc-474d-9ea8-ee1bc393fd40,0,tertiary,,Baker Road Northwest,61.7947066638864,False,False,False,True,False,False,True,False,False,,False,[],0.08936782854473929,289.4742126464844,293.32623291015625,3.852020263671875,-0.0,3.852020263671875,0.06233576260229573,14,61.794708251953125,47.53439140319824,14.26031494140625,0.0,0.0,True,0.08936782854473929,22,0,0.0,0.0,1.214940925024345,Center Hill
8964,ae584d7d-68a8-4191-a6b6-5c5979b5ef3f,2c1c97d3-cb1a-4390-adb5-51b0b252a3b0,aeb36e76-da81-4094-9bf1-bbc528894a54,0,residential,,Collier Ridge Drive Northwest,87.57850165180515,False,False,False,True,False,False,True,False,False,,True,[],0.09831166000498646,275.3923645019531,282.43524169921875,7.042877197265625,-0.0,7.042877197265625,0.08041787985091849,19,87.57849884033203,87.57849884033203,53.52019119262695,0.0,0.0,True,0.09831166000498646,14,50,16.666666666666668,1.0,1.205398302939378,Collier Heights
58188,7c8cc2f1-a5ae-45f4-b510-2541566a1c28,e859ec95-afdc-4776-9919-006474ccb733,da250228-9465-4df7-8cf3-a0fc58f699ed,1,residential,,McKinley Road Northwest,42.73805282512042,False,False,False,True,False,False,True,False,False,,True,[],0.1070727388989393,264.528564453125,268.506591796875,0.0,3.97802734375,-3.97802734375,-0.09307928469649371,10,42.73805236816406,42.73805236816406,37.9893798828125,14.246017456054688,0.0,True,0.1070727388989393,26,71,23.666666666666668,0.9102564102564104,1.1897808965102303,Springlake
9021,bd1f1c04-6306-4237-9b83-af9869e152ad,48df926a-23c1-481f-9c97-e411ab23847a,f130df2f-495a-48d4-9a94-31a83cc3d92d,0,residential,,Chilton Drive Northwest,103.41354140060182,False,False,False,True,False,False,True,False,False,,True,[],0.08189533633481962,280.24114990234375,283.6192626953125,0.0,3.37811279296875,-3.37811279296875,-0.03266605777218395,22,49.24454593658447,29.546730041503906,4.9244537353515625,0.0,0.0,True,0.08189533633481962,14,45,15.0,1.0,1.185672145640791,Collier Heights
9379,e2b6020e-262e-4b29-bdc6-18c18ccf343a,ceffe0db-ace7-4cd2-b8b5-83b3680d00df,d7017685-6fee-40a1-9d34-0c367142b34b,1,residential,,North Grand Avenue Northwest,51.62472555299931,False,False,False,True,False,False,True,False,False,,True,[],0.08812933449648058,269.4322814941406,272.2789611816406,2.8466796875,-0.0,2.8466796875,0.05514178852580249,12,37.54525375366211,28.1589412689209,4.6931562423706055,0.0,0.0,True,0.08812933449648058,26,0,0.0,0.0,1.182909703702814,Center Hill
11210,9253755e-515c-4796-92e5-12984194aa5b,ae16ad29-29b3-4cec-9ef5-eca072b69fcd,a87b79f4-ad69-43fd-9683-8d2730433fa3,0,residential,,Emerald Avenue Southwest,299.540902670725,False,False,False,True,False,False,True,False,False,,True,[],0.09835624644688824,287.11053466796875,302.9864501953125,0.0,15.87591552734375,-15.87591552734375,-0.053000828497713176,61,184.71688079833984,169.73983764648438,69.89288330078125,0.0,0.0,True,0.09835624644688824,4,0,0.0,0.0,1.1784687537602077,Westview
80307,ab6e3a81-5d2b-4d61-a271-479ff950555d,33a92194-dc9d-4a2c-a043-2ec8660404e1,5f1df2f6-40d7-4755-bd07-73a29dc665ce,1,tertiary,,Leonard Tate Street Southeast,159.35211096085547,False,False,False,True,False,False,True,False,False,,False,[  0.          53.78787115  57.80971053 115.58554494],0.18406449458102117,298.4346008300781,306.65557861328125,10.328582763671875,4.710540771484375,5.6180419921875,0.035255522679612766,33,144.4128532409668,134.45335006713867,94.61532974243164,59.75704574584961,34.858272552490234,True,0.18406449458102117,4,0,0.0,0.0,1.1732426305771466,Sweet Auburn
7215,089e2b6d-23f2-44a0-a053-d7c617ca4bcd,3a3e18cd-e7fb-4e49-9f11-1d34204256a4,8383764d-57a4-46ef-9c17-41a059e204ea,0,tertiary,,Johnson Road,57.40070991303361,False,False,False,True,False,False,True,False,False,,False,[],0.08476338685506785,268.6802673339844,271.9898681640625,0.0,3.309600830078125,-3.309600830078125,-0.057657836793056964,13,52.61731719970703,38.26713943481445,9.566784858703613,0.0,0.0,True,0.08476338685506785,24,5,1.6666666666666667,0.06944444444444445,1.167714859227359,Rockdale
38007,f6594e1b-f152-4550-9922-262a1c3f43f9,d6efdde2-3711-4e4e-8c5e-f1ce67805ffe,68906f37-afd2-4631-82ae-adf06caa6fab,1,tertiary,,Forrest Park Road Southeast,129.8957581397789,False,False,False,True,False,False,True,False,False,,False,[],0.08873699288674687,250.7242431640625,258.9001159667969,8.175872802734375,-0.0,8.175872802734375,0.06294180279032352,27,129.895751953125,104.91579818725586,29.975936889648438,0.0,0.0,True,0.08873699288674687,10,7,2.3333333333333335,0.23333333333333334,1.1526558966068152,Leila Valley
78927,bb8c51ca-0607-4b11-aa8a-d5e9f0860d4d,59fc6271-27ff-4995-8245-39b65447fd46,06b035a1-9cb0-477c-a9a6-e39cc89d4a7a,0,secondary,,Peachtree Street Northeast,11.297726877274739,True,False,True,True,False,False,True,False,False,,False,[],0.22690197701642514,309.86334228515625,312.4267272949219,0.0,2.563385009765625,-2.563385009765625,-0.22689387816258355,4,11.29772663116455,11.29772663116455,11.29772663116455,11.29772663116455,11.29772663116455,False,,44,51,17.0,0.38636363636363635,1.1279296882679062,Downtown
7334,0b2ef443-4264-4a6f-a7a1-c6eb917d7ebb,a9918653-15ac-440c-8f6c-74cc1c695640,77df2937-0bb7-4a2f-a6fa-faae09903c9e,0,residential,,North Eugenia Place Northwest,341.3910602300538,False,False,False,True,False,False,True,False,False,,True,[],0.16104758027706845,249.77371215820312,277.821533203125,0.404998779296875,28.047821044921875,-27.642822265625,-0.08097113876815526,70,272.12331771850586,207.80324745178223,173.16937637329102,143.48319244384766,39.581565856933594,True,0.16104758027706845,2,4,1.3333333333333333,0.6666666666666666,1.0996040835654621,Grove Park
7273,fa916685-09c2-49da-bc31-465497390f6c,6a06e21f-4d4e-46f3-959d-a6c30ed88397,f360d703-2808-4aae-8b58-98fc63cd6ff1,2,footway,,,79.7319476166343,False,False,False,True,False,False,True,False,False,shared_path,True,[],0.09666176935238138,267.62017822265625,269.9049072265625,0.8194580078125,2.28472900390625,-1.46527099609375,-0.018377463704088156,17,34.88273048400879,24.91623306274414,9.966493606567383,0.0,0.0,True,0.09666176935238138,14,6,2.0,0.14285714285714285,1.0789843582749363,Rockdale
59034,d607eb3d-4db2-4c19-8905-cdac11d9df5b,f3c32d76-d71a-46b7-88ab-2a6c77c50f6b,bbc5f7d3-0ca1-40fe-b943-a4135a55a0c9,0,residential,,Seaboard Avenue Northwest,131.99582873445314,False,False,False,True,False,False,True,False,False,,True,[],0.1016579896875039,266.16864013671875,277.0796813964844,10.911041259765625,-0.0,10.911041259765625,0.08266201212672732,28,131.99583435058594,122.2183609008789,92.88595294952393,4.88873291015625,0.0,True,0.1016579896875039,8,4,1.3333333333333333,0.16666666666666666,1.0734744477024456,Underwood Hills
16377,ca1f0c8b-e04f-4b95-b10e-09fea85789ef,bab9dfc2-18f2-4c70-8a0c-59ccef8f4e9b,a5ea0e40-0e17-4395-a3c2-7ba4582d8165,0,tertiary,,Avon Avenue Southwest,144.72382876780244,False,False,False,True,False,False,True,False,False,,False,[],0.09236952894808026,298.8441162109375,302.65997314453125,2.573516845703125,3.81585693359375,-1.242340087890625,-0.008584212273742935,30,109.79049301147461,54.895246505737305,9.98095417022705,0.0,0.0,True,0.09236952894808026,8,0,0.0,0.0,1.069445751267563,Cascade Avenue/Road
10652,34762f0b-b5eb-49fc-a5a8-bc1029f4a61f,fbbdef69-7c26-42ee-b9ff-c92dfc807be5,17b9ca3d-bf1d-4945-87ee-a3ed6ecd4068,0,residential,,Larchwood Road Southwest,133.7443364736965,False,False,False,True,False,False,True,False,False,,True,[],0.09973133055390572,286.959716796875,291.7598876953125,2.68621826171875,4.8001708984375,-2.11395263671875,-0.015805922349270723,28,108.97687149047852,84.20939636230469,34.67445755004883,0.0,0.0,True,0.09973133055390572,8,0,0.0,0.0,1.0670800504456812,Florida Heights
66658,d1521478-172e-4470-8cf9-89ee08ebbf8b,09c76915-58b9-479a-a7fc-37ee6187e9e8,19354185-b26e-4a86-8fba-4de4f03e867b,1,secondary,,North Avenue Northeast,47.97567398035807,False,False,False,True,False,False,True,False,False,,False,[],0.09244517667227102,290.4588317871094,294.6985168457031,0.0,4.23968505859375,-4.23968505859375,-0.0883715586208761,11,47.97567367553711,47.97567367553711,43.1781063079834,0.0,0.0,True,0.09244517667227102,24,0,0.0,0.0,1.0644287177005145,Old Fourth Ward
18793,a5e2c066-2070-491d-b660-1c8a39ff37f8,9542b244-595b-4c2d-a4af-e5e5cca7d619,1a676f2a-5e01-4271-84f8-bdebda6f5211,1,cycleway,,,8.223130961269417,False,False,False,True,False,False,True,False,False,dedicated_cycleway,True,[],0.30721948818555195,306.3561706542969,308.4812927246094,0.0,2.1251220703125,-2.1251220703125,-0.25843222293842977,3,8.22313117980957,8.22313117980957,8.22313117980957,8.22313117980957,8.22313117980957,False,,42,112,37.333333333333336,0.888888888888889,1.0610485557856615,Westview
54619,56801c00-10b0-4bfa-86ea-6d860ae92024,771446d7-b85e-4b20-9ea9-1beddfac41c8,76797669-a049-4a4a-a1f1-380c66adf61f,1,residential,,Gary Avenue Northwest,113.6725448685269,False,False,False,True,False,False,True,False,False,,True,[],0.154641514676711,262.6380310058594,275.8221740722656,0.0,13.18414306640625,-13.18414306640625,-0.11598352887735307,24,108.73026180267334,103.78797721862793,93.90340805053711,93.90340805053711,9.884567260742188,True,0.154641514676711,6,0,0.0,0.0,1.0547096709375234,Grove Park
106370,facfb21d-b729-4448-bf49-90b042858ac1,70bdd205-cf2a-4ba1-a200-f1b2ec8fdd3d,391e61d1-352a-4018-8c78-ac2ab8e05cd9,4,secondary,,Howell Mill Road Northwest,54.20471573782178,False,False,False,True,False,False,True,False,False,,False,[],0.10803492114486546,253.86178588867188,258.7808532714844,4.9190673828125,-0.0,4.9190673828125,0.09074980500640384,12,54.204715728759766,54.204715728759766,39.4216103553772,14.78310489654541,0.0,True,0.10803492114486546,18,12,4.0,0.2222222222222222,1.0540803942747763,
14667,2a8ea9a5-8047-4cee-b585-3c3ee2342488,498d31a2-4c88-4c04-ad83-1947382bb13b,225fe575-f234-466b-9b7b-ef0414251127,5,residential,,Niskey Lake Road Southwest,13.195669786203096,False,False,False,True,False,False,True,False,False,,True,[],0.11409687436920303,272.4489440917969,273.90765380859375,1.458709716796875,-0.0,1.458709716796875,0.11054457277741028,4,13.195670127868652,13.195670127868652,13.195670127868652,13.195670127868652,0.0,False,,70,0,0.0,0.0,1.053909274469732,Niskey Lake
15966,ad5cb41a-dedd-4923-b806-9a6b596e30a8,ac35964a-6acd-4142-8a1b-cd1acddee5ad,06d5b258-60bd-4367-a60f-3a5352c03362,1,residential,,Willis Mill Road Southwest,44.8026608585416,False,False,False,True,False,False,True,False,False,,True,[],0.08960192249335618,301.75262451171875,304.70562744140625,0.0,2.9530029296875,-2.9530029296875,-0.06591132769206051,10,44.80266189575195,34.84651470184326,9.956146240234375,0.0,0.0,True,0.08960192249335618,26,0,0.0,0.0,1.0437451818932233,Audobon Forest
60139,aa8e7f4f-febb-48bb-96a2-17e30bd790d4,e5b15345-9541-42f3-97d9-346042527a42,65067a15-3ba9-4005-9722-c91f14aaa2ee,4,trunk,,Northside Drive Northwest,24.84261937061871,False,False,False,True,False,False,True,False,False,,False,[],0.09073231123587418,277.7698974609375,279.8596496582031,0.0,2.089752197265625,-2.089752197265625,-0.08411964141633499,6,24.842618942260742,24.842618942260742,14.905570983886719,0.0,0.0,True,0.09073231123587418,46,0,0.0,0.0,1.0368530054186933,Loring Heights
47701,d13ecc08-c38d-4bc4-9fe3-4a6bd51b7926,71e94764-a1c1-4f9d-a0c2-b5ec627d963e,629b67f3-6645-4f28-b024-ba55e06b9331,1,primary,,Memorial Drive Southeast,25.1687938840966,False,False,False,True,False,False,True,False,False,,False,[],0.08922909071150584,298.3186340332031,300.47772216796875,2.159088134765625,-0.0,2.159088134765625,0.08578432802753806,7,25.168794631958008,25.168794631958008,25.168794631958008,0.0,0.0,True,0.08922909071150584,46,0,0.0,0.0,1.0330627525882945,The Villages at East Lake
87579,e4348c98-24b2-4381-bc3f-2165e6650fac,7e592bd5-2c44-46a4-9c5a-9dacd60e13de,de6baef8-531d-469d-bc0d-7021dc0a1849,0,footway,,,38.685720299473495,False,False,False,True,False,False,True,False,False,shared_path,True,[],0.2663061843884997,278.6092834472656,285.3917541503906,6.782470703125,-0.0,6.782470703125,0.17532234012268139,9,38.68571853637695,38.68571853637695,38.68571853637695,33.850006103515625,24.17857551574707,True,0.2663061843884997,10,0,0.0,0.0,1.0302246563273514,Druid Hills
19522,eeda14ac-e738-4a40-8deb-818e9d795fce,0237f750-1927-4f3b-9f94-0576984b8886,77ee70f6-cbd9-4612-a94a-0a698f71d782,0,residential,,Dorsey Street Southwest,149.0913802854697,False,False,False,True,False,False,True,False,False,,True,[],0.1149910192050845,312.3586120605469,319.0519104003906,2.268463134765625,6.69329833984375,-4.424835205078125,-0.02967867800283148,31,129.2125358581543,79.51540756225586,29.818283081054688,19.87884521484375,0.0,True,0.1149910192050845,6,0,0.0,0.0,1.0286501864231403,Oakland City
78864,12a1b990-9f46-406a-a44c-427dfc8c44ac,57054a2d-6449-4ea4-aabe-bd2138333864,59f5850d-39dc-4a33-af62-0d9b973cca57,0,secondary,,Ralph McGill Boulevard,42.31197451358147,True,False,True,True,False,False,True,False,False,,False,[],0.12139318822646408,303.7836608886719,308.9199523925781,5.13629150390625,-0.0,5.13629150390625,0.12139096974980684,10,42.311973571777344,42.311973571777344,42.311973571777344,42.311973571777344,0.0,True,0.12139318822646408,20,16,5.333333333333333,0.26666666666666666,1.0272770972721093,Downtown
16025,5fc8ec4a-8883-4580-a711-8288235257e8,8692e6c9-56ca-4443-9317-95e0a54e8c6d,88708491-4fdc-4909-b9b5-66a3d748a6f0,2,residential,,Harbin Road Southwest,313.40852728656563,False,False,False,True,False,False,True,False,False,,True,[],0.08134971451532017,265.0916748046875,277.0321350097656,11.940460205078125,-0.0,11.940460205078125,0.038098707361634454,64,198.9895477294922,74.62110137939453,9.94947624206543,0.0,0.0,True,0.08134971451532017,4,44,14.666666666666666,1.0,1.0198277688571618,Southwest
91693,8fd2b3b6-07da-414f-ac63-63754455645a,7b7187cb-21a5-448b-a320-c767bee6935d,59624210-91d0-4f9d-bdbe-7169456c4ace,1,residential,,Sussex Road Northeast,56.22769904445886,False,False,False,True,False,False,True,False,False,,True,[],0.1292570091080242,276.1793212890625,282.14202880859375,0.0,5.96270751953125,-5.96270751953125,-0.1060457318351446,13,56.227699279785156,56.227699279785156,51.542057514190674,32.799489974975586,0.0,True,0.1292570091080242,14,0,0.0,0.0,1.0174953890518008,Morningside/Lenox Park
91706,6921e448-2d7e-49b2-8df0-46e97bab8d78,897664fb-f092-488b-9a23-633f46b0efd1,b791e39f-0dfe-467b-8365-5f0da547b78c,0,residential,,Plymouth Road Northeast,57.70290652220095,False,False,False,True,False,False,True,False,False,,True,[],0.12590801912752816,267.8713073730469,270.8092346191406,0.35430908203125,2.93792724609375,-2.5836181640625,-0.04477448837868397,13,38.468605041503906,28.85145378112793,19.234302520751953,9.617151260375977,0.0,True,0.12590801912752816,14,0,0.0,0.0,1.0171362121355747,Morningside/Lenox Park
62244,def0b962-46bf-46ee-8ef1-0d26fa53376d,5d0c2d44-5433-4433-a2ac-4ebb53eadea5,a3dad6d2-731e-41b1-a956-277c79a5e34a,4,tertiary,,West Wesley Road,206.26766196137024,False,False,False,True,False,False,True,False,False,,False,[],0.08188133823821833,256.5537414550781,271.45965576171875,14.905914306640625,-0.0,14.905914306640625,0.07226491399550983,43,206.2676544189453,206.2676544189453,44.20021438598633,0.0,0.0,True,0.08188133823821833,6,0,0.0,0.0,1.0133683317999262,Peachtree Battle Alliance
51452,aa1a05b5-9dfa-48b8-bfec-4e390c0b3db8,17a0322d-aec3-4a39-93b5-d0449c9511f2,e499353d-4e00-451a-8058-778a515eb837,1,residential,,Oliver Street Northwest,33.36537155967156,False,False,False,True,False,False,True,False,False,,True,[],0.09481518473923063,276.7318420410156,279.75579833984375,3.023956298828125,-0.0,3.023956298828125,0.09063157832155648,8,33.36537170410156,33.36537170410156,33.36537170410156,0.0,0.0,True,0.09481518473923063,32,0,0.0,0.0,1.0123340378634658,English Avenue
51073,964fc3b0-198c-4ab0-9c66-1e8c39a89676,b0ff686a-013e-4a09-bdb1-c0cf9e597802,0dab1eca-9278-4f04-8271-4c807f6ab0f7,2,residential,,Elm Street Northwest,39.6659593664565,False,False,False,True,True,False,True,True,False,,True,[],0.18124997114883049,279.71636962890625,285.54254150390625,5.826171875,-0.0,5.826171875,0.14688090517265837,9,39.665958404541016,39.665958404541016,39.665958404541016,39.665958404541016,19.832980632781982,True,0.18124997114883049,14,0,0.0,0.0,1.0065235587065293,English Avenue
29040,d705d964-79cf-4888-8b8c-0c21e1af5bbf,d8b410ed-86c8-44a4-acfd-b7b4eb71c37f,7ef6b7d1-0206-405e-9c7e-ddb1baa5c706,1,residential,,Arthur Street Southwest,60.437822315048045,False,False,False,True,False,False,True,False,False,,True,[],0.08310331133218021,290.0380859375,293.7902526855469,3.752166748046875,-0.0,3.752166748046875,0.06208309169767219,14,60.43782043457031,46.490631103515625,9.298126220703125,0.0,0.0,True,0.08310331133218021,20,47,15.666666666666666,0.7833333333333333,1.0045166328172852,Pittsburgh
38336,15b6afc8-d171-4b99-b3e7-5a3d1b8dcd0d,90e9251d-8978-4dfd-8263-4ad047807a0e,20b5c990-0439-4f56-9d7d-be4b51c60029,0,residential,,Springside Drive Southeast,116.60083697125147,False,False,False,True,False,False,True,False,False,,True,[],0.0858673735387785,248.97103881835938,253.70326232910156,0.4886322021484375,4.7322235107421875,-4.24359130859375,-0.03639417513653148,25,72.87552499771118,53.44205284118652,14.575103759765625,0.0,0.0,True,0.0858673735387785,10,2,0.6666666666666666,0.06666666666666667,1.0012207623144664,Orchard Knob
19688,528cad39-9ec1-43f2-b986-0363d2ab84a5,da683823-21bb-4a0d-9396-8599a4815bb4,46b9df9d-a295-465d-b31a-d335f61c6155,0,residential,,Oakland Drive Southwest,197.18318656239677,False,False,False,True,False,False,True,False,False,,True,[],0.08439787658830267,308.8981018066406,318.5480651855469,9.64996337890625,-0.0,9.64996337890625,0.04893907935069089,41,138.02823638916016,93.66202163696289,39.43663787841797,0.0,0.0,True,0.08439787658830267,6,0,0.0,0.0,0.9985105346868853,Oakland City
39151,539327fb-308a-4bb2-9633-838c4bac4206,90774343-ffdb-4c31-91fc-8a36ad4b6ceb,74a6fb07-6ece-4482-b17e-3df9121957cc,2,cycleway,,Atlanta Beltline Southside Trail,16.13790834928035,False,False,False,True,False,False,True,False,False,dedicated_cycleway,True,[],0.3855622183518751,285.6182861328125,290.7067565917969,0.0,5.088470458984375,-5.088470458984375,-0.31531163543599083,5,16.137908935546875,16.137908935546875,16.137908935546875,16.137908935546875,16.137908935546875,True,0.3855622183518751,16,106,35.333333333333336,1.0,0.9955468388332447,Grant Park
19461,959d6dc1-a523-474d-9232-572a0e1b446a,d108b400-88b4-4ea1-ae3f-fd434f2505d7,fc56d88c-9d11-40f1-b5cf-313ba262f202,0,residential,,Oakland Drive Southwest,122.26886637715863,False,False,False,True,False,False,True,False,False,,True,[],0.08097453985002519,304.49560546875,312.298583984375,7.802978515625,-0.0,7.802978515625,0.06381819571603065,26,122.26886749267578,97.81509399414062,14.672264099121094,0.0,0.0,True,0.08097453985002519,10,0,0.0,0.0,0.9900665192874637,Oakland City
15864,d062cb25-170f-4e24-844f-cfac71dbe791,3e5f1270-6b68-4bfe-8f43-9d46d5488d83,b5e363c9-3feb-49a8-a0f6-5fd8cd9465b4,0,residential,,Mangum Lane Southwest,78.4028213555186,False,False,False,True,True,False,True,True,False,,True,[],0.12440757555941682,291.14459228515625,297.9063415527344,6.761749267578125,-0.0,6.761749267578125,0.08624369490722203,17,78.40282440185547,73.50264739990234,44.10158634185791,19.600704193115234,0.0,True,0.12440757555941682,10,0,0.0,0.0,0.9753904921858139,Magnum Manor
44250,a499aa0d-bfc9-4b8a-a257-bd54dee45881,b4410202-a2a2-419f-9150-ee1df30083e7,73541f5d-ad8d-4a1d-920c-b1c4c66afdb3,0,residential,,Vernon Avenue Southeast,77.66934054707137,False,False,False,True,False,False,True,False,False,,True,[],0.10388720458549634,279.2867431640625,285.6791076660156,0.0,6.392364501953125,-6.392364501953125,-0.08230228728572782,17,77.66934204101562,77.66934204101562,48.5433406829834,4.854331970214844,0.0,True,0.10388720458549634,12,0,0.0,0.0,0.9682620805721028,Ormewood Park
89724,4f7a4a51-6094-4c66-b5ce-a0bdbf24d6a7,521ab648-28ff-442a-8f26-07f035d8b68a,4ab552ef-e328-46f1-857a-f96637492b1e,3,secondary,,North Avenue Northeast,67.43091265794689,False,False,False,True,False,False,True,False,False,,False,[],0.10214356712061871,283.5820007324219,289.8110656738281,6.22906494140625,-0.0,6.22906494140625,0.09237698857416665,15,67.43091583251953,67.43091583251953,52.98143005371094,24.082468032836914,0.0,True,0.10214356712061871,14,0,0.0,0.0,0.9642687534314207,Poncey-Highland
8662,f8be81f5-11ef-4492-95ef-732f9eff31d1,4f8fbc47-fe67-4027-840e-31920a58bf91,747df9c0-b87b-495e-80ad-823aec469d24,0,residential,,Ozburn Road Northwest,213.47320557123967,False,False,False,True,False,False,True,False,False,,True,[],0.11256696572645711,288.3586120605469,299.6297912597656,0.0,11.27117919921875,-11.27117919921875,-0.052799034751518564,44,143.97029876708984,104.25435256958008,34.75144958496094,14.893478393554688,0.0,True,0.11256696572645711,4,0,0.0,0.0,0.9612012406021867,Collier Heights
68914,c293c293-5f10-4f3e-bf44-fcddf0ebd6e1,617093cf-7a92-49ad-856f-9fea791147e6,558ce607-0999-460d-bcbf-c95d7f7d84bd,1,secondary,,14th Street Northeast,88.95344917006223,False,False,False,True,True,False,True,True,False,,False,[],0.1346960200080279,293.1160583496094,296.6131286621094,0.889556884765625,3.6318359375,-2.742279052734375,-0.030828249983318047,19,49.4185791015625,34.5930061340332,29.651145935058594,9.883720397949219,0.0,True,0.1346960200080279,8,3,1.0,0.125,0.9585340455355036,Midtown
12567,1d77505f-86f1-42a6-8a17-a7509dc7c738,36e7fad7-c97e-473c-a11f-f95ff6390a9c,9ba33b7d-c98e-44c2-846c-cd55d7f134c5,0,tertiary,,Linkwood Road Northwest,55.864478092171495,False,False,False,True,False,False,True,False,False,,False,[],0.12121480294236463,273.2315368652344,277.65399169921875,4.422454833984375,-0.0,4.422454833984375,0.07916398591747995,13,51.20910596847534,41.898359298706055,27.932239532470703,18.62149429321289,0.0,True,0.12121480294236463,14,5,1.6666666666666667,0.11904761904761905,0.948024238478886,Collier Heights
34224,eb05b8bb-4a67-43ef-97a0-fc2f8ea42196,e6f873b1-2dd0-439a-8025-523a000244de,4d714dbb-bbe7-410e-a93b-6224edae31d3,0,residential,,Sydney Street Southeast,138.11091179709604,False,False,False,True,True,False,True,True,False,,True,[],0.08539914650349488,292.37567138671875,300.8534851074219,8.477813720703125,-0.0,8.477813720703125,0.06138409589761046,29,138.1109161376953,93.7181167602539,34.52772903442383,0.0,0.0,True,0.08539914650349488,8,0,0.0,0.0,0.9435643192233171,Grant Park
30268,50e3eb6a-0522-4793-82c2-6632a77df029,5174a722-7e12-44f0-8d78-7bbaf902f401,b85c33f5-2f44-4266-970a-387267e18c9c,1,residential,,Bass Street Southwest,103.8239630759097,False,False,False,True,False,False,True,False,False,,True,[],0.09037999628097611,298.2767333984375,305.31854248046875,7.04180908203125,-0.0,7.04180908203125,0.06782450916028862,22,93.93596267700195,84.04796600341797,39.551979064941406,0.0,0.0,True,0.09037999628097611,10,0,0.0,0.0,0.938360939667692,Mechanicsville
6579,5d2a18f9-2cf1-4fa2-927a-3978231f5ae9,a5ef7cbf-55c8-4e6e-a9ad-66749978ffc3,ceda960d-d610-4760-ab1d-816e2cfdf14d,0,footway,,,469.1438706350502,False,False,False,True,False,False,True,False,False,shared_path,True,[],0.09942460911942572,270.86328125,292.67724609375,3.243438720703125,21.81396484375,-18.570526123046875,-0.03958386267371959,95,369.32602310180664,219.59923553466797,114.79051208496094,0.0,0.0,True,0.09942460911942572,2,0,0.0,0.0,0.9328889191732856,Carver Hills
54807,649ab15f-9e47-483f-9474-c55a20ec7b7b,9f093e5b-e833-47df-95ab-f6f4d3cc2f31,b2697b59-eead-47e4-a947-9a6e7d942560,1,cycleway,,,142.24816745339433,False,False,False,True,False,False,True,False,False,dedicated_cycleway,True,[],0.08173930896749527,258.7541809082031,262.3840637207031,3.6298828125,0.601348876953125,3.028533935546875,0.021290495041178345,30,49.05109405517578,34.33576965332031,9.810211181640625,0.0,0.0,True,0.08173930896749527,8,1,0.3333333333333333,0.041666666666666664,0.9301813527626404,Rockdale
18827,465fd21e-f1b6-4e87-8590-7eb0f04c82a7,2a263ec0-03fe-4c11-8b3c-465628efa24b,c19ffc58-f766-4b0c-ad29-0e69c2d5c0d2,0,secondary,,Ralph David Abernathy Boulevard,26.034085664538356,False,False,False,True,False,False,True,False,False,,False,[],0.17690150701593438,312.7553405761719,314.08258056640625,1.327239990234375,1.259918212890625,0.06732177734375,0.002585908979315439,7,21.695073127746582,17.35605812072754,17.35605812072754,13.01704216003418,8.678028106689453,True,0.17690150701593438,20,0,0.0,0.0,0.9210937975677537,Westview
90064,1b3144da-6756-4261-a622-95964ead1c2c,bf822e01-9431-444e-a23b-22664dcebe77,ca375813-b5ba-4901-9cea-96e44ec36250,1,secondary,,North Avenue Northeast,25.707340739845886,False,False,False,True,False,False,True,False,False,,False,[],0.11101431171847907,293.6316833496094,296.41754150390625,0.0,2.785858154296875,-2.785858154296875,-0.10836819866375329,7,25.707340240478516,25.707340240478516,25.707340240478516,25.707340240478516,0.0,True,0.11101431171847907,32,0,0.0,0.0,0.9132424762708504,Old Fourth Ward
7255,0ba50de1-8cd5-45a2-89ea-743f9d65ecea,daecfcd7-dda8-4427-b219-591b952050fa,76b905c4-65fc-4899-846d-2e0cc0c91189,0,tertiary,,Johnson Road,66.81293073935565,False,False,False,True,False,False,True,False,False,,False,[],0.09620768582387423,270.44586181640625,275.1461486816406,4.700286865234375,-0.0,4.700286865234375,0.07034996158635123,15,62.04057693481445,52.495872497558594,33.406463623046875,0.0,0.0,True,0.09620768582387423,14,5,1.6666666666666667,0.11904761904761905,0.8999084429361877,Rockdale
89017,56c94c85-8c8d-4527-8e8c-4ef99ce901a0,d39f8520-8531-43fc-803e-6f1d1f333fd6,34684236-0be4-46e3-ab20-61ddefc91bdd,0,footway,,,11.972240743929579,False,False,False,True,False,False,True,False,False,shared_path,True,[],0.33918641954317513,278.514404296875,280.16522216796875,0.6173095703125,1.65081787109375,-1.03350830078125,-0.08632538790632704,4,11.972240447998047,11.972240447998047,7.9814934730529785,7.9814934730529785,7.9814934730529785,False,,22,0,0.0,0.0,0.8933807238053265,Old Fourth Ward
101961,9a66ff4d-855c-403c-b6f7-820807113e18,92331af7-a8ad-4172-a165-057a3c3ca27b,51e839ac-2983-4aa7-a2c0-15f98c1fa89f,0,tertiary,,Ridgewood Road Northwest,42.23948069599025,False,False,False,True,False,False,True,False,False,,False,[],0.0809094263740801,277.994873046875,281.3161315917969,3.321258544921875,-0.0,3.321258544921875,0.0786292496603848,10,42.239479064941406,42.239479064941406,14.079826354980469,0.0,0.0,True,0.0809094263740801,26,131,43.666666666666664,1.0,0.8885687598974163,Paces
88992,68522b46-df8d-488b-b822-81297cb59424,a676656e-8e02-48dd-8c3d-a5fc26c5d4ee,3320e816-80c5-4acd-a4a0-e8e7b1e50637,2,secondary,,North Avenue Northeast,60.65214388552739,False,False,False,True,False,False,True,False,False,,False,[],0.10410730751486606,295.1763610839844,299.8711853027344,4.69482421875,-0.0,4.69482421875,0.07740574037227109,14,55.986595153808594,46.655494689941406,32.65884780883789,18.662199020385742,0.0,True,0.10410730751486606,14,0,0.0,0.0,0.8840063952897104,Poncey-Highland
49796,a0696569-fb90-4e87-9d6b-98567470613a,5f42d79e-cb1e-45a1-bd32-767b9bd8fbae,29df84d8-d95e-4005-b02d-211e1c2f96ed,1,residential,,Euharlee Street Southwest,95.56151168137856,False,False,False,True,False,False,True,False,False,,True,[],0.09225399228129676,313.29681396484375,317.5644226074219,4.267608642578125,-0.0,4.267608642578125,0.04465823869792018,21,47.78075408935547,33.44652557373047,23.89037322998047,0.0,0.0,True,0.09225399228129676,10,0,0.0,0.0,0.8815930961042947,Atlanta University Center
5632,32ea67da-2d72-4e68-934e-f938e0628f25,b9380a7a-1d8c-4372-805c-4e04d1703983,51401ebc-112b-416a-8077-2beb1d76618a,0,residential,,Dunseath Avenue Northwest,99.50385701831735,False,False,False,True,False,False,True,False,False,,True,[],0.11056127119852663,255.6025848388672,259.1910095214844,0.7181396484375,3.5884246826171875,-2.8702850341796875,-0.028845966583781687,21,39.80154800415039,34.82635498046875,24.875961303710938,9.950386047363281,0.0,True,0.11056127119852663,8,47,15.666666666666666,1.0,0.8801018336881282,Bolton
10190,4f4df2c3-6737-4409-9d00-8c9c0fc05810,5b46f5cd-d6d2-4102-a51e-893a92c96bdd,9ee756b9-98ee-4ef5-b016-197ce654da2c,0,residential,,Sewanee Avenue Northwest,413.6669139429938,False,False,False,True,False,False,True,False,False,,True,[],0.1055087301417213,275.3734130859375,288.5475769042969,13.174163818359375,11.411865234375,1.762298583984375,0.004260187559797882,84,294.0523872375488,264.1487350463867,184.40573120117188,19.935760498046875,0.0,True,0.1055087301417213,2,0,0.0,0.0,0.8729094158353996,Center Hill
31313,638d902c-210a-431f-815a-5961e74aa341,a6d5de31-85ad-4301-9059-6f4f5c87fbfd,6614e3e0-48d3-4988-b752-4d90ddfa87c5,0,residential,,Claire Drive Southwest,15.538807961851479,True,False,True,True,False,False,True,False,False,,True,[],0.13819985982243357,289.43646240234375,291.5838928222656,0.0,2.147430419921875,-2.147430419921875,-0.1381978873818165,5,15.53880786895752,15.53880786895752,15.53880786895752,15.53880786895752,0.0,True,0.13819985982243357,40,5,1.6666666666666667,0.04166666666666667,0.8589844328542356,Lakewood Heights
7268,1276f1ae-3b27-46cf-aa25-bc09ab370d6b,76b905c4-65fc-4899-846d-2e0cc0c91189,3a3e18cd-e7fb-4e49-9f11-1d34204256a4,0,tertiary,,Johnson Road,72.98087544729354,False,False,False,True,False,False,True,False,False,,False,[],0.08398095704043806,271.9898681640625,275.229248046875,0.083099365234375,3.2393798828125,-3.156280517578125,-0.04324805093673271,16,48.65391540527344,38.92313003540039,4.865386962890625,0.0,0.0,True,0.08398095704043806,14,5,1.6666666666666667,0.11904761904761905,0.8580605271997809,Rockdale
27869,1eb871fd-b4f7-4d34-a591-73a7ac3874f0,1a1a4378-7d6d-450f-9227-950c7b6aa78e,4573f406-d4d7-405a-ad7e-2cbf78f43b25,0,residential,,Arthur Street Southwest,92.15400074134617,False,False,False,True,False,False,True,False,False,,True,[],0.09288266412390778,306.93798828125,310.6946716308594,3.756683349609375,0.1864013671875,3.570281982421875,0.0387425614561833,20,58.2025260925293,33.951473236083984,14.550631523132324,0.0,0.0,True,0.09288266412390778,10,30,10.0,1.0,0.8559509098532804,Pittsburgh
16378,4f049b2c-4703-4676-8312-63e0bb230302,9804bc16-e653-48e2-83b2-ae40cc3b8aa2,71fc1664-74cb-46fc-8216-e37ace8d349e,0,tertiary,,Avon Avenue Southwest,108.8199411962938,False,False,False,True,False,False,True,False,False,,False,[],0.09783906343991486,294.6969299316406,300.4295959472656,5.732666015625,0.356475830078125,5.376190185546875,0.04940445888653544,23,79.1417727470398,64.30269241333008,29.678165435791016,0.0,0.0,True,0.09783906343991486,8,0,0.0,0.0,0.8517472904185595,Cascade Avenue/Road
7513,f096dc20-54bd-477b-a950-618bbcea3e93,fc428395-ba3a-4a06-a25b-c5e5089b5ac0,8d8b30f6-12ca-4516-b6e5-56f39172ca8d,0,tertiary,,Hightower Road Northwest,50.03108669833025,False,False,False,True,False,False,True,False,False,,False,[],0.08398529234155047,267.9232482910156,270.908935546875,0.0,2.985687255859375,-2.985687255859375,-0.05967664299287804,12,50.03108596801758,36.38624382019043,4.54827880859375,0.0,0.0,True,0.08398529234155047,20,39,13.0,0.65,0.8403750885049446,Carey Park
27148,cd9046a3-9d2f-43de-bb68-9da4e7449b93,e942966d-034f-4f32-ad6b-9b8a80af6828,e9a2b7c2-b5f8-4489-bcbf-b65998bfadf5,8,residential,,Casplan Street Southwest,65.76073754309502,False,False,False,True,False,False,True,False,False,,True,[],0.0911460828916743,279.8490905761719,284.48114013671875,4.632049560546875,-0.0,4.632049560546875,0.07043792305048002,15,65.76073455810547,56.36634826660156,28.18317413330078,0.0,0.0,True,0.0911460828916743,14,20,6.666666666666667,0.4761904761904762,0.8391367089168807,Sylvan Hills
86379,be3dc37c-f00a-40a4-9af0-8ac52ed4f841,2ed6cf29-398b-4082-b862-c078f255842b,61fc668b-0e89-4d35-9701-cd900ffbc5c0,2,residential,,Austin Avenue Northeast,24.04782867957229,False,False,False,True,True,False,True,True,False,,True,[],0.10259525903811789,307.97686767578125,310.0529479980469,0.0,2.076080322265625,-2.076080322265625,-0.08633130044222757,6,24.047828674316406,24.047828674316406,14.42869758605957,4.809566497802734,0.0,True,0.10259525903811789,34,0,0.0,0.0,0.8388456923128998,Inman Park
23828,1cb7d1e1-e517-4632-8bd6-d6f466446eee,96ec19f5-9ebb-44af-a056-b494d5e85cae,caa587ac-863e-4155-9b7e-23581433a418,0,cycleway,,Beltline Access Line,122.60827741156034,False,False,False,True,False,False,True,False,False,dedicated_cycleway,True,[],0.08488846022214618,302.1535339355469,309.4971618652344,0.0,7.3436279296875,-7.3436279296875,-0.0598950425474932,26,117.70394515991211,83.37362670898438,24.52165985107422,0.0,0.0,True,0.08488846022214618,8,0,0.0,0.0,0.8326422303965683,Oakland City
15637,be1bdb36-bd61-4221-825d-4ca46c700b5e,88708491-4fdc-4909-b9b5-66a3d748a6f0,86f81183-b973-45a7-bb7e-88f0b77494b5,0,residential,,Harbin Road Southwest,241.10757841154216,False,False,False,True,False,False,True,False,False,,True,[],0.08630773333664109,277.0321350097656,287.6900329589844,10.65789794921875,0.12677001953125,10.5311279296875,0.0436781297856255,50,152.53744506835938,118.093505859375,39.364501953125,0.0,0.0,True,0.08630773333664109,4,44,14.666666666666666,1.0,0.8323779433194665,Laurens Valley
1861,db2a1175-b84d-49a0-b0f1-8872ab854f54,b0b55e68-16b7-4b39-9e73-fa2219c8985d,378b8734-2d45-4a6c-8694-f374f373fd30,0,residential,,,199.27948506179578,False,False,False,True,False,False,True,False,False,,True,[],0.20738163458136996,279.09100341796875,287.90301513671875,4.985076904296875,12.687744140625,-7.702667236328125,-0.038652585991709024,41,149.45960235595703,129.5316619873047,94.65775299072266,79.7117919921875,49.81986999511719,True,0.20738163458136996,2,0,0.0,0.0,0.8265381070129781,
50820,74d2f1ac-f89c-48d7-9849-f2ecf4d6c81a,f4ec5f07-8bee-413c-8f47-c9ae860a65d3,62872ef0-6602-4c23-bc64-1525f1c0e1b5,1,residential,,Griffin Street Northwest,55.916189540300756,False,False,False,True,False,False,True,False,False,,True,[],0.0818005285270338,304.7306823730469,308.8519287109375,0.0,4.121246337890625,-4.121246337890625,-0.07370398907252199,13,55.91619110107422,55.91619110107422,9.319366455078125,0.0,0.0,True,0.0818005285270338,18,7,2.3333333333333335,0.12962962962962965,0.8233152943705921,Vine City
106870,90649f21-c03f-4a6d-b0e2-9936e5deb9cb,9271681b-daed-4d1c-b190-d3663a0fe482,670e64a7-b7ca-46fa-8e2d-3e4a104d9e53,8,secondary,,Howell Mill Road Northwest,43.46211087058947,False,False,False,True,False,False,True,False,False,,False,[],0.10494140452972943,267.60260009765625,270.719482421875,3.11688232421875,-0.0,3.11688232421875,0.07171492939905552,10,38.632988929748535,28.97474193572998,24.145618438720703,9.658246994018555,0.0,True,0.10494140452972943,18,58,19.333333333333332,1.0,0.8209754925455666,Brandon
101975,bdf05333-ae99-4035-9024-ea226c44406b,56ea3f35-a1f8-46fd-8157-7136630eb635,f2219b4f-d8d9-49fd-b634-fceb9030ed85,2,residential,,Nancy Creek Road Northwest,56.838538378875505,False,False,False,True,False,False,True,False,False,,True,[],0.08952553820474758,251.2191162109375,255.7400665283203,4.5209503173828125,-0.0,4.5209503173828125,0.07954022723132975,13,56.838539123535156,56.838539123535156,28.419269561767578,0.0,0.0,True,0.08952553820474758,16,2,0.6666666666666666,0.041666666666666664,0.814160118262405,Paces
88950,8bbe0d01-db4a-4d8d-b3a2-49b3ec11ced9,864eaa1e-dae8-435c-9804-e15679eefe1e,f1baad2f-4144-469b-a9fc-a2a064c5745d,0,path,,,45.22605714837606,False,False,False,True,False,False,True,False,False,shared_path,True,[],0.14827585625190837,294.45819091796875,298.64288330078125,4.1846923828125,-0.0,4.1846923828125,0.09252834491984473,11,40.703453063964844,36.18084716796875,31.658239364624023,27.13563346862793,0.0,True,0.14827585625190837,12,0,0.0,0.0,0.8047118818287841,Poncey-Highland
42160,2b15c10f-423e-46f2-a8ca-d5cedf060a10,5ea68726-4126-45dc-a292-5e69b8cdb731,ac62e39b-8d9c-4595-8730-a2bc25ecb4c5,0,residential,,Berne Street Southeast,216.23143162231824,False,False,False,True,False,False,True,False,False,,True,[],0.0928067762297907,291.4063720703125,305.10986328125,0.0,13.7034912109375,-13.7034912109375,-0.06337418758935097,45,216.23143005371094,167.08792114257812,63.88655090332031,0.0,0.0,True,0.0928067762297907,4,0,0.0,0.0,0.8027096835367911,Grant Park
8941,fa44af21-d45b-4c9d-96ca-09041bcf1c20,52515225-8f75-4692-b2b3-2a3ba5358587,dffa3af8-fdb0-4290-a510-e8774a548b42,2,residential,,Waterford Road Northwest,63.6803231574834,False,False,False,True,False,False,True,False,False,,True,[],0.12341321136029061,255.9963836669922,261.8852233886719,5.8888397216796875,-0.0,5.8888397216796875,0.09247502682944143,14,63.68032455444336,53.88335037231445,44.08637619018555,34.289405822753906,0.0,True,0.12341321136029061,10,0,0.0,0.0,0.7858993181326109,Collier Heights
38044,4ad2e9f3-6387-4a3c-bfec-a7ab958e3ae8,740ee9fc-b1f9-4bec-a10b-e08f786a9513,e95747e8-eab8-4742-babe-e2c56657900d,0,tertiary,,Forrest Park Road Southeast,76.8665124428585,False,False,False,True,False,False,True,False,False,,False,[],0.10160547125929326,274.7685546875,281.33746337890625,6.56890869140625,-0.0,6.56890869140625,0.08545864992404999,17,76.86651611328125,76.86651611328125,52.845726013183594,9.608316421508789,0.0,True,0.10160547125929326,10,7,2.3333333333333335,0.23333333333333334,0.7810058220814967,Norwood Manor
57906,d845891c-e80b-42e7-aa02-c37ada773aa7,aa3753a9-a494-4363-9d39-a96dba0bb6e5,8dd75b18-eeb9-4891-8ebd-040ab7e515eb,10,tertiary,,West Wesley Road,79.16518759357555,False,False,False,True,False,False,True,False,False,,False,[],0.08194029183326369,260.0140380859375,265.51885986328125,0.0,5.50482177734375,-5.50482177734375,-0.06953589315075384,17,79.1651840209961,79.1651840209961,9.895645141601562,0.0,0.0,True,0.08194029183326369,12,17,5.666666666666667,0.47222222222222227,0.7784182289343177,Brandon
91301,c78e679d-b78b-4b6d-ad21-5fd080931687,292b481f-f079-4842-b969-a5340e4d1827,a503ade1-e682-4acd-b657-e5250bcaa8d6,0,footway,,,19.48319584427496,False,False,False,True,False,False,True,False,False,shared_path,True,[],0.0939185727071077,263.72442626953125,265.2967224121094,0.0,1.572296142578125,-1.572296142578125,-0.08070011314948125,5,19.483196258544922,19.483196258544922,9.741598129272461,0.0,0.0,True,0.0939185727071077,42,0,0.0,0.0,0.7685302570962896,Morningside/Lenox Park
15869,4233924a-4550-4ed7-934c-9f9f6f007f39,d3138045-5ae7-49f0-ba3e-4cdb6035452d,11460dee-c8f2-4cbc-98f5-1a9eed4e481e,0,residential,,Clearbrook Drive Southwest,90.38119394126699,False,False,False,True,False,False,True,False,False,,True,[],0.08420890557612948,273.3023376464844,279.8709716796875,0.0,6.568634033203125,-6.568634033203125,-0.07267699910622968,20,90.38119506835938,90.38119506835938,28.541431427001953,0.0,0.0,True,0.08420890557612948,10,0,0.0,0.0,0.7610901426457997,Magnum Manor
8940,fa44af21-d45b-4c9d-96ca-09041bcf1c20,7f9c90f8-3d84-478d-95ea-1815689faaca,52515225-8f75-4692-b2b3-2a3ba5358587,1,residential,,Waterford Road Northwest,59.30241965119304,False,False,False,True,False,False,True,False,False,,True,[],0.12700456432784427,250.3936004638672,255.9963836669922,5.602783203125,-0.0,5.602783203125,0.09447815814626909,13,54.360549449920654,49.418681144714355,39.53494453430176,29.651208877563477,0.0,True,0.12700456432784427,10,0,0.0,0.0,0.7531677971386762,Collier Heights
48638,5bbe7e0a-4632-4d43-a2b7-ebb98e49103a,3b2bb9b3-349b-4599-97ff-44f340dd1f3a,d128f3b4-fae1-4fb7-a919-0dbcdaa62b0e,0,residential,,Ezra Church Drive Northwest,397.488002679631,False,False,False,True,False,False,True,False,False,,True,[],0.09366688982931129,289.5085144042969,305.1041564941406,11.544189453125,15.59564208984375,-4.05145263671875,-0.01019264121063008,81,357.73920726776123,317.9904041290283,168.93239974975586,0.0,0.0,True,0.09366688982931129,2,0,0.0,0.0,0.7446292991093197,Hunter Hills
48830,c727a483-f90c-4cad-b7f2-ee06f57e4c67,5bb2d7eb-8e25-4902-9e6f-497ae3ce1368,05d63321-0f61-4205-8a92-64c1e9f667f5,0,secondary,,Joseph E. Boone Boulevard Northwest,21.017268162656773,True,False,True,True,False,False,True,False,False,,False,[],0.08410122330743361,276.4588928222656,278.2263488769531,0.0,1.7674560546875,-1.7674560546875,-0.08409542665957957,6,21.01726722717285,21.01726722717285,21.01726722717285,0.0,0.0,True,0.08410122330743361,42,7,2.3333333333333335,0.05555555555555556,0.742382744485121,Hunter Hills
57893,10276030-0ad3-4571-bf40-9c27e0840a54,8dd75b18-eeb9-4891-8ebd-040ab7e515eb,5271be36-ca55-4d87-bd88-6a0cb51c262a,0,tertiary,,West Wesley Road,74.80385060441368,False,False,False,True,False,False,True,False,False,,False,[],0.08263494307316192,253.9761199951172,260.0140380859375,0.0,6.0379180908203125,-6.0379180908203125,-0.08071667742682329,16,74.80384826660156,74.80384826660156,54.85615539550781,0.0,0.0,True,0.08263494307316192,12,17,5.666666666666667,0.47222222222222227,0.7417694323618841,Brandon
78009,68f04c93-69c0-469c-a166-6a56a3878aad,416083e5-72ae-41c8-99e1-86173789051d,9fb75c4d-63ee-43d1-9b58-fbd7155e2124,2,secondary,,Peachtree Street Northeast,3.9911273228914528,False,False,False,True,False,False,True,False,False,,False,[],0.21535195846165123,326.6971130371094,327.48162841796875,0.0,0.784515380859375,-0.784515380859375,-0.19656486280974536,3,3.9911272525787354,3.9911272525787354,3.9911272525787354,3.9911272525787354,3.9911272525787354,False,,86,43,14.333333333333334,0.16666666666666669,0.7391674934908541,Downtown
5996,c42cdaab-dc74-442c-bee0-52f7ef4c18d4,9ade90a4-adf8-45d2-83c9-fdcafbfa1e51,5da71693-9610-4029-8da0-da150d72d15e,0,service,,Maid Lane Northwest,208.2753810603828,False,False,False,True,False,False,True,False,False,,False,[],0.08871686593947525,281.7651062011719,295.39898681640625,13.633880615234375,-0.0,13.633880615234375,0.06546083804320074,43,208.27537536621094,193.3985595703125,24.794687271118164,0.0,0.0,True,0.08871686593947525,4,2,0.6666666666666666,0.16666666666666666,0.7391015624010842,Hills Park
8685,6769afa2-4c65-400e-9972-e4ecca5505b5,e7818bea-1cc7-41d5-96fc-ac0da3080c65,17a01b92-e9a9-4425-92e6-c16e13c26fb1,1,residential,,Oldknow Drive Northwest,66.10102247916421,False,False,False,True,False,False,True,False,False,,True,[],0.11126971453202104,261.61376953125,266.7890930175781,0.0,5.175323486328125,-5.175323486328125,-0.07829415374643077,15,56.65802001953125,47.21501541137695,37.77201461791992,28.329010009765625,0.0,True,0.11126971453202104,10,0,0.0,0.0,0.7355041901531308,Collier Heights
35065,e0b4d7a3-7fdf-4a0f-acb1-88880e388639,0659892a-edc5-4f2b-bee8-650c88a6ee0f,e0df25ed-6829-4a00-8a7c-2d5707a8a817,0,residential,,Moury Avenue Southeast,226.1256737391258,False,False,False,True,False,False,True,False,False,,True,[],0.16208095356344673,294.60406494140625,313.3182373046875,0.78533935546875,18.71417236328125,-17.9288330078125,-0.0792870305165428,47,201.54679584503174,152.38904190063477,132.72593688964844,93.39973449707031,29.494659423828125,True,0.16208095356344673,2,0,0.0,0.0,0.7330132964962871,South Atlanta
88991,68522b46-df8d-488b-b822-81297cb59424,739bb500-3767-4c94-86c3-505995788b04,a676656e-8e02-48dd-8c3d-a5fc26c5d4ee,1,secondary,,North Avenue Northeast,50.467747001971496,False,False,False,True,False,False,True,False,False,,False,[],0.10357267872331757,290.7581787109375,295.1763610839844,4.418182373046875,-0.0,4.418182373046875,0.08754467276455903,12,50.46774673461914,50.46774673461914,36.70381546020508,9.175952911376953,0.0,True,0.10357267872331757,14,0,0.0,0.0,0.7317911644574815,Poncey-Highland
7256,2aa22a31-9841-4069-8013-dcaa56aa0ff7,18287e5f-9277-4d61-89d9-1d62d60710fd,58c3324a-9bdf-41e0-a34a-35a535134efd,0,tertiary,,Johnson Road,49.12716936128232,False,False,False,True,False,False,True,False,False,,False,[],0.10595111152265316,269.90679931640625,273.1651306152344,3.258331298828125,-0.0,3.258331298828125,0.06632442417310917,11,44.21445083618164,34.38901901245117,14.738150596618652,4.912716865539551,0.0,True,0.10595111152265316,14,5,1.6666666666666667,0.11904761904761905,0.7287109479705289,Rockdale
51072,964fc3b0-198c-4ab0-9c66-1e8c39a89676,e55cf7d0-573f-4ab4-89e0-d5840dbe5a4d,b0ff686a-013e-4a09-bdb1-c0cf9e597802,1,residential,,Elm Street Northwest,42.98348890775137,False,False,False,True,True,False,True,True,False,,True,[],0.11935606257263466,277.3946533203125,279.71636962890625,2.32171630859375,-0.0,2.32171630859375,0.05401414145573642,10,28.65566062927246,19.10377311706543,9.551887512207031,4.775943756103516,0.0,True,0.11935606257263466,14,0,0.0,0.0,0.7182475988329209,English Avenue
55287,fd2f3c7c-d352-4366-b308-9940e5bd14a3,2e3792d5-74d2-4ef8-a1dc-2c81a1c72650,e800feec-aaa8-4fdc-9250-3fa21a33e373,0,residential,,Huff Road Northwest,83.31982231545908,False,False,False,True,False,False,True,False,False,,True,[],0.10706633115687833,280.40863037109375,288.8287353515625,8.42010498046875,-0.0,8.42010498046875,0.10105764215683402,18,83.31982421875,83.31982421875,78.41865539550781,63.71515655517578,0.0,True,0.10706633115687833,8,2,0.6666666666666666,0.08333333333333333,0.7136598150367363,Blandtown
60136,aa8e7f4f-febb-48bb-96a2-17e30bd790d4,9bb36a95-b714-4eb9-88cb-90242b0479c9,acdada88-4cbe-447a-b989-c676be1ffa66,1,trunk,,Northside Drive Northwest,17.06485053500035,False,False,False,True,False,False,True,False,False,,False,[],0.08967402542155971,287.4632568359375,288.9673767089844,0.0,1.504119873046875,-1.504119873046875,-0.0881414068074559,5,17.064849853515625,17.064849853515625,17.064849853515625,0.0,0.0,True,0.08967402542155971,46,0,0.0,0.0,0.7039259667177395,Loring Heights
88872,62ad29f8-ce1a-49cb-99bc-f0a1a60e3472,f3da5510-ac89-42c2-a9a3-92fcd4bab51c,ed4efb4e-ff44-40bd-b746-01f6278aadea,1,path,,,122.1003254898034,False,False,False,True,False,False,True,False,False,shared_path,True,[],0.09368951679041235,301.9836120605469,309.37347412109375,0.0,7.389862060546875,-7.389862060546875,-0.060522868939599475,26,107.44828701019287,83.02822494506836,24.420063018798828,0.0,0.0,True,0.09368951679041235,6,0,0.0,0.0,0.6863712297055048,Poncey-Highland
57126,47a00eb3-df75-49a4-bce3-f2a1cf8e599c,5271be36-ca55-4d87-bd88-6a0cb51c262a,44aae1a3-a380-48a5-b1c6-0623c6ef7ff6,0,tertiary,,West Wesley Road,69.14875076890546,False,False,False,True,False,False,True,False,False,,False,[],0.08134200404701956,248.46376037597656,253.9761199951172,0.0,5.512359619140625,-5.512359619140625,-0.07971741491802528,15,69.14875030517578,69.14875030517578,34.57437515258789,0.0,0.0,True,0.08134200404701956,12,17,5.666666666666667,0.47222222222222227,0.6749637557868786,Brandon
10068,472445d4-3d01-4ed3-b016-2c068a367b71,229d8b42-72d4-44d1-a189-10112ca0e07e,b1e8955a-fce6-4147-84d4-49818955151f,0,residential,,Ezra Church Drive Northwest,288.39808151367674,False,False,False,True,False,False,True,False,False,,True,[],0.11550009033513761,274.0573425292969,288.664306640625,6.91668701171875,14.606964111328125,-7.690277099609375,-0.026665494208182067,59,268.508544921875,253.59140014648438,119.3371353149414,64.64094161987305,0.0,True,0.11550009033513761,2,0,0.0,0.0,0.6662000893462009,West Lake
10655,1ca25b4a-001c-427d-9763-a0dbc1208f0f,1f4fb427-908a-4901-abf7-5dc8766686e8,5e2f1d90-0a94-412c-9943-cf9a36fb31e9,0,residential,,Larchwood Road Southwest,70.4563931805833,False,False,False,True,False,False,True,False,False,,True,[],0.1158956310723964,293.9034118652344,298.21563720703125,0.0,4.312225341796875,-4.312225341796875,-0.06120417634918125,16,56.365116119384766,42.273834228515625,23.485464096069336,14.091279029846191,0.0,True,0.1158956310723964,8,0,0.0,0.0,0.6532470520598871,Florida Heights
86908,c0f9e955-925d-4c4e-8674-98b990827226,4dc13d20-03ad-47aa-8c17-ef1ea528b65a,771dab9d-62ec-45cc-9144-dc3ff038653b,3,service,,,65.4520097200308,False,False,False,True,False,False,True,False,False,,False,[],0.09918071185162466,301.5093688964844,304.7950439453125,0.0,3.285675048828125,-3.285675048828125,-0.05019975693927189,15,51.426578521728516,23.375717163085938,14.025430679321289,0.0,0.0,True,0.09918071185162466,10,0,0.0,0.0,0.6491576916152113,Poncey-Highland
66550,91322e66-1b3d-4c33-a19d-06019f08331e,5d848374-61f8-4847-8d0c-534fe38c9804,7233fd3b-c9ba-4ff1-ab51-25031b71e187,0,secondary,,North Avenue Northeast,28.727980931306938,False,False,False,True,False,False,True,False,False,,False,[],0.09375811970672304,286.1859130859375,288.74749755859375,0.0,2.56158447265625,-2.56158447265625,-0.0891668795681985,7,28.727981567382812,28.727981567382812,28.727981567382812,0.0,0.0,True,0.09375811970672304,24,0,0.0,0.0,0.6464355540215838,Old Fourth Ward
90065,1b3144da-6756-4261-a622-95964ead1c2c,ca375813-b5ba-4901-9cea-96e44ec36250,e4c2b2db-f34e-43b9-82ae-0e9b921d77ad,2,secondary,,North Avenue Northeast,18.951508461058204,False,False,False,True,False,False,True,False,False,,False,[],0.10646649582741465,291.6654357910156,293.6316833496094,0.0,1.96624755859375,-1.96624755859375,-0.10375151166741546,5,18.951507568359375,18.951507568359375,18.951507568359375,18.951507568359375,0.0,True,0.10646649582741465,32,0,0.0,0.0,0.6456642228775893,Old Fourth Ward
33444,e7dd8ab5-5260-4a7f-b151-2aeacbdab93d,0572476b-e6ca-4b06-88cb-856363bf7b0a,4ef932e7-3482-4cfa-8179-c2779dee2b2f,1,residential,,Fraser Street Southeast,129.58810827648026,False,False,False,True,True,False,True,True,False,,True,[],0.12419110539298789,279.707275390625,290.3554992675781,0.0,10.648223876953125,-10.648223876953125,-0.0821697634882533,27,119.61978912353516,109.65147399902344,79.74652862548828,34.889105796813965,0.0,True,0.12419110539298789,4,0,0.0,0.0,0.6437476165056915,Peoplestown
107077,66316118-9ef7-4893-8a98-fecfc49db359,d0f502b2-e9b3-4c7b-ad39-c16d8f6ffce2,f8621737-8be8-4568-a24f-0b704e0d8232,0,residential,,Castlewood Drive Northwest,63.69655735408614,False,False,False,True,False,False,True,False,False,,True,[],0.1258824762500354,281.1393127441406,287.75762939453125,6.618316650390625,-0.0,6.618316650390625,0.10390383808040284,14,63.696556091308594,63.696556091308594,53.89708709716797,44.097618103027344,0.0,True,0.1258824762500354,8,0,0.0,0.0,0.6414624294667813,Castlewood
33228,4229aeef-a1cd-42ff-9671-1293c671b0d1,17c33152-1fba-4378-b6df-d26ec7beec7a,07189e1e-e762-4159-9d0d-86e1cb2c600e,0,residential,,Fern Avenue Southeast,198.43910601445097,False,False,False,True,False,False,True,False,False,,True,[],0.0806710075878975,293.52203369140625,301.6966247558594,1.764678955078125,8.174591064453125,-6.409912109375,-0.03230165848962372,41,148.82933044433594,99.21955108642578,4.9609832763671875,0.0,0.0,True,0.0806710075878975,4,0,0.0,0.0,0.6403313050810948,Peoplestown
18829,a21a2812-742f-40db-9432-36ec06350f08,d560bc29-19b9-4867-9723-951666799ea3,2dcc3d52-3427-4ffc-b9c4-6930182be617,0,secondary,,Ralph David Abernathy Boulevard,13.975001414122698,False,False,False,True,False,False,True,False,False,,False,[],0.10907057810264346,312.85809326171875,313.51220703125,0.65411376953125,0.00921630859375,0.6448974609375,0.04614650442399066,4,9.316667556762695,4.658333778381348,4.658333778381348,4.658333778381348,0.0,False,,42,28,9.333333333333334,0.22222222222222224,0.6401898229539215,Westview
24007,a2a9b317-c4f6-4455-86ba-6eb061be2230,3a116f15-ca7e-496b-8fd7-250c69bb6f67,42b6cb32-82b0-4117-a6ee-25d40613ec9c,0,residential,,Broadwell Street Southwest,37.43973448107761,False,False,False,True,False,False,True,False,False,,True,[],0.12056487274061092,286.506103515625,290.5361328125,4.030029296875,-0.0,4.030029296875,0.10764043208272735,9,37.439735412597656,37.439735412597656,37.439735412597656,28.079801559448242,0.0,True,0.12056487274061092,14,44,14.666666666666666,1.0,0.6319483552414739,Sylvan Hills
51158,8107f50d-6961-4cca-8ad6-97ee11fe76f0,ea6469bc-8109-4133-ba8f-e89ac45279d0,2eeca572-43b7-43ef-8d61-e8ad48741079,0,residential,,Sunset Avenue Northwest,101.76788530952757,False,False,False,True,False,False,True,False,False,,True,[],0.1024958004493165,276.46514892578125,282.80938720703125,6.34423828125,-0.0,6.34423828125,0.06234027942292179,22,82.38352394104004,72.69134521484375,33.922630310058594,9.692176818847656,0.0,True,0.1024958004493165,6,0,0.0,0.0,0.625846851890056,English Avenue
16476,e682c527-e331-4c01-9ef5-eb07eb5871e7,f63c9a80-767d-4bcf-9cf9-f413c12c0fad,404b3f3c-4e74-433b-a725-5848ecb573d5,0,tertiary,,Avon Avenue Southwest,91.97059192627944,False,False,False,True,False,False,True,False,False,,False,[],0.08493501133096616,295.4999084472656,300.65142822265625,5.151519775390625,-0.0,5.151519775390625,0.05601268676322209,20,82.28947448730469,53.246131896972656,14.521672248840332,0.0,0.0,True,0.08493501133096616,8,0,0.0,0.0,0.6249218613899368,Cascade Avenue/Road
12164,f553fd9d-872f-44f6-8f15-6c7ea5d3404c,bfcd3cb4-4e84-4d19-8563-1955477ba0cb,ef8f6856-f1cf-4067-b7f1-d2a52ae104e4,1,tertiary,,Lynhurst Drive Southwest,45.263735043480764,False,False,False,True,False,False,True,False,False,,False,[],0.09787607955044055,269.4688720703125,271.94659423828125,0.0,2.47772216796875,-2.47772216796875,-0.05473967346156546,11,45.263736724853516,22.631868362426758,9.052746772766113,0.0,0.0,True,0.09787607955044055,14,39,13.0,0.9285714285714286,0.6202331704612102,
46573,0b7b90e8-470c-4cf6-b23f-fa06b03e3c4e,6f850da4-da47-45cf-9da3-b2935b855121,81eb7c7c-9549-4fa3-ad60-6a1f28d0b519,0,tertiary,,Forrest Park Road Southeast,9.44383725762519,True,False,True,True,False,False,True,False,False,,False,[],0.09337686811145499,283.3028869628906,284.1846618652344,0.0,0.88177490234375,-0.88177490234375,-0.0933704051499301,3,9.44383716583252,9.44383716583252,9.44383716583252,0.0,0.0,False,,70,210,70.0,1.0,0.6172851622499185,South River Gardens
10643,eac1db3e-efe8-4268-8c5b-f643ddfa3465,cf7a400b-7baa-49c5-9eef-d18b016c2e45,1f4fb427-908a-4901-abf7-5dc8766686e8,0,residential,,Larchwood Road Southwest,63.321678160359276,False,False,False,True,False,False,True,False,False,,True,[],0.1212834600683778,298.21563720703125,305.4639892578125,0.0,7.24835205078125,-7.24835205078125,-0.11446872952862508,14,63.321678161621094,63.321678161621094,63.321678161621094,58.45077991485596,0.0,True,0.1212834600683778,8,0,0.0,0.0,0.6143897779699684,Florida Heights
1177,3a73d253-b2fc-46c1-af70-49a8d5b36128,c2d40f6c-e865-4d48-948b-2b197c6f58b7,f44f9ca9-9b70-416b-9623-5353e3b9fd11,0,residential,,Daniel Road Southwest,311.3008124861685,False,False,False,True,False,False,True,False,False,,True,[],0.09811260159588922,281.9434814453125,291.7822265625,0.77545166015625,10.0537109375,-9.27825927734375,-0.02980480270726386,64,148.23847579956055,98.8256607055664,19.76512908935547,0.0,0.0,True,0.09811260159588922,2,0,0.0,0.0,0.6108506518386414,Fairburn
48648,90d1fbb5-7998-4296-a48b-1297c353f24d,d128f3b4-fae1-4fb7-a919-0dbcdaa62b0e,229d8b42-72d4-44d1-a189-10112ca0e07e,0,residential,,Ezra Church Drive Northwest,350.5405870832573,False,False,False,True,False,False,True,False,False,,True,[],0.08699360868328986,288.664306640625,293.1107482910156,4.362335205078125,5.20654296875,-0.844207763671875,-0.0024083024667013856,72,118.49260902404785,49.371917724609375,14.81158447265625,0.0,0.0,True,0.08699360868328986,2,0,0.0,0.0,0.6098958132066316,West Lake
115366,47a43f1f-0a0a-4306-9ad3-954556d360ca,415d20c9-9ff7-46be-bad2-7c8d61367cbe,7841b236-3fbb-4d74-8bec-0a76d86a4a2b,3,tertiary,,Old Ivy Road Northeast,31.897378621542945,False,False,False,True,False,False,True,False,False,,False,[],0.1054540720844483,266.75421142578125,269.4370422363281,0.0,2.682830810546875,-2.682830810546875,-0.08410819011645529,8,31.89737892150879,31.89737892150879,18.227073669433594,4.556768417358398,0.0,True,0.1054540720844483,18,6,2.0,0.1111111111111111,0.6054675236030035,North Buckhead
49785,a1b920e6-2af1-414f-8ac9-18e32bbe849b,6b2ec202-1105-485e-9c7e-c58ff6b9d5ea,cf9328b9-7191-41c5-8708-e5f2f2ba589c,4,footway,,,61.412219462964615,False,False,False,True,False,False,True,False,False,shared_path,True,[],0.09852927995038652,319.38909912109375,322.3642883300781,0.0,2.975189208984375,-2.975189208984375,-0.04844620840811872,14,47.24017143249512,18.896068572998047,14.172050476074219,0.0,0.0,True,0.09852927995038652,10,0,0.0,0.0,0.6050901763841016,Atlanta University Center
29744,541d2582-806e-48fa-8596-a3161176917b,02c7a5d2-54d0-471b-af16-4b9a2e521974,8e05cd75-fde2-4ca4-83e7-0806c7182c51,1,service,,,50.84378393562817,False,False,False,True,False,False,True,False,False,,False,[],0.08476220413174892,305.5484619140625,307.6650085449219,2.116546630859375,-0.0,2.116546630859375,0.04162842437194041,12,27.732973098754883,23.110811233520508,4.622162342071533,0.0,0.0,True,0.08476220413174892,14,0,0.0,0.0,0.6033483669895152,Mechanicsville
81124,c04f7625-d6ed-4c6a-9e73-2f45ffe941b9,1463c09d-5e59-4ee2-97c8-40e79e0ec1f1,98fe72f8-9c40-4ded-99d7-c3e2556cc626,2,secondary,,Decatur Street Southeast,68.42216309565774,False,False,False,True,False,False,True,False,False,,False,[],0.14687755624519971,311.95989990234375,314.1935119628906,0.0,2.233612060546875,-2.233612060546875,-0.03264456866070562,15,19.549190521240234,14.661895751953125,14.661895751953125,9.77459716796875,0.0,True,0.14687755624519971,6,0,0.0,0.0,0.6029808065100418,Sweet Auburn
50933,f778a7e3-d67d-469e-b059-69bb9bd58797,7b64bb6e-dd76-4eb2-8f05-a6253a17e526,dd3a4642-0a74-42b7-9eb0-92eb0acecc7f,1,footway,,,50.862245599233546,False,False,False,True,False,False,True,False,False,shared_path,True,[],0.11796932089801127,283.83221435546875,286.1974792480469,2.365264892578125,1.167144775390625,1.1981201171875,0.023556177260233884,12,46.238407135009766,32.36688804626465,18.495365142822266,13.8715238571167,0.0,True,0.11796932089801127,10,0,0.0,0.0,0.6000184572689444,Vine City
61804,d6df9f81-fa9d-446b-8ba1-f395bf5ed492,3b87b2a9-6bc7-46c3-a9d4-285673dce8e9,b049936a-7f47-43f3-8678-0e36369fa715,1,tertiary,,Collier Road Northwest,17.763826250798974,False,False,False,True,False,False,True,False,False,,False,[],0.08027004641288506,280.11444091796875,281.3207092285156,0.0,1.206268310546875,-1.206268310546875,-0.06790588274200904,5,17.763826370239258,17.763826370239258,4.440957069396973,0.0,0.0,True,0.08027004641288506,42,0,0.0,0.0,0.598879326201265,Ardmore
51067,03620e61-d63d-40b0-b1b6-e9f6f4111382,86a3fa31-e345-4b4d-bd6f-de271048c910,7eb88701-2aaa-4a82-a5f1-ef41e859b66b,2,residential,,Sunset Avenue Northwest,77.9546984104796,False,False,False,True,False,False,True,False,False,,True,[],0.12785999477767743,278.0963134765625,285.85870361328125,0.0,7.76239013671875,-7.76239013671875,-0.09957565701326662,17,77.95469665527344,73.08252811431885,63.33819007873535,43.849517822265625,0.0,True,0.12785999477767743,6,0,0.0,0.0,0.5980372398995604,English Avenue
42133,16ec5698-d0c0-4d1f-b932-36be691b7fe3,0f4a018c-2f56-4b76-ace8-80d8a84604b1,511d6986-e81c-4bfe-9682-d87a4eab846c,2,residential,,Muse Street Southeast,107.13413870093669,False,False,False,True,False,False,True,False,False,,True,[],0.13931070030574091,298.8785705566406,310.906005859375,12.027435302734375,-0.0,12.027435302734375,0.11226519670657613,23,107.13414001464844,102.26440620422363,92.52493953704834,77.91573333740234,0.0,True,0.13931070030574091,4,0,0.0,0.0,0.5969972755631948,Grant Park
58410,d941d86a-b06d-4196-ae14-e53d90020a4e,83481d09-72a1-481c-ba25-ce0784db9415,2f014175-4e58-4aeb-b045-7102b48844d2,0,residential,,Channing Drive Northwest,245.6696896657976,False,False,False,True,False,False,True,False,False,,True,[],0.11929044359697395,257.0584716796875,273.4989013671875,16.4404296875,-0.0,16.4404296875,0.06692087040609225,51,181.79557418823242,137.5750274658203,88.44108581542969,73.70091247558594,0.0,True,0.11929044359697395,2,0,0.0,0.0,0.5861209251712785,Channing Valley
14248,c94763a8-0ea2-4b84-bd31-970e1ed94eec,088958eb-c5e9-454c-b0ac-905b0ccde19f,c7e1602a-2fc7-47c1-b30e-c10e80656eea,0,residential,,Utoy Springs Road Southwest,19.228193969710336,False,False,False,True,False,False,True,False,False,,True,[],0.10860390288332308,261.04461669921875,262.97589111328125,1.9312744140625,-0.0,1.9312744140625,0.10043972335985588,5,19.228193283081055,19.228193283081055,19.228193283081055,9.614096641540527,0.0,True,0.10860390288332308,28,131,43.666666666666664,1.0,0.5847119349422736,
10653,95af775a-001e-4fde-9a74-9beea41330da,17b9ca3d-bf1d-4945-87ee-a3ed6ecd4068,16e37ba5-9dcc-4700-a82e-f0affd1cd5f0,0,residential,,Larchwood Road Southwest,76.18649583031488,False,False,False,True,False,False,True,False,False,,True,[],0.09586633318325512,289.64593505859375,295.6692810058594,6.023345947265625,-0.0,6.023345947265625,0.07906054887703842,17,76.18649291992188,76.18649291992188,38.09324645996094,0.0,0.0,True,0.09586633318325512,8,0,0.0,0.0,0.5842975994666915,Florida Heights
84531,029e472e-b6ed-4af9-b337-5ed7af1c37ae,7f6a02ee-f6e3-469a-80c8-df16774cb07b,83d81088-0418-42e8-a42b-311591dfd5f9,1,residential,,Walthall Street Southeast,158.18785990298625,False,False,False,True,False,False,True,False,False,,True,[],0.09219400621664418,299.8688049316406,307.93145751953125,8.062652587890625,0.402618408203125,7.6600341796875,0.04842365197260538,33,118.64089965820312,84.03729724884033,39.54696273803711,0.0,0.0,True,0.09219400621664418,4,3,1.0,0.25,0.5833589015717421,Reynoldstown
54814,f982c569-727d-49db-8f76-26314fe09c52,2486ce68-aca6-4156-84d0-fcb432fff744,2e8da9de-c8f8-42ce-8a9f-1017b3309477,2,path,,,76.5314674540444,False,False,False,True,False,False,True,False,False,shared_path,True,[],0.09469399864342329,255.30101013183594,259.4162292480469,4.1152191162109375,0.7457122802734375,3.3695068359375,0.04402772847294518,17,71.74825477600098,62.181822776794434,14.349649906158447,0.0,0.0,True,0.09469399864342329,8,0,0.0,0.0,0.5797656540217979,Rockdale
38597,a420bae5-95a7-48a6-875d-a780553affe0,e3c27652-23a5-46d0-8fc9-dc6d980a5716,5a2a2f59-cb08-4002-91d7-7a748c776c9f,8,tertiary,,Sawtell Avenue Southeast,48.75902967176063,False,False,False,True,False,False,True,False,False,,False,[],0.08436936947509327,286.813232421875,289.6962585449219,2.883026123046875,-0.0,2.883026123046875,0.05912804580419151,11,43.8831262588501,34.13132095336914,9.75180435180664,0.0,0.0,True,0.08436936947509327,14,9,3.0,0.21428571428571427,0.5759276025473331,Lakewood Heights
19682,991b8c69-cc8b-4a4e-8e44-42ef6cbd61b4,b601ee6f-ac03-45ec-a367-69edf7aaea2c,0e84050f-06ed-4fde-a667-801ddc29405d,0,residential,,Oakland Drive Southwest,112.81785154970981,False,False,False,True,False,False,True,False,False,,True,[],0.0847440178380216,309.2901611328125,312.4978332519531,2.09844970703125,3.207672119140625,-1.109222412109375,-0.009831976320699282,24,88.2922248840332,39.24099349975586,9.810248374938965,0.0,0.0,True,0.0847440178380216,6,0,0.0,0.0,0.5736382814505528,Oakland City
89746,9e912aad-7bc8-4ce3-be4c-5fed71788992,34684236-0be4-46e3-ab20-61ddefc91bdd,1fcf6743-146f-4faf-a079-07c37f696b53,0,cycleway,,,28.707256011061002,False,False,False,True,False,False,True,False,False,dedicated_cycleway,True,[],0.09031770556511702,277.78363037109375,279.1317138671875,0.0,1.34808349609375,-1.34808349609375,-0.04695967741399667,7,19.13817024230957,14.353628158569336,4.784542560577393,0.0,0.0,True,0.09031770556511702,22,0,0.0,0.0,0.5704101691176775,Old Fourth Ward
83506,708459b1-5d17-4207-aa2e-b5a1dc9c94bb,3b5877a6-ba3e-435e-b9a5-16f1ca22d1f3,ba109b3e-4690-4aa0-94a8-1fc13069b6a4,0,residential,,Elizabeth Street Northeast,10.974308350434109,False,False,False,True,False,False,True,False,False,,True,[],0.1039053537353435,288.96881103515625,290.09075927734375,1.1219482421875,-0.0,1.1219482421875,0.10223407624105402,4,10.974308013916016,10.974308013916016,10.974308013916016,10.974308013916016,0.0,False,,50,47,15.666666666666666,0.3133333333333333,0.570144695576295,Inman Park
78008,68f04c93-69c0-469c-a166-6a56a3878aad,92e89617-a7ee-42b9-bcce-6f0185d20dd0,416083e5-72ae-41c8-99e1-86173789051d,1,secondary,,Peachtree Street Northeast,3.5602226011318336,False,False,False,True,False,False,True,False,False,,False,[],0.18569985138611644,327.48162841796875,328.06781005859375,0.0,0.586181640625,-0.586181640625,-0.16464746793872437,3,3.560222625732422,3.560222625732422,3.560222625732422,3.560222625732422,1.780111312866211,False,,86,43,14.333333333333334,0.16666666666666669,0.56857421482124,Downtown
54351,9d75f39d-ddf8-42b8-ab30-8aeaed4c0a6a,4aede52f-d4c4-409a-91fe-a0aa75d63af1,7b26c2b2-3e0c-4275-81d0-fd2585e916af,0,residential,,Rice Street Northwest,32.96566634666142,False,False,False,True,False,False,True,False,False,,True,[],0.08572613516333262,278.9455871582031,281.0000305175781,2.054443359375,-0.0,2.054443359375,0.06232069608107245,8,32.965667724609375,28.256285667419434,4.709381103515625,0.0,0.0,True,0.08572613516333262,20,0,0.0,0.0,0.5652038337966445,Knight Park/Howell Station
57318,0a5483ac-621b-4a51-ba16-c0940f8b6afd,a5422388-5c78-497e-abfd-988d3b535239,ec21a944-554d-47b3-b18a-6d4c48b50634,2,residential,,Bohler Road Northwest,40.585084396254544,False,False,False,True,False,False,True,False,False,,True,[],0.087002551546419,272.9938049316406,276.2068176269531,0.0,3.2130126953125,-3.2130126953125,-0.07916733088100388,10,40.5850830078125,40.5850830078125,18.037816047668457,0.0,0.0,True,0.087002551546419,16,0,0.0,0.0,0.5649609435521442,Cross Creek
21752,16665716-12a5-44ff-ac40-9a87f2150910,223c9d95-2006-4939-80f6-17081128f330,e546a036-e020-43a1-9e24-070129b1c452,2,path,,,160.4933217547934,False,False,False,True,False,False,True,False,False,shared_path,True,[],0.0875160794402786,307.3732604980469,313.68408203125,6.87823486328125,0.897674560546875,5.980560302734375,0.03726360964775924,34,131.31271362304688,87.54180908203125,14.590301513671875,0.0,0.0,True,0.0875160794402786,4,2,0.6666666666666666,0.16666666666666666,0.5618298518530678,West End
37424,2d9a28dc-5c64-41d9-8a74-996d64e9cb0a,6397b4dd-7aa7-4b23-a50c-a466afeaaf45,78cbf5cf-8e08-4f85-9dab-821c495378ba,1,tertiary,,Hutchens Road Southeast,65.29197781364377,False,False,False,True,False,False,True,False,False,,False,[],0.0848315507409019,268.6676025390625,272.4101257324219,3.742523193359375,-0.0,3.742523193359375,0.05731980205539878,15,55.96455383300781,41.97341537475586,9.327425003051758,0.0,0.0,True,0.0848315507409019,10,1,0.3333333333333333,0.03333333333333333,0.5538819728871962,South River Gardens
48826,3eb5f60d-4974-4a2e-a816-b1f09b59b998,a4509f65-bad4-470c-a88e-836a9f2d3706,114ea297-b7e6-4615-ab8b-91b60f57df67,0,residential,,Burbank Drive Northwest,286.5383217207621,False,False,False,True,False,False,True,False,False,,True,[],0.09664297693726083,276.6084289550781,285.40966796875,1.472808837890625,10.2740478515625,-8.801239013671875,-0.030715747562541484,59,118.56758117675781,98.80631828308105,49.403160095214844,0.0,0.0,True,0.09664297693726083,2,1,0.3333333333333333,0.16666666666666666,0.5538383283540207,Hunter Hills
60262,a4129591-0689-470a-b38e-70854052f0f7,ed43c85f-ead4-4eaa-b579-c3c3d688500f,c54930d8-7d31-4fcf-9f70-a5368f7fb5a2,0,unclassified,,,25.379808611370322,False,False,False,True,True,False,True,True,False,,False,[],0.09866703280822231,284.7119140625,286.60455322265625,1.89263916015625,-0.0,1.89263916015625,0.07457263381959066,7,25.37980842590332,25.37980842590332,8.459936141967773,0.0,0.0,True,0.09866703280822231,22,0,0.0,0.0,0.5509130899633853,Loring Heights
83429,f4147b06-fae8-4863-be42-62a541e1de1c,0d8ac6f1-ac42-4092-984e-e64dd10c57c1,f596f110-dca8-4e99-ade2-94eacd034377,1,residential,,Washita Avenue Northeast,110.13136592393533,False,False,False,True,False,False,True,False,False,,True,[],0.0828470012854223,302.1168212890625,309.4384460449219,0.0,7.321624755859375,-7.321624755859375,-0.06648083308936846,24,110.13136291503906,95.76640319824219,19.15328025817871,0.0,0.0,True,0.0828470012854223,6,0,0.0,0.0,0.547443204855935,Inman Park
45294,4c3b2fda-c04e-4634-9c35-cab9b7a09ede,ab4844f0-e199-40a8-b0d3-4171ff646400,dc2cd4e0-2022-4fa0-8e11-f53b20bd9896,4,footway,,,127.43068298919066,False,False,False,True,False,False,True,False,False,shared_path,True,[],0.10624408961601475,292.9623107910156,300.3246154785156,0.40643310546875,7.3623046875,-6.95587158203125,-0.054585533241124105,27,83.32006072998047,78.41888427734375,58.81416320800781,34.30826187133789,0.0,True,0.10624408961601475,4,0,0.0,0.0,0.5415502761333415,East Atlanta
6580,5d2a18f9-2cf1-4fa2-927a-3978231f5ae9,ceda960d-d610-4760-ab1d-816e2cfdf14d,dc09950e-afd5-4ca3-9dec-7ad7056313ec,1,footway,,,326.0411830440495,False,False,False,True,False,False,True,False,False,shared_path,True,[],0.08222419219827706,249.12179565429688,270.86328125,0.0,21.741485595703125,-21.741485595703125,-0.06668325265448345,67,326.0411682128906,326.0411682128906,4.9400177001953125,0.0,0.0,True,0.08222419219827706,2,0,0.0,0.0,0.5361694579833511,West Highlands
84946,f192e22f-5195-4c8f-a654-772648ee0321,5bf8fd15-ad97-42ae-b469-dbd235eb04bd,c1aaac5f-7745-4a96-baf5-d8be3d269d38,0,residential,,Leslie Street Southeast,99.22829710733608,False,False,False,True,False,False,True,False,False,,True,[],0.08985965004005825,294.8005065917969,302.406005859375,0.0,7.605499267578125,-7.605499267578125,-0.0766464778586521,21,99.2282943725586,99.2282943725586,34.729909896850586,0.0,0.0,True,0.08985965004005825,6,0,0.0,0.0,0.5349972031281687,Edgewood
88379,5f460e6e-bd8e-4e7f-ab59-0056d4085fa4,c3e70eae-2fce-4014-94d3-b3f579226d25,cdcf7708-684f-49f2-beb2-8d8f5ede0bc2,5,residential,,Virginia Circle Northeast,26.071529039515593,False,False,False,True,False,False,True,False,False,,True,[],0.10257378196926034,291.4069519042969,293.9315185546875,2.524566650390625,-0.0,2.524566650390625,0.09683231899357597,7,26.071529388427734,26.071529388427734,26.071529388427734,13.035764694213867,0.0,True,0.10257378196926034,20,13,4.333333333333333,0.21666666666666665,0.5348510670609025,Virginia Highland
7058,f7f96b0c-fbed-4b94-9946-ad6063bd6ef4,12f2edd6-1f42-4415-aea7-a62c4ccb0f39,365c4249-d8d7-40b0-b3e2-079e9252bf8e,1,residential,,Drew Drive,62.98347074499342,False,False,False,True,False,False,True,False,False,,True,[],0.08468283011763057,251.26589965820312,255.3994140625,0.0,4.133514404296875,-4.133514404296875,-0.0656285584794236,14,58.138587951660156,48.448822021484375,24.224411010742188,0.0,0.0,True,0.08468283011763057,10,0,0.0,0.0,0.5333618553317032,West Highlands
55303,7383c7f6-01e0-41c7-802a-74bff1c27f97,80abe1d2-bc1e-4a79-873d-aa4d7691fbc3,2e3792d5-74d2-4ef8-a1dc-2c81a1c72650,6,residential,,Huff Road Northwest,56.808078938318076,False,False,False,True,False,False,True,False,False,,True,[],0.11711930223506858,274.339111328125,280.40863037109375,6.06951904296875,-0.0,6.06951904296875,0.10684253322461201,13,56.80807876586914,56.80807876586914,56.80807876586914,42.606059074401855,0.0,True,0.11711930223506858,8,2,0.6666666666666666,0.08333333333333333,0.5322658053256407,Blandtown
15857,3d98985a-1dfb-4a84-9c92-ea41ee1b2dfc,44da92bb-1fa9-4cd4-a9e2-c4418696f0c7,b7eaefa4-5071-4291-b755-66d370e59a69,0,tertiary,,Lynhurst Drive Southwest,76.60030821975417,False,False,False,True,False,False,True,False,False,,False,[],0.08659622954215869,287.2617492675781,291.47308349609375,0.0,4.211334228515625,-4.211334228515625,-0.054978030221841175,17,57.450233459472656,47.87519645690918,19.150081634521484,0.0,0.0,True,0.08659622954215869,8,40,13.333333333333334,1.0,0.530663829887835,Magnum Manor
81172,6558e44e-cc01-4e94-91a5-1ccc74aa4e17,9e36d368-61fe-4da6-a51a-cc5506ab1576,fcd6db3f-aae8-423a-acca-ebb4d9d2beff,1,secondary,,Decatur Street Southeast,54.2238780408557,False,False,False,True,False,False,True,False,False,,False,[],0.16270863255906096,311.17840576171875,313.77252197265625,2.5941162109375,-0.0,2.5941162109375,0.04784084718213786,12,19.7177734375,19.7177734375,14.788330078125,14.788330078125,4.929443359375,True,0.16270863255906096,6,0,0.0,0.0,0.5293615828846154,Old Fourth Ward
48577,9e5de77c-31b0-4394-a7e6-8052726547c6,9acbb285-6fbe-48d0-81e9-84a99615f0ee,a3017fc8-895a-448c-b005-f386ad8f8dfa,0,residential,,Westview Place Northwest,79.9352260908293,False,False,False,True,False,False,True,False,False,,True,[],0.08206105558775223,294.1693115234375,299.9151916503906,0.0,5.745880126953125,-5.745880126953125,-0.07188170200825215,17,79.93522644042969,74.93927764892578,24.97975730895996,0.0,0.0,True,0.08206105558775223,8,0,0.0,0.0,0.5247655225327269,Mozley Park
41741,ecbe6557-d1aa-4dcc-a12b-657cafbfb60e,c303f508-adad-4c2d-a705-0df07b1ea494,5ea68726-4126-45dc-a292-5e69b8cdb731,1,residential,,Berne Street Southeast,129.5664448045759,False,False,False,True,False,False,True,False,False,,True,[],0.10098993530054778,296.7754821777344,305.10986328125,8.334381103515625,-0.0,8.334381103515625,0.0643251472365667,27,109.63315200805664,89.69984436035156,59.799896240234375,4.9833221435546875,0.0,True,0.10098993530054778,4,0,0.0,0.0,0.5233962751174446,Grant Park
90885,7f5272af-5bcb-453c-aa1b-e2d281d5978d,1905154e-6ac4-49c5-88a9-aeebb3ac8e0a,e072f8db-3788-487a-8c56-c00a5897d6e3,1,footway,,,15.596900884355865,False,False,False,True,False,False,True,False,False,shared_path,True,[],0.16770784570103364,263.42578125,265.5997619628906,2.173980712890625,-0.0,2.173980712890625,0.13938542799379938,5,15.596900939941406,15.596900939941406,15.596900939941406,15.596900939941406,3.8992252349853516,True,0.16770784570103364,20,7,2.3333333333333335,0.11666666666666667,0.5231445293855738,Midtown
57068,88ad00ff-7648-411e-bb92-ad2991fdb1b6,1fe8e6e9-4d35-4895-8a0b-a3d220525669,b8686793-0297-4862-92d6-6ee1d00166fc,2,residential,,Bohler Road Northwest,20.127252496678445,True,False,True,True,False,False,True,False,False,,True,[],0.0857884050898012,239.02096557617188,240.74761962890625,1.726654052734375,-0.0,1.726654052734375,0.08578687259872729,6,20.12725257873535,20.12725257873535,20.12725257873535,0.0,0.0,True,0.0857884050898012,30,29,9.666666666666666,0.3222222222222222,0.5180054671589289,Wesley Battle
8667,6b5a588b-661f-48ed-b37c-9d2c5ab477b5,3ac86d3f-a43e-4fce-bd37-230a3b3c3ee3,381f0c43-8f8b-4448-8693-17312becc2b1,0,residential,,Ozburn Road Northwest,126.14916845439646,False,False,False,True,False,False,True,False,False,,True,[],0.10176944707285078,278.157958984375,285.3491516113281,0.577056884765625,7.191192626953125,-6.6141357421875,-0.052431068284346835,27,101.88970947265625,67.92647552490234,48.5189094543457,9.70378303527832,0.0,True,0.10176944707285078,4,0,0.0,0.0,0.5135252448921535,Collier Heights
33441,7eb34ac7-4a82-4047-aaff-680c5b55cc30,c0dc5f13-b8b2-4da1-8020-3b2daae497dd,e59910f3-b41a-4d11-b80a-88848f63391b,1,residential,,Fraser Street Southeast,148.16783235398884,False,False,False,True,True,False,True,True,False,,True,[],0.08649967946489948,279.9193420410156,291.5041198730469,11.58477783203125,-0.0,11.58477783203125,0.0781868622961925,31,148.16783142089844,143.22890377044678,113.59533405303955,0.0,0.0,True,0.08649967946489948,4,0,0.0,0.0,0.5126588002251599,Summerhill
111132,94056adc-061a-40be-b0e5-1a8bbfba1276,7db1537f-2422-4e3c-aaa7-efb39454a4b2,6d866d04-2118-4667-aebb-91fb9f344671,3,footway,,,8.849575064367464,False,False,False,True,False,False,True,False,False,shared_path,True,[],0.10826156544589055,301.4822082519531,302.3977966308594,0.91558837890625,-0.0,0.91558837890625,0.10346128198087559,3,8.84957504272461,8.84957504272461,8.84957504272461,4.424787521362305,0.0,False,,52,136,45.333333333333336,0.8717948717948718,0.4981958019996564,North Buckhead
62376,adc7256b-feae-49b7-b303-982f729b0af5,7213817d-450f-4a35-8a12-1456df4023c4,22f68306-05e8-45cf-98f3-f0dada4df609,2,residential,,Habersham Road Northwest,74.6919565824928,False,False,False,True,False,False,True,False,False,,True,[],0.08333173732147331,267.1707763671875,269.95770263671875,2.78692626953125,0.981292724609375,1.805633544921875,0.02417440447541293,16,59.753562927246094,34.856245040893555,9.958930969238281,0.0,0.0,True,0.08333173732147331,8,16,5.333333333333333,0.6666666666666666,0.4979368404767343,Peachtree Battle Alliance
82625,1f3c4fd4-3509-4cf3-b111-defd01ab92b6,58647664-3017-4968-be93-e38bc70e9a2f,23df85ff-7c19-496b-aad6-d8e20a24ab16,1,footway,,,145.68519519921952,False,False,False,True,False,False,True,False,False,shared_path,True,[],0.08498230189989459,274.5600280761719,279.4278869628906,4.86785888671875,1.097259521484375,3.770599365234375,0.025881829250729894,31,97.12346839904785,63.1302433013916,4.856178283691406,0.0,0.0,True,0.08498230189989459,4,0,0.0,0.0,0.49522652963060587,Old Fourth Ward
33245,d53269e9-b742-4f7b-9bb9-c6c5be232e69,146cee63-10f2-4a3b-9242-f3a6241e37f5,ca48f0ff-0c82-4be1-861e-c25ddb8176f0,1,service,,,44.05133602403575,False,False,False,True,False,False,True,False,False,,False,[],0.28066664172683403,292.21392822265625,295.7592468261719,0.088043212890625,3.545318603515625,-3.457275390625,-0.07848287547239546,10,19.578369140625,19.578369140625,14.68377685546875,14.68377685546875,14.68377685546875,True,0.28066664172683403,4,0,0.0,0.0,0.4945496218178567,Peoplestown
77993,e66237c5-58ff-43b1-990d-02c0c2763147,9fb75c4d-63ee-43d1-9b58-fbd7155e2124,cee35631-01da-4a06-b669-66db79dbba2f,0,tertiary,,Ellis Street Northeast,10.437823560207798,False,False,False,True,True,False,True,True,False,,False,[],0.09780818172380369,326.6971130371094,327.44537353515625,0.748260498046875,-0.0,0.748260498046875,0.07168740807892222,4,10.437823295593262,6.9585490226745605,3.4792745113372803,0.0,0.0,False,,48,2,0.6666666666666666,0.013888888888888888,0.49003418091734596,Downtown
53997,2e679404-5d53-43fb-9528-6513af9102cd,e14c9d76-ead1-462d-9474-5358aca00eba,b0a0b823-99c4-4bb5-9ed3-53e7206d617a,0,service,,,8.781296765399905,False,False,False,True,False,False,True,False,False,,False,[],0.11131363139110435,285.70758056640625,286.68353271484375,0.9759521484375,-0.0,0.9759521484375,0.11113986674641016,3,8.781296730041504,8.781296730041504,8.781296730041504,8.781296730041504,0.0,False,,50,81,27.0,0.54,0.488739015639811,Knight Park/Howell Station
50866,97444adf-5fd6-486b-b498-6c8cc28bf762,37ca4a62-f2ec-4c4f-b442-91ee0b182175,52b1508b-4053-415b-9645-ee9f529d6c1b,0,residential,,Foundry Street Northwest,52.83522852305287,False,False,False,True,False,False,True,False,False,,True,[],0.09222870619274448,291.0992431640625,292.7794189453125,0.68817138671875,1.68017578125,-0.99200439453125,-0.018775435116203547,12,33.62241554260254,19.21281147003174,4.8032026290893555,0.0,0.0,True,0.09222870619274448,10,0,0.0,0.0,0.4872924768079156,Vine City
6335,942ed11a-0e31-4469-b848-bd5239524c8d,500c7643-b48c-4b9a-b1e5-d2f6e66e1ea4,be7fcbc8-7ef2-4b07-affa-d14d6f2b9651,0,tertiary,,Perry Boulevard Northwest,223.31200634384612,False,False,False,True,False,False,True,False,False,,False,[],0.10910086033540166,269.7863464355469,281.0595397949219,2.460540771484375,11.273193359375,-8.812652587890625,-0.0394634060213013,46,183.61209678649902,109.17476654052734,94.28729248046875,74.43733215332031,0.0,True,0.10910086033540166,2,0,0.0,0.0,0.4872706403067657,Scotts Crossing
29664,3e2a43b7-1115-4e22-9720-18f21d9dd789,870b0e94-2a7e-438e-9417-dd0238e64335,c0714bd2-6ad3-49e4-91d0-a5487e048b58,3,tertiary,,Fulton Street Southwest,48.00621076593255,False,False,False,True,False,False,True,False,False,,False,[],0.08414769232725233,313.4062805175781,317.078857421875,3.672576904296875,-0.0,3.672576904296875,0.07650212085622518,11,48.00621032714844,48.00621032714844,24.00310516357422,0.0,0.0,True,0.08414769232725233,12,20,6.666666666666667,0.5555555555555556,0.48475342239947045,Mechanicsville
65294,a83fbe99-bdf1-43c4-8c0d-7291b1cf11f9,ac4264eb-4067-4d89-9c60-59b9ba63994d,7a18ee50-d286-4a76-9258-5a38e0c4dc56,0,residential,,Beverly Road Northeast,103.39039169804076,False,False,False,True,False,False,True,False,False,,True,[],0.11613571067728269,270.7320861816406,274.86639404296875,1.4913330078125,4.134307861328125,-2.642974853515625,-0.025563061442628297,22,83.69697952270508,44.31016540527344,34.463462829589844,14.770057678222656,0.0,True,0.11613571067728269,4,0,0.0,0.0,0.4802926646821837,Ansley Park
38775,d1d583fd-8d81-4eb6-a87d-bdbb05718f71,31d3f55e-b8f0-4152-81e6-0a58c0a43ccd,27886f5c-3c39-4103-b3d8-fcf31e15b1f5,0,residential,,Espen Lane Southeast,35.62732520168092,False,False,False,True,False,False,True,False,False,,True,[],0.09590245291766467,293.64398193359375,296.60919189453125,2.9652099609375,-0.0,2.9652099609375,0.08322852746777394,9,35.62732696533203,35.62732696533203,22.267078399658203,0.0,0.0,True,0.09590245291766467,14,0,0.0,0.0,0.4783447028831145,Chosewood Park
58551,e283791b-7deb-4f18-97ad-5563be97216e,b24b38fb-c23c-42b4-9f90-d8fd4d4a47ad,d155e83c-42bf-4457-a90e-0bb7f6d09ccb,1,residential,,Holmes Street Northwest,89.18251972029807,False,False,False,True,False,False,True,False,False,,True,[],0.13354330684411564,271.6430969238281,279.41888427734375,7.775787353515625,-0.0,7.775787353515625,0.08718959194499667,19,79.27335357666016,69.36418151855469,54.50042724609375,44.59125900268555,0.0,True,0.13354330684411564,4,0,0.0,0.0,0.4763891438455664,Berkeley Park
59845,74535a0d-cd7f-4463-8cec-357ffab3f3e0,33ab4b4c-f00f-4bd6-8e2f-98c6aaa1d846,fa28eadd-4788-4b3d-b11a-36d4399bab7b,2,residential,,Huff Road Northwest,72.77455935398339,False,False,False,True,False,False,True,False,False,,True,[],0.08164628441688393,280.4762268066406,284.5059509277344,0.0,4.02972412109375,-4.02972412109375,-0.05537270407823618,16,63.071285247802734,43.66473388671875,9.703274726867676,0.0,0.0,True,0.08164628441688393,8,0,0.0,0.0,0.4753417897062983,Blandtown
20969,2b39540f-6010-4540-bbb0-282ca45f11af,8d07cec9-b82d-4ccc-bd91-c345373a9c1f,6d8cba48-bd76-44a1-a70e-ad45c373e336,3,cycleway,,West End Trail,117.13128888803834,False,False,False,True,False,False,True,False,False,dedicated_cycleway,True,[],0.1000354857720813,308.708984375,314.55242919921875,5.84344482421875,-0.0,5.84344482421875,0.049887993146712564,25,68.32658386230469,58.565643310546875,39.04376220703125,4.880470275878906,0.0,True,0.1000354857720813,4,16,5.333333333333333,1.0,0.4686914153209961,West End
65276,3c1f2dac-0db9-42c4-8b1f-d77dd92aa14d,7f842579-5856-4e1e-bec4-6ae41e327c66,ac4264eb-4067-4d89-9c60-59b9ba63994d,3,residential,,Beverly Road Northeast,135.88560427041793,False,False,False,True,False,False,True,False,False,,True,[],0.08598648011318975,273.34033203125,279.86553955078125,0.525787353515625,6.52520751953125,-5.999420166015625,-0.04415052037533636,29,97.06114482879639,72.79585647583008,33.97140121459961,0.0,0.0,True,0.08598648011318975,4,0,0.0,0.0,0.4673729923706826,Ansley Park
1532,b0c0cc05-4bec-45ed-a5fe-342352c24090,ea416f15-e388-4b36-a496-7741a28ff879,7a5397b8-9dab-442c-bc74-8549e89f9bb1,1,residential,,,103.32605164496222,False,False,False,True,False,False,True,False,False,,True,[],0.22350336169896048,280.5893249511719,293.4955139160156,0.136444091796875,12.90618896484375,-12.769744873046875,-0.1235868873065886,22,83.6448974609375,73.8043212890625,68.884033203125,59.04345703125,49.202880859375,True,0.22350336169896048,2,0,0.0,0.0,0.4618743978745892,
89213,50134699-1108-4c2d-8ece-accaaf3f0c7f,70d0e638-c514-49d0-b879-1e48c116540b,54c325a4-1ab3-4914-96e4-8d315d8c8cf1,9,footway,,,39.23042126764018,False,False,False,True,False,False,True,False,False,shared_path,True,[],0.09776095427237431,297.0074462890625,300.43292236328125,3.42547607421875,-0.0,3.42547607421875,0.0873168274663021,9,39.23042297363281,39.23042297363281,29.42281723022461,0.0,0.0,True,0.09776095427237431,12,0,0.0,0.0,0.4602244103558103,Virginia Highland
52740,08d16a35-f138-4cc8-85e3-ab3dd387c694,426f9dc0-290a-4b69-b1f7-62f155263710,4597000a-0c71-4eab-99c3-d40acbb140a2,1,residential,,Griffin Street Northwest,97.588800591442,False,False,False,True,False,False,True,False,False,,True,[],0.11781263736295954,290.6745910644531,299.1803894042969,0.0,8.50579833984375,-8.50579833984375,-0.08715957639178748,21,97.58879852294922,87.82991790771484,68.3121566772461,43.91495990753174,0.0,True,0.11781263736295954,4,0,0.0,0.0,0.45988775899062906,English Avenue
27508,1ef89c63-ccc3-4cd2-be01-55371db3a951,01948678-8568-4229-b5ab-9ccc494c91b5,55119866-8174-4f9c-8495-7beed5643ca0,0,secondary,,University Avenue,71.66976128824675,False,False,False,True,False,False,True,False,False,,False,[],0.08008815029781463,292.4681091308594,297.3576965332031,4.88958740234375,-0.0,4.88958740234375,0.06822385465289758,16,71.66976165771484,71.66976165771484,4.777984142303467,0.0,0.0,True,0.08008815029781463,8,1,0.3333333333333333,0.041666666666666664,0.4591918891089282,Pittsburgh
