{
"type": "FeatureCollection",
"name": "barriers",
"crs": { "type": "name", "properties": { "name": "urn:ogc:def:crs:OGC:1.3:CRS84" } },
"features": [
{ "type": "Feature", "properties": { "edge_id": 82829, "segment_id": "56625f93-6afd-47b5-87cc-ff532fb0d093", "u": "256d20f9-d3f5-4c01-b9d5-55dc725d59a0", "v": "6347df9f-cc27-4922-850c-d5129b278d1b", "part": 1, "cls": "trunk", "subclass": null, "name": "John Lewis Freedom Parkway Northeast", "length_m": 1211.3224162382476, "is_bridge": false, "is_tunnel": false, "is_structure": false, "walk_ok": true, "walk_oneway": true, "walk_restricted": false, "bike_ok": true, "bike_oneway": true, "bike_restricted": false, "bike_facility": "", "low_stress": false, "dem_gaps": "[369.70204576 424.84778155 476.87469671 554.91421189 681.31316866\n 721.31316866]", "max_abs_grade": 0.087667744147320995, "elev_min": 296.2908935546875, "elev_max": 320.513916015625, "cum_gain_fwd": 3.19219970703125, "cum_loss_fwd": 25.0355224609375, "net_change_fwd": -21.84332275390625, "avg_grade_fwd": -0.01803262531576405, "n_samples": 244, "d_abs_above_3": 338.97093200683594, "d_abs_above_5": 194.40986633300781, "d_abs_above_8": 9.9697265625, "d_abs_above_10": 0.0, "d_abs_above_15": 0.0, "grade_reliable": true, "max_abs_grade_reliable": 0.087667744147320995, "shortest_use": 22, "flat_use": 0, "flat_use_per_objective": 0.0, "unavoidability": 0.0, "barrier_score": 23.362658806671657, "neighborhood": "Old Fourth Ward" }, "geometry": { "type": "LineString", "coordinates": [ [ -84.371952570437344, 33.760106415250114 ], [ -84.3719498, 33.7601064 ], [ -84.3717934, 33.760105399999986 ], [ -84.371252, 33.7601006 ], [ -84.3704423, 33.7600997 ], [ -84.3703352, 33.7600998 ], [ -84.3701668, 33.7601069 ], [ -84.3699615, 33.760123299999989 ], [ -84.3697267, 33.7601571 ], [ -84.369509100000016, 33.7602045 ], [ -84.3693775, 33.7602356 ], [ -84.3691821, 33.7602971 ], [ -84.3689951, 33.7603667 ], [ -84.3686255, 33.7605236 ], [ -84.36814840000001, 33.7607322 ], [ -84.3677949, 33.7608894 ], [ -84.3676241, 33.7609663 ], [ -84.3669367, 33.7612681 ], [ -84.3664639, 33.7614742 ], [ -84.3662333, 33.761581899999989 ], [ -84.3660059, 33.761703700000012 ], [ -84.3654921, 33.7619845 ], [ -84.364908, 33.762292 ], [ -84.3646871, 33.7623923 ], [ -84.3644546, 33.76248540000001 ], [ -84.3642479, 33.76256 ], [ -84.3640309, 33.7626398 ], [ -84.3633608, 33.7628669 ], [ -84.3630412, 33.7629836 ], [ -84.362651, 33.763147 ], [ -84.3621144, 33.7633787 ], [ -84.3601485, 33.7641293 ], [ -84.3600377, 33.7641744 ] ] } },
{ "type": "Feature", "properties": { "edge_id": 49003, "segment_id": "3216e48e-3582-4c58-9094-d3c0e1b9b28c", "u": "c2d42ff3-f56c-4bc7-b72d-0f88b525e480", "v": "1f3b0d0d-164f-4e8b-8285-1c4c9554fffc", "part": 2, "cls": "cycleway", "subclass": null, "name": "Atlanta Beltline Westside Trail", "length_m": 425.32099747577536, "is_bridge": false, "is_tunnel": false, "is_structure": false, "walk_ok": true, "walk_oneway": false, "walk_restricted": false, "bike_ok": true, "bike_oneway": false, "bike_restricted": false, "bike_facility": "dedicated_cycleway", "low_stress": true, "dem_gaps": [ ], "max_abs_grade": 0.26789339553367025, "elev_min": 281.58334350585938, "elev_max": 290.97930908203125, "cum_gain_fwd": 13.278778076171875, "cum_loss_fwd": 11.30511474609375, "net_change_fwd": 1.973663330078125, "avg_grade_fwd": 0.0046404090201291274, "n_samples": 87, "d_abs_above_3": 242.33401489257812, "d_abs_above_5": 173.09572219848633, "d_abs_above_8": 98.911870956420898, "d_abs_above_10": 64.292707443237305, "d_abs_above_15": 34.619155883789062, "grade_reliable": true, "max_abs_grade_reliable": 0.26789339553367025, "shortest_use": 20, "flat_use": 0, "flat_use_per_objective": 0.0, "unavoidability": 0.0, "barrier_score": 22.788137241110611, "neighborhood": "Washington Park" }, "geometry": { "type": "LineString", "coordinates": [ [ -84.423577770678236, 33.758915451458705 ], [ -84.4234913, 33.7589421 ], [ -84.4234686, 33.7589522 ], [ -84.4234339, 33.7589676 ], [ -84.4233696, 33.7590153 ], [ -84.423346, 33.7590624 ], [ -84.4233314, 33.7591119 ], [ -84.4233327, 33.7591661 ], [ -84.4233454, 33.7592066 ], [ -84.4236044, 33.7598102 ], [ -84.4236288, 33.7598866 ], [ -84.4236347, 33.7599558 ], [ -84.4236192, 33.7600382 ], [ -84.4235713, 33.7601512 ], [ -84.4235464, 33.7602138 ], [ -84.4235359, 33.7602625 ], [ -84.4235423, 33.7603336 ], [ -84.4235612, 33.760391 ], [ -84.4237576, 33.7608855 ], [ -84.4238338, 33.76108330000001 ], [ -84.4238508, 33.7611311 ], [ -84.4238592, 33.7611757 ], [ -84.4238632, 33.7612246 ], [ -84.4238578, 33.7612685 ], [ -84.4238227, 33.7614719 ], [ -84.4238083, 33.7615074 ], [ -84.4237857, 33.7615414 ], [ -84.4237594, 33.761594 ], [ -84.4237486, 33.7616347 ], [ -84.423746300000019, 33.7616782 ], [ -84.4237516, 33.7617279 ], [ -84.423880489066406, 33.762522649506103 ] ] } },
{ "type": "Feature", "properties": { "edge_id": 55047, "segment_id": "4e211886-457d-4722-9f16-39d40b511f81", "u": "ade3b791-e1cd-46bc-a1d0-28b95a17d9bb", "v": "7e7c7a33-d044-41b5-ade2-fd1adce5dc0b", "part": 10, "cls": "secondary", "subclass": null, "name": "Marietta Boulevard Northwest", "length_m": 171.04496466553829, "is_bridge": false, "is_tunnel": false, "is_structure": false, "walk_ok": true, "walk_oneway": true, "walk_restricted": false, "bike_ok": true, "bike_oneway": true, "bike_restricted": false, "bike_facility": "", "low_stress": false, "dem_gaps": [ ], "max_abs_grade": 0.30721147016075273, "elev_min": 263.10494995117188, "elev_max": 269.63092041015625, "cum_gain_fwd": 9.483154296875, "cum_loss_fwd": 4.043701171875, "net_change_fwd": 5.439453125, "avg_grade_fwd": 0.03180130464923691, "n_samples": 36, "d_abs_above_3": 131.948974609375, "d_abs_above_5": 58.643989562988281, "d_abs_above_8": 43.982994079589844, "d_abs_above_10": 43.982994079589844, "d_abs_above_15": 34.208984375, "grade_reliable": true, "max_abs_grade_reliable": 0.30721147016075273, "shortest_use": 42, "flat_use": 16, "flat_use_per_objective": 5.333333333333333, "unavoidability": 0.12698412698412698, "barrier_score": 22.069729524567489, "neighborhood": "Hills Park" }, "geometry": { "type": "LineString", "coordinates": [ [ -84.432816958552792, 33.796129348278861 ], [ -84.4326184, 33.7958054 ], [ -84.4326002, 33.7957757 ], [ -84.432484, 33.7955861 ], [ -84.4323324, 33.7953376 ], [ -84.4321916, 33.795111299999988 ], [ -84.4319904, 33.7947848 ], [ -84.4319739, 33.7947579 ], [ -84.431973852236112, 33.794757821615477 ] ] } },
{ "type": "Feature", "properties": { "edge_id": 8675, "segment_id": "cccb84ba-565c-41d5-b79c-8e609f6b4629", "u": "4f8fbc47-fe67-4027-840e-31920a58bf91", "v": "921b4828-4d29-41b1-865f-40f524bb153f", "part": 0, "cls": "residential", "subclass": null, "name": "Oldknow Drive Northwest", "length_m": 364.15368763586247, "is_bridge": false, "is_tunnel": false, "is_structure": false, "walk_ok": true, "walk_oneway": false, "walk_restricted": false, "bike_ok": true, "bike_oneway": false, "bike_restricted": false, "bike_facility": "", "low_stress": true, "dem_gaps": [ ], "max_abs_grade": 0.12078184265263674, "elev_min": 282.76080322265625, "elev_max": 301.94815063476562, "cum_gain_fwd": 2.318359375, "cum_loss_fwd": 19.187347412109375, "net_change_fwd": -16.868988037109375, "avg_grade_fwd": -0.04632381508521035, "n_samples": 74, "d_abs_above_3": 334.22324371337891, "d_abs_above_5": 229.46672344207764, "d_abs_above_8": 54.872467041015625, "d_abs_above_10": 29.930450439453125, "d_abs_above_15": 0.0, "grade_reliable": true, "max_abs_grade_reliable": 0.12078184265263674, "shortest_use": 46, "flat_use": 160, "flat_use_per_objective": 53.333333333333336, "unavoidability": 1.0, "barrier_score": 20.232250564649597, "neighborhood": "Collier Heights" }, "geometry": { "type": "LineString", "coordinates": [ [ -84.475984, 33.771771 ], [ -84.479914, 33.7718 ] ] } },
{ "type": "Feature", "properties": { "edge_id": 7448, "segment_id": "1b19db37-ccaa-4ac3-9c4d-cd36acdad2ae", "u": "f2516479-4783-4158-acb2-e28a84bce0a5", "v": "01477e06-7c4b-47a0-ab22-f5a9e1a55833", "part": 0, "cls": "residential", "subclass": null, "name": "North Grand Avenue Northwest", "length_m": 357.6952087509942, "is_bridge": false, "is_tunnel": false, "is_structure": false, "walk_ok": true, "walk_oneway": false, "walk_restricted": false, "bike_ok": true, "bike_oneway": false, "bike_restricted": false, "bike_facility": "", "low_stress": true, "dem_gaps": [ ], "max_abs_grade": 0.2014666021668855, "elev_min": 255.89875793457031, "elev_max": 269.51272583007812, "cum_gain_fwd": 13.613967895507812, "cum_loss_fwd": 14.361068725585938, "net_change_fwd": -0.747100830078125, "avg_grade_fwd": -0.0020886519761142371, "n_samples": 73, "d_abs_above_3": 293.111328125, "d_abs_above_5": 208.65554046630859, "d_abs_above_8": 178.84761047363281, "d_abs_above_10": 144.07166481018066, "d_abs_above_15": 19.871955871582031, "grade_reliable": true, "max_abs_grade_reliable": 0.2014666021668855, "shortest_use": 26, "flat_use": 0, "flat_use_per_objective": 0.0, "unavoidability": 0.0, "barrier_score": 18.73654596279378, "neighborhood": "Almond Park" }, "geometry": { "type": "LineString", "coordinates": [ [ -84.461651, 33.781016 ], [ -84.461647, 33.781318 ], [ -84.461594, 33.781488 ], [ -84.461551, 33.781576 ], [ -84.461466, 33.781683 ], [ -84.461384, 33.781735 ], [ -84.461181, 33.781823 ], [ -84.458926, 33.783047 ] ] } },
{ "type": "Feature", "properties": { "edge_id": 37975, "segment_id": "7d5b9473-25d3-42e8-805f-7f218bca9feb", "u": "5055ca5e-1e60-4bd6-b5d6-470824a07853", "v": "65fe2d82-461a-48b0-93d0-7adeb7f92897", "part": 0, "cls": "residential", "subclass": null, "name": "Midway Street Southeast", "length_m": 366.39797857493477, "is_bridge": false, "is_tunnel": false, "is_structure": false, "walk_ok": true, "walk_oneway": false, "walk_restricted": false, "bike_ok": true, "bike_oneway": false, "bike_restricted": false, "bike_facility": "", "low_stress": true, "dem_gaps": [ ], "max_abs_grade": 0.13891337175259638, "elev_min": 253.70620727539062, "elev_max": 266.73220825195312, "cum_gain_fwd": 6.702178955078125, "cum_loss_fwd": 15.955047607421875, "net_change_fwd": -9.25286865234375, "avg_grade_fwd": -0.02525360172292002, "n_samples": 75, "d_abs_above_3": 262.42016983032227, "d_abs_above_5": 207.95560073852539, "d_abs_above_8": 118.83177137374878, "d_abs_above_10": 64.367218017578125, "d_abs_above_15": 0.0, "grade_reliable": true, "max_abs_grade_reliable": 0.13891337175259638, "shortest_use": 36, "flat_use": 0, "flat_use_per_objective": 0.0, "unavoidability": 0.0, "barrier_score": 18.323128298584709, "neighborhood": "Leila Valley" }, "geometry": { "type": "LineString", "coordinates": [ [ -84.364118, 33.689944 ], [ -84.364033, 33.689951 ], [ -84.362046, 33.689932 ], [ -84.360177, 33.68978 ] ] } },
{ "type": "Feature", "properties": { "edge_id": 1027, "segment_id": "b8f1e61c-a6b2-4b68-b3b6-276796a3086b", "u": "6ac84db8-4f50-49e9-85ec-ff733637b62e", "v": "9ce3158d-53e9-428a-8e94-f7a96071d15b", "part": 0, "cls": "residential", "subclass": null, "name": "Darrah Drive Southwest", "length_m": 211.96919886501297, "is_bridge": false, "is_tunnel": false, "is_structure": false, "walk_ok": true, "walk_oneway": false, "walk_restricted": false, "bike_ok": true, "bike_oneway": false, "bike_restricted": false, "bike_facility": "", "low_stress": true, "dem_gaps": [ ], "max_abs_grade": 0.12075118940385872, "elev_min": 261.30929565429688, "elev_max": 274.42529296875, "cum_gain_fwd": 13.115997314453125, "cum_loss_fwd": 2.032501220703125, "net_change_fwd": 11.08349609375, "avg_grade_fwd": 0.052288240393682142, "n_samples": 44, "d_abs_above_3": 172.53306198120117, "d_abs_above_5": 128.16741275787354, "d_abs_above_8": 93.660804748535156, "d_abs_above_10": 83.801773071289062, "d_abs_above_15": 0.0, "grade_reliable": true, "max_abs_grade_reliable": 0.12075118940385872, "shortest_use": 66, "flat_use": 0, "flat_use_per_objective": 0.0, "unavoidability": 0.0, "barrier_score": 16.893051700756029, "neighborhood": "Deerwood" }, "geometry": { "type": "LineString", "coordinates": [ [ -84.507281, 33.676453 ], [ -84.508207, 33.675277 ], [ -84.508311, 33.675179 ], [ -84.508431, 33.675088 ], [ -84.508666, 33.674957 ] ] } },
{ "type": "Feature", "properties": { "edge_id": 39154, "segment_id": "539327fb-308a-4bb2-9633-838c4bac4206", "u": "3f2e547e-a011-4fa1-bced-3671b54ff6fa", "v": "ca3b56f5-8a27-4746-b168-b8a8f27f8c55", "part": 5, "cls": "cycleway", "subclass": null, "name": "Atlanta Beltline Southside Trail", "length_m": 318.84349180892468, "is_bridge": false, "is_tunnel": false, "is_structure": false, "walk_ok": true, "walk_oneway": false, "walk_restricted": false, "bike_ok": true, "bike_oneway": false, "bike_restricted": false, "bike_facility": "dedicated_cycleway", "low_stress": true, "dem_gaps": [ ], "max_abs_grade": 0.2881936441745413, "elev_min": 285.24395751953125, "elev_max": 294.58438110351562, "cum_gain_fwd": 9.340423583984375, "cum_loss_fwd": -0.0, "net_change_fwd": 9.340423583984375, "avg_grade_fwd": 0.029294696025905391, "n_samples": 65, "d_abs_above_3": 29.891576766967773, "d_abs_above_5": 29.891576766967773, "d_abs_above_8": 29.891576766967773, "d_abs_above_10": 29.891576766967773, "d_abs_above_15": 24.909646987915039, "grade_reliable": true, "max_abs_grade_reliable": 0.2881936441745413, "shortest_use": 18, "flat_use": 74, "flat_use_per_objective": 24.666666666666668, "unavoidability": 1.0, "barrier_score": 16.539960208634913, "neighborhood": "Chosewood Park" }, "geometry": { "type": "LineString", "coordinates": [ [ -84.378615861291792, 33.724329151786655 ], [ -84.3786668, 33.7243288 ], [ -84.3800005, 33.7243202 ], [ -84.3808686, 33.7243139 ], [ -84.381743, 33.7242791 ], [ -84.382050402755539, 33.724240496630308 ] ] } },
{ "type": "Feature", "properties": { "edge_id": 9767, "segment_id": "b53afdb6-fc81-4cae-a200-29738d744273", "u": "ed2ad1a0-5ccb-4b65-80cc-00c0c3b68b09", "v": "f8d5c2ea-8f7f-46ff-8bf3-ba889c95fd45", "part": 1, "cls": "residential", "subclass": null, "name": "Evelyn Way Northwest", "length_m": 246.6085365960549, "is_bridge": false, "is_tunnel": false, "is_structure": false, "walk_ok": true, "walk_oneway": false, "walk_restricted": false, "bike_ok": true, "bike_oneway": false, "bike_restricted": false, "bike_facility": "", "low_stress": true, "dem_gaps": [ ], "max_abs_grade": 0.099853048091945493, "elev_min": 265.13873291015625, "elev_max": 284.90982055664062, "cum_gain_fwd": 19.771087646484375, "cum_loss_fwd": -0.0, "net_change_fwd": 19.771087646484375, "avg_grade_fwd": 0.080171951814337783, "n_samples": 51, "d_abs_above_3": 231.81202697753906, "d_abs_above_5": 221.94767761230469, "d_abs_above_8": 167.69379806518555, "d_abs_above_10": 0.0, "d_abs_above_15": 0.0, "grade_reliable": true, "max_abs_grade_reliable": 0.099853048091945493, "shortest_use": 64, "flat_use": 120, "flat_use_per_objective": 40.0, "unavoidability": 0.625, "barrier_score": 15.759753001350509, "neighborhood": "Grove Park" }, "geometry": { "type": "LineString", "coordinates": [ [ -84.442064604967811, 33.771717901928959 ], [ -84.444478, 33.772655 ] ] } },
{ "type": "Feature", "properties": { "edge_id": 14706, "segment_id": "e6ec95e8-ae7e-4ce4-a284-913b06b5f34e", "u": "b59d4b47-b376-4046-9131-f4a6912e4a1a", "v": "7021b8f0-cdb3-44f3-a81a-5bb0029d0943", "part": 0, "cls": "tertiary", "subclass": null, "name": "Niskey Lake Road Southwest", "length_m": 199.86155378892559, "is_bridge": false, "is_tunnel": false, "is_structure": false, "walk_ok": true, "walk_oneway": false, "walk_restricted": false, "bike_ok": true, "bike_oneway": false, "bike_restricted": false, "bike_facility": "", "low_stress": false, "dem_gaps": [ ], "max_abs_grade": 0.11175955022552855, "elev_min": 286.51092529296875, "elev_max": 296.90560913085938, "cum_gain_fwd": 10.394683837890625, "cum_loss_fwd": 0.21734619140625, "net_change_fwd": 10.177337646484375, "avg_grade_fwd": 0.050921937159412178, "n_samples": 41, "d_abs_above_3": 124.91347503662109, "d_abs_above_5": 89.937690734863281, "d_abs_above_8": 59.958465576171875, "d_abs_above_10": 39.972312927246094, "d_abs_above_15": 0.0, "grade_reliable": true, "max_abs_grade_reliable": 0.11175955022552855, "shortest_use": 70, "flat_use": 210, "flat_use_per_objective": 70.0, "unavoidability": 1.0, "barrier_score": 15.635506151177925, "neighborhood": "Niskey Lake" }, "geometry": { "type": "LineString", "coordinates": [ [ -84.5346184, 33.7128317 ], [ -84.534674, 33.712338 ], [ -84.534801, 33.711672 ], [ -84.5349038, 33.7110467 ] ] } },
{ "type": "Feature", "properties": { "edge_id": 15282, "segment_id": "e78c404e-de05-45c2-bbf4-b92c9b2b43a8", "u": "de20080e-7382-4320-b0df-49ae357793a0", "v": "88e908a9-1322-479c-874b-574af6bc609a", "part": 1, "cls": "residential", "subclass": null, "name": "Panther Trail Southwest", "length_m": 229.70014164234078, "is_bridge": false, "is_tunnel": false, "is_structure": false, "walk_ok": true, "walk_oneway": false, "walk_restricted": false, "bike_ok": true, "bike_oneway": false, "bike_restricted": false, "bike_facility": "", "low_stress": true, "dem_gaps": [ ], "max_abs_grade": 0.16009631691688081, "elev_min": 273.178466796875, "elev_max": 286.15359497070312, "cum_gain_fwd": 12.975128173828125, "cum_loss_fwd": 3.430145263671875, "net_change_fwd": 9.54498291015625, "avg_grade_fwd": 0.04155410243962452, "n_samples": 47, "d_abs_above_3": 174.7718391418457, "d_abs_above_5": 139.81746959686279, "d_abs_above_8": 79.895706176757812, "d_abs_above_10": 69.908737182617188, "d_abs_above_15": 29.960891723632812, "grade_reliable": true, "max_abs_grade_reliable": 0.16009631691688081, "shortest_use": 38, "flat_use": 0, "flat_use_per_objective": 0.0, "unavoidability": 0.0, "barrier_score": 13.97417573544535, "neighborhood": "Southwest" }, "geometry": { "type": "LineString", "coordinates": [ [ -84.491382789487488, 33.698208899885074 ], [ -84.4913828, 33.698208899999983 ], [ -84.493275, 33.698229 ], [ -84.493859, 33.698251 ] ] } },
{ "type": "Feature", "properties": { "edge_id": 72276, "segment_id": "6b36efc4-1237-41ca-997e-0ec39ae6d2fe", "u": "a1776439-65ab-48fe-94df-fb2b91bf37fc", "v": "49c4bc82-c22e-4088-80d3-4c9fc1cc5fb5", "part": 4, "cls": "secondary", "subclass": null, "name": "Marietta Street", "length_m": 79.865288835224121, "is_bridge": false, "is_tunnel": false, "is_structure": false, "walk_ok": true, "walk_oneway": false, "walk_restricted": false, "bike_ok": true, "bike_oneway": false, "bike_restricted": false, "bike_facility": "", "low_stress": false, "dem_gaps": [ ], "max_abs_grade": 0.27378253024616495, "elev_min": 297.47366333007812, "elev_max": 302.84451293945312, "cum_gain_fwd": 5.198333740234375, "cum_loss_fwd": 5.370849609375, "net_change_fwd": -0.172515869140625, "avg_grade_fwd": -0.00216008573855263, "n_samples": 17, "d_abs_above_3": 64.890546798706055, "d_abs_above_5": 64.890546798706055, "d_abs_above_8": 49.915803909301758, "d_abs_above_10": 44.924226760864258, "d_abs_above_15": 39.932645797729492, "grade_reliable": true, "max_abs_grade_reliable": 0.27378253024616495, "shortest_use": 58, "flat_use": 118, "flat_use_per_objective": 39.333333333333336, "unavoidability": 0.67816091954022995, "barrier_score": 12.6821180965661, "neighborhood": "Downtown" }, "geometry": { "type": "LineString", "coordinates": [ [ -84.399578811693473, 33.770498124137575 ], [ -84.3998413, 33.7707334 ], [ -84.4000376, 33.7709079 ], [ -84.4001118, 33.7709755 ], [ -84.400166113855661, 33.771024951916409 ] ] } },
{ "type": "Feature", "properties": { "edge_id": 1034, "segment_id": "1ee16ede-4f26-42f7-8d19-ee910aeb8f93", "u": "6a889081-5809-402d-9f7a-47a7e436f2d4", "v": "6ac84db8-4f50-49e9-85ec-ff733637b62e", "part": 0, "cls": "residential", "subclass": null, "name": "Darrah Drive Southwest", "length_m": 220.23862504864275, "is_bridge": false, "is_tunnel": false, "is_structure": false, "walk_ok": true, "walk_oneway": false, "walk_restricted": false, "bike_ok": true, "bike_oneway": false, "bike_restricted": false, "bike_facility": "", "low_stress": true, "dem_gaps": [ ], "max_abs_grade": 0.084091461779726012, "elev_min": 263.341796875, "elev_max": 277.51129150390625, "cum_gain_fwd": 0.0, "cum_loss_fwd": 14.16949462890625, "net_change_fwd": -14.16949462890625, "avg_grade_fwd": -0.064337007941007482, "n_samples": 46, "d_abs_above_3": 190.87348175048828, "d_abs_above_5": 176.19090270996094, "d_abs_above_8": 83.201255798339844, "d_abs_above_10": 0.0, "d_abs_above_15": 0.0, "grade_reliable": true, "max_abs_grade_reliable": 0.084091461779726012, "shortest_use": 66, "flat_use": 0, "flat_use_per_objective": 0.0, "unavoidability": 0.0, "barrier_score": 12.223324027660251, "neighborhood": "Deerwood" }, "geometry": { "type": "LineString", "coordinates": [ [ -84.505694, 33.677911 ], [ -84.506236, 33.677556 ], [ -84.506396, 33.67743 ], [ -84.507072, 33.676697 ], [ -84.507281, 33.676453 ] ] } },
{ "type": "Feature", "properties": { "edge_id": 30601, "segment_id": "3cd6667f-e7b8-41de-93dc-753b70090940", "u": "bc6debb2-bc0d-47c4-9592-acf463cbc026", "v": "c8a63534-611e-45a9-be8f-5c3343611ef6", "part": 1, "cls": "cycleway", "subclass": null, "name": "Beltline Access Line", "length_m": 175.54132444093688, "is_bridge": false, "is_tunnel": false, "is_structure": false, "walk_ok": true, "walk_oneway": false, "walk_restricted": false, "bike_ok": true, "bike_oneway": false, "bike_restricted": false, "bike_facility": "dedicated_cycleway", "low_stress": true, "dem_gaps": [ ], "max_abs_grade": 0.28812449491610814, "elev_min": 288.07131958007812, "elev_max": 300.89886474609375, "cum_gain_fwd": 4.82275390625, "cum_loss_fwd": 12.827545166015625, "net_change_fwd": -8.004791259765625, "avg_grade_fwd": -0.045600609721115869, "n_samples": 37, "d_abs_above_3": 117.02754783630371, "d_abs_above_5": 107.27525901794434, "d_abs_above_8": 97.522958755493164, "d_abs_above_10": 78.018369674682617, "d_abs_above_15": 48.761480331420898, "grade_reliable": true, "max_abs_grade_reliable": 0.28812449491610814, "shortest_use": 24, "flat_use": 0, "flat_use_per_objective": 0.0, "unavoidability": 0.0, "barrier_score": 12.138661305947906, "neighborhood": "Capitol View Manor" }, "geometry": { "type": "LineString", "coordinates": [ [ -84.401602749092532, 33.720508319307449 ], [ -84.4015506, 33.7202917 ], [ -84.4016128, 33.7201704 ], [ -84.4017457, 33.720071199999985 ], [ -84.4019011, 33.720013 ], [ -84.4019485, 33.7199724 ], [ -84.4019469, 33.7198644 ], [ -84.40186850000002, 33.7197278 ], [ -84.4019751, 33.7195659 ], [ -84.4019879, 33.7194734 ], [ -84.4019061, 33.719136399999989 ] ] } },
{ "type": "Feature", "properties": { "edge_id": 8677, "segment_id": "1035a809-c7ed-4dc8-b93b-66255280e752", "u": "921b4828-4d29-41b1-865f-40f524bb153f", "v": "5d828d38-7eb2-48ae-8c2d-55047aa1a0b3", "part": 0, "cls": "residential", "subclass": null, "name": "Oldknow Drive Northwest", "length_m": 191.98391886027707, "is_bridge": false, "is_tunnel": false, "is_structure": false, "walk_ok": true, "walk_oneway": false, "walk_restricted": false, "bike_ok": true, "bike_oneway": false, "bike_restricted": false, "bike_facility": "", "low_stress": true, "dem_gaps": [ ], "max_abs_grade": 0.13437214730411037, "elev_min": 276.643310546875, "elev_max": 285.47439575195312, "cum_gain_fwd": 2.713592529296875, "cum_loss_fwd": 8.831085205078125, "net_change_fwd": -6.11749267578125, "avg_grade_fwd": -0.031864610139456351, "n_samples": 40, "d_abs_above_3": 118.14394760131836, "d_abs_above_5": 103.37595367431641, "d_abs_above_8": 59.071975708007812, "d_abs_above_10": 34.458652496337891, "d_abs_above_15": 0.0, "grade_reliable": true, "max_abs_grade_reliable": 0.13437214730411037, "shortest_use": 46, "flat_use": 160, "flat_use_per_objective": 53.333333333333336, "unavoidability": 1.0, "barrier_score": 11.866754055552221, "neighborhood": "Collier Heights" }, "geometry": { "type": "LineString", "coordinates": [ [ -84.479914, 33.7718 ], [ -84.481986, 33.771797 ] ] } },
{ "type": "Feature", "properties": { "edge_id": 92256, "segment_id": "ca138441-bf73-42de-8604-92bba9b81313", "u": "b1fd2e3a-37b8-4d55-b3d9-48b5b712b539", "v": "466dc6ea-5871-4f22-8a46-1391c82da4b2", "part": 5, "cls": "tertiary", "subclass": null, "name": "Rock Springs Road Northeast", "length_m": 304.85778134303058, "is_bridge": false, "is_tunnel": false, "is_structure": false, "walk_ok": true, "walk_oneway": false, "walk_restricted": false, "bike_ok": true, "bike_oneway": false, "bike_restricted": false, "bike_facility": "", "low_stress": false, "dem_gaps": [ ], "max_abs_grade": 0.091027540456557435, "elev_min": 273.60626220703125, "elev_max": 286.89816284179688, "cum_gain_fwd": 13.291900634765625, "cum_loss_fwd": 3.426513671875, "net_change_fwd": 9.865386962890625, "avg_grade_fwd": 0.032360619765795962, "n_samples": 62, "d_abs_above_3": 239.88809204101562, "d_abs_above_5": 159.92539978027344, "d_abs_above_8": 74.965024948120117, "d_abs_above_10": 0.0, "d_abs_above_15": 0.0, "grade_reliable": true, "max_abs_grade_reliable": 0.091027540456557435, "shortest_use": 40, "flat_use": 43, "flat_use_per_objective": 14.333333333333334, "unavoidability": 0.35833333333333334, "barrier_score": 11.100181609879622, "neighborhood": "Morningside/Lenox Park" }, "geometry": { "type": "LineString", "coordinates": [ [ -84.366055857661408, 33.804576062463042 ], [ -84.366025, 33.804542 ], [ -84.3660094, 33.8045215 ], [ -84.365832, 33.804289 ], [ -84.36567, 33.80402 ], [ -84.365106, 33.802796 ], [ -84.365032, 33.802663 ], [ -84.3649716, 33.80256 ], [ -84.3646331, 33.802202400000013 ], [ -84.3645754, 33.8021473 ], [ -84.364573791490656, 33.802145691490658 ] ] } },
{ "type": "Feature", "properties": { "edge_id": 62706, "segment_id": "e1aaaa2d-1bfb-42c4-9481-37fd5311dc14", "u": "a39fb70a-34c9-4b5b-b71c-30fe4cb30fc1", "v": "082ee92f-c031-4d04-8921-c3e5a3a9497f", "part": 0, "cls": "residential", "subclass": null, "name": "Dellwood Drive Northwest", "length_m": 396.56768808753407, "is_bridge": false, "is_tunnel": false, "is_structure": false, "walk_ok": true, "walk_oneway": false, "walk_restricted": false, "bike_ok": true, "bike_oneway": false, "bike_restricted": false, "bike_facility": "", "low_stress": true, "dem_gaps": [ ], "max_abs_grade": 0.10740961342820249, "elev_min": 243.05271911621094, "elev_max": 262.1510009765625, "cum_gain_fwd": 9.334930419921875, "cum_loss_fwd": 20.828659057617188, "net_change_fwd": -11.493728637695312, "avg_grade_fwd": -0.028983018500576774, "n_samples": 81, "d_abs_above_3": 351.95381546020508, "d_abs_above_5": 322.21125030517578, "d_abs_above_8": 252.8118896484375, "d_abs_above_10": 34.699668884277344, "d_abs_above_15": 0.0, "grade_reliable": true, "max_abs_grade_reliable": 0.10740961342820249, "shortest_use": 26, "flat_use": 0, "flat_use_per_objective": 0.0, "unavoidability": 0.0, "barrier_score": 11.074747339655485, "neighborhood": "Collier Hills North" }, "geometry": { "type": "LineString", "coordinates": [ [ -84.398678, 33.809745 ], [ -84.397772, 33.810337 ], [ -84.397649, 33.810428 ], [ -84.39754, 33.81053 ], [ -84.397447, 33.810643 ], [ -84.39737, 33.810765 ], [ -84.397312, 33.810893 ], [ -84.397277, 33.811007 ], [ -84.397257, 33.811124 ], [ -84.397251, 33.811241 ], [ -84.39726, 33.811359 ], [ -84.397341, 33.811689 ], [ -84.397384, 33.811814 ], [ -84.397473, 33.812071 ], [ -84.397523, 33.812262 ], [ -84.39756, 33.81252 ], [ -84.397563, 33.812787 ] ] } },
{ "type": "Feature", "properties": { "edge_id": 35259, "segment_id": "5ba270b9-748a-495b-b8fa-0e8d416feeba", "u": "337df77b-1d86-476f-9cb3-cb5032b53317", "v": "49a8a25d-365e-4278-95ac-f136a23ca046", "part": 1, "cls": "residential", "subclass": null, "name": "Shadydale Avenue Southeast", "length_m": 114.32551576424206, "is_bridge": false, "is_tunnel": false, "is_structure": false, "walk_ok": true, "walk_oneway": false, "walk_restricted": false, "bike_ok": true, "bike_oneway": false, "bike_restricted": false, "bike_facility": "", "low_stress": true, "dem_gaps": [ ], "max_abs_grade": 0.14006711267754257, "elev_min": 281.74423217773438, "elev_max": 293.18634033203125, "cum_gain_fwd": 0.0, "cum_loss_fwd": 11.442108154296875, "net_change_fwd": -11.442108154296875, "avg_grade_fwd": -0.10008359095979052, "n_samples": 24, "d_abs_above_3": 114.32551574707031, "d_abs_above_5": 99.413490295410156, "d_abs_above_8": 84.50146484375, "d_abs_above_10": 69.589445114135742, "d_abs_above_15": 0.0, "grade_reliable": true, "max_abs_grade_reliable": 0.14006711267754257, "shortest_use": 68, "flat_use": 141, "flat_use_per_objective": 47.0, "unavoidability": 0.69117647058823528, "barrier_score": 10.889006530958419, "neighborhood": "Lakewood Heights" }, "geometry": { "type": "LineString", "coordinates": [ [ -84.384899478784718, 33.70504289738826 ], [ -84.3848995, 33.7050428 ], [ -84.385019, 33.704493 ], [ -84.385077, 33.704024 ] ] } },
{ "type": "Feature", "properties": { "edge_id": 15294, "segment_id": "fc3d1d15-dd9a-4145-bb84-d99687e4008c", "u": "12d61d05-a1a4-457a-b80e-fb8aa55bf1ba", "v": "dc19d5ca-e094-4dea-ae06-679692eb317b", "part": 0, "cls": "residential", "subclass": null, "name": "Panther Trail Southwest", "length_m": 227.04249080206927, "is_bridge": false, "is_tunnel": false, "is_structure": false, "walk_ok": true, "walk_oneway": false, "walk_restricted": false, "bike_ok": true, "bike_oneway": false, "bike_restricted": false, "bike_facility": "", "low_stress": true, "dem_gaps": [ ], "max_abs_grade": 0.12110700970117416, "elev_min": 291.2904052734375, "elev_max": 306.98138427734375, "cum_gain_fwd": 0.041656494140625, "cum_loss_fwd": 15.69097900390625, "net_change_fwd": -15.649322509765625, "avg_grade_fwd": -0.068926843230905532, "n_samples": 47, "d_abs_above_3": 157.94260406494141, "d_abs_above_5": 143.13549041748047, "d_abs_above_8": 118.45695495605469, "d_abs_above_10": 83.906997680664062, "d_abs_above_15": 0.0, "grade_reliable": true, "max_abs_grade_reliable": 0.12110700970117416, "shortest_use": 38, "flat_use": 0, "flat_use_per_objective": 0.0, "unavoidability": 0.0, "barrier_score": 10.44864611173508, "neighborhood": "Southwest" }, "geometry": { "type": "LineString", "coordinates": [ [ -84.486189, 33.698155 ], [ -84.4886371, 33.6981804 ], [ -84.48863710055943, 33.698180400005775 ] ] } },
{ "type": "Feature", "properties": { "edge_id": 102388, "segment_id": "f824e14b-5fbb-4786-95ba-3725992e678e", "u": "4147d561-331a-4da2-b17f-3ddbbb483e4c", "v": "ba6d9b25-8667-4804-8e85-e65c6a752f4f", "part": 0, "cls": "residential", "subclass": null, "name": "Garraux Road Northwest", "length_m": 101.38209327961749, "is_bridge": false, "is_tunnel": false, "is_structure": false, "walk_ok": true, "walk_oneway": false, "walk_restricted": false, "bike_ok": true, "bike_oneway": false, "bike_restricted": false, "bike_facility": "", "low_stress": true, "dem_gaps": [ ], "max_abs_grade": 0.14247628318891745, "elev_min": 277.75900268554688, "elev_max": 289.90414428710938, "cum_gain_fwd": 0.0, "cum_loss_fwd": 12.1451416015625, "net_change_fwd": -12.1451416015625, "avg_grade_fwd": -0.11979572488812384, "n_samples": 22, "d_abs_above_3": 101.38209533691406, "d_abs_above_5": 101.38209533691406, "d_abs_above_8": 96.554376602172852, "d_abs_above_10": 82.071220397949219, "d_abs_above_15": 0.0, "grade_reliable": true, "max_abs_grade_reliable": 0.14247628318891745, "shortest_use": 70, "flat_use": 178, "flat_use_per_objective": 59.333333333333336, "unavoidability": 0.84761904761904761, "barrier_score": 10.111180682674417, "neighborhood": "Paces" }, "geometry": { "type": "LineString", "coordinates": [ [ -84.442897, 33.853788 ], [ -84.442931, 33.853826 ], [ -84.442975, 33.853841 ], [ -84.4439604, 33.8538575 ], [ -84.443965632410951, 33.853857449416545 ] ] } },
{ "type": "Feature", "properties": { "edge_id": 107572, "segment_id": "0d15bbc5-0481-43f7-a4db-d4281c501a89", "u": "1d4cd8db-fb19-4790-81e5-f9827c6bc5f3", "v": "bd92ccf7-f8de-4eff-88ac-e99048c9a831", "part": 29, "cls": "residential", "subclass": null, "name": "Knollwood Drive Northwest", "length_m": 227.21425836782248, "is_bridge": false, "is_tunnel": false, "is_structure": false, "walk_ok": true, "walk_oneway": false, "walk_restricted": false, "bike_ok": true, "bike_oneway": false, "bike_restricted": false, "bike_facility": "", "low_stress": true, "dem_gaps": [ ], "max_abs_grade": 0.11916802332945127, "elev_min": 260.58404541015625, "elev_max": 280.93194580078125, "cum_gain_fwd": 0.07427978515625, "cum_loss_fwd": 20.347900390625, "net_change_fwd": -20.27362060546875, "avg_grade_fwd": -0.089226883277725974, "n_samples": 47, "d_abs_above_3": 207.45649719238281, "d_abs_above_5": 197.57762145996094, "d_abs_above_8": 167.94096946716309, "d_abs_above_10": 128.42544937133789, "d_abs_above_15": 0.0, "grade_reliable": true, "max_abs_grade_reliable": 0.11916802332945127, "shortest_use": 36, "flat_use": 0, "flat_use_per_objective": 0.0, "unavoidability": 0.0, "barrier_score": 9.7476026551058297, "neighborhood": "Tuxedo Park" }, "geometry": { "type": "LineString", "coordinates": [ [ -84.395551757132054, 33.853176630820791 ], [ -84.395466, 33.853485 ], [ -84.395451, 33.853646 ], [ -84.395458, 33.853751 ], [ -84.395478, 33.853851 ], [ -84.395812, 33.855092 ], [ -84.395852, 33.855177 ] ] } },
{ "type": "Feature", "properties": { "edge_id": 12192, "segment_id": "84840a60-31cb-4c9f-89c7-dfe17b4ae3ac", "u": "8994fb0a-e951-49ec-a272-837478992842", "v": "f30faf91-ac02-488f-b3da-62b5727af1ba", "part": 0, "cls": "tertiary", "subclass": null, "name": "Lynhurst Drive Southwest", "length_m": 185.47514740851707, "is_bridge": false, "is_tunnel": false, "is_structure": false, "walk_ok": true, "walk_oneway": false, "walk_restricted": false, "bike_ok": true, "bike_oneway": false, "bike_restricted": false, "bike_facility": "", "low_stress": false, "dem_gaps": [ ], "max_abs_grade": 0.23707899767566545, "elev_min": 251.85406494140625, "elev_max": 261.28607177734375, "cum_gain_fwd": 4.1107330322265625, "cum_loss_fwd": 9.6253509521484375, "net_change_fwd": -5.514617919921875, "avg_grade_fwd": -0.029732382560067012, "n_samples": 39, "d_abs_above_3": 146.42774200439453, "d_abs_above_5": 126.90404510498047, "d_abs_above_8": 39.047401428222656, "d_abs_above_10": 39.047401428222656, "d_abs_above_15": 29.285552978515625, "grade_reliable": true, "max_abs_grade_reliable": 0.23707899767566545, "shortest_use": 22, "flat_use": 65, "flat_use_per_objective": 21.666666666666668, "unavoidability": 0.98484848484848486, "barrier_score": 9.6738976490986559, "neighborhood": "Ivan Hill" }, "geometry": { "type": "LineString", "coordinates": [ [ -84.489176, 33.746912 ], [ -84.489294, 33.746396 ], [ -84.489379, 33.746147 ], [ -84.489502, 33.745902 ], [ -84.489637, 33.74563 ], [ -84.489836, 33.745348 ] ] } },
{ "type": "Feature", "properties": { "edge_id": 1042, "segment_id": "9b4ce745-83d2-47eb-8c62-0713206c95f4", "u": "9ce3158d-53e9-428a-8e94-f7a96071d15b", "v": "ce9d4865-9ddc-4d12-be30-ce6b26f2457b", "part": 0, "cls": "residential", "subclass": null, "name": "Darrah Drive Southwest", "length_m": 107.9227671439842, "is_bridge": false, "is_tunnel": false, "is_structure": false, "walk_ok": true, "walk_oneway": false, "walk_restricted": false, "bike_ok": true, "bike_oneway": false, "bike_restricted": false, "bike_facility": "", "low_stress": true, "dem_gaps": [ ], "max_abs_grade": 0.13436098940215099, "elev_min": 274.42529296875, "elev_max": 280.88308715820312, "cum_gain_fwd": 6.457794189453125, "cum_loss_fwd": 0.39825439453125, "net_change_fwd": 6.059539794921875, "avg_grade_fwd": 0.056147001485191243, "n_samples": 23, "d_abs_above_3": 68.678123474121094, "d_abs_above_5": 58.866962432861328, "d_abs_above_8": 44.150222778320312, "d_abs_above_10": 34.339061737060547, "d_abs_above_15": 0.0, "grade_reliable": true, "max_abs_grade_reliable": 0.13436098940215099, "shortest_use": 66, "flat_use": 0, "flat_use_per_objective": 0.0, "unavoidability": 0.0, "barrier_score": 9.5704024498392233, "neighborhood": "Deerwood" }, "geometry": { "type": "LineString", "coordinates": [ [ -84.508666, 33.674957 ], [ -84.509682, 33.674483 ] ] } },
{ "type": "Feature", "properties": { "edge_id": 12698, "segment_id": "89e9779c-8d51-42e5-8db1-acd4ce7f4dc9", "u": "d32ee9de-3387-4738-94a4-82e2f193570f", "v": "991d856a-de4e-4f0d-9c40-9e72b5336bb8", "part": 2, "cls": "tertiary", "subclass": null, "name": "Delmar Lane Northwest", "length_m": 189.60633056360791, "is_bridge": false, "is_tunnel": false, "is_structure": false, "walk_ok": true, "walk_oneway": false, "walk_restricted": false, "bike_ok": true, "bike_oneway": false, "bike_restricted": false, "bike_facility": "", "low_stress": false, "dem_gaps": [ ], "max_abs_grade": 0.11983449591897273, "elev_min": 269.1123046875, "elev_max": 282.78790283203125, "cum_gain_fwd": 13.67559814453125, "cum_loss_fwd": -0.0, "net_change_fwd": 13.67559814453125, "avg_grade_fwd": 0.072126276754299848, "n_samples": 39, "d_abs_above_3": 149.689208984375, "d_abs_above_5": 134.72029113769531, "d_abs_above_8": 89.81352424621582, "d_abs_above_10": 54.886043548583984, "d_abs_above_15": 0.0, "grade_reliable": true, "max_abs_grade_reliable": 0.11983449591897273, "shortest_use": 42, "flat_use": 0, "flat_use_per_objective": 0.0, "unavoidability": 0.0, "barrier_score": 9.5429791993771502, "neighborhood": "Adamsville" }, "geometry": { "type": "LineString", "coordinates": [ [ -84.497666290555387, 33.756588000092243 ], [ -84.498745, 33.756697 ], [ -84.499035, 33.756707 ], [ -84.499704, 33.756694 ] ] } },
{ "type": "Feature", "properties": { "edge_id": 8945, "segment_id": "b64e9de4-0b0b-4383-b59e-c7dfe40d8cd2", "u": "da74878d-6964-4b8c-a1ea-c4717d004561", "v": "ebc44334-1a9a-466b-8b9a-a3f39131e202", "part": 0, "cls": "residential", "subclass": null, "name": "Handy Drive Northwest", "length_m": 68.763696268195375, "is_bridge": false, "is_tunnel": false, "is_structure": false, "walk_ok": true, "walk_oneway": false, "walk_restricted": false, "bike_ok": true, "bike_oneway": false, "bike_restricted": false, "bike_facility": "", "low_stress": true, "dem_gaps": [ ], "max_abs_grade": 0.19591618636952837, "elev_min": 269.3773193359375, "elev_max": 280.69659423828125, "cum_gain_fwd": 0.0, "cum_loss_fwd": 11.31927490234375, "net_change_fwd": -11.31927490234375, "avg_grade_fwd": -0.1646112085938137, "n_samples": 15, "d_abs_above_3": 68.763694763183594, "d_abs_above_5": 68.763694763183594, "d_abs_above_8": 68.763694763183594, "d_abs_above_10": 68.763694763183594, "d_abs_above_15": 49.116926193237305, "grade_reliable": true, "max_abs_grade_reliable": 0.19591618636952837, "shortest_use": 70, "flat_use": 210, "flat_use_per_objective": 70.0, "unavoidability": 1.0, "barrier_score": 9.4303447934761842, "neighborhood": "Collier Heights" }, "geometry": { "type": "LineString", "coordinates": [ [ -84.481963, 33.7707 ], [ -84.4827046, 33.7706766 ] ] } },
{ "type": "Feature", "properties": { "edge_id": 8683, "segment_id": "091f738b-6564-4bff-b22b-d1fe03aa2da3", "u": "da74878d-6964-4b8c-a1ea-c4717d004561", "v": "5d828d38-7eb2-48ae-8c2d-55047aa1a0b3", "part": 0, "cls": "residential", "subclass": null, "name": "West Handy Drive Northwest", "length_m": 121.7288875259997, "is_bridge": false, "is_tunnel": false, "is_structure": false, "walk_ok": true, "walk_oneway": false, "walk_restricted": false, "bike_ok": true, "bike_oneway": false, "bike_restricted": false, "bike_facility": "", "low_stress": true, "dem_gaps": [ ], "max_abs_grade": 0.13713355881425773, "elev_min": 275.19174194335938, "elev_max": 280.69659423828125, "cum_gain_fwd": 1.451568603515625, "cum_loss_fwd": 5.504852294921875, "net_change_fwd": -4.05328369140625, "avg_grade_fwd": -0.033297631393906797, "n_samples": 26, "d_abs_above_3": 68.168178558349609, "d_abs_above_5": 48.691555023193359, "d_abs_above_8": 38.953243255615234, "d_abs_above_10": 34.084087371826172, "d_abs_above_15": 0.0, "grade_reliable": true, "max_abs_grade_reliable": 0.13713355881425773, "shortest_use": 56, "flat_use": 160, "flat_use_per_objective": 53.333333333333336, "unavoidability": 0.95238095238095244, "barrier_score": 9.3481447118868726, "neighborhood": "Collier Heights" }, "geometry": { "type": "LineString", "coordinates": [ [ -84.481963, 33.7707 ], [ -84.481986, 33.771797 ] ] } },
{ "type": "Feature", "properties": { "edge_id": 14692, "segment_id": "b6821b70-f470-406e-b708-c489c0e4ae69", "u": "7959b0af-fb2f-41f9-a166-d8700aee9ed0", "v": "2bd22dbf-c6c4-4b0c-9fca-42582d7b99f1", "part": 0, "cls": "tertiary", "subclass": null, "name": "Niskey Lake Road Southwest", "length_m": 158.01539370890643, "is_bridge": false, "is_tunnel": false, "is_structure": false, "walk_ok": true, "walk_oneway": false, "walk_restricted": false, "bike_ok": true, "bike_oneway": false, "bike_restricted": false, "bike_facility": "", "low_stress": false, "dem_gaps": [ ], "max_abs_grade": 0.083333462086951957, "elev_min": 286.83779907226562, "elev_max": 292.13751220703125, "cum_gain_fwd": 0.01318359375, "cum_loss_fwd": 5.299713134765625, "net_change_fwd": -5.286529541015625, "avg_grade_fwd": -0.033455787669337947, "n_samples": 33, "d_abs_above_3": 69.131732940673828, "d_abs_above_5": 44.441829681396484, "d_abs_above_8": 9.8759613037109375, "d_abs_above_10": 0.0, "d_abs_above_15": 0.0, "grade_reliable": true, "max_abs_grade_reliable": 0.083333462086951957, "shortest_use": 70, "flat_use": 210, "flat_use_per_objective": 70.0, "unavoidability": 1.0, "barrier_score": 9.2175788745571587, "neighborhood": "Niskey Lake" }, "geometry": { "type": "LineString", "coordinates": [ [ -84.535291, 33.714508 ], [ -84.535136, 33.713929 ], [ -84.535085, 33.713783 ], [ -84.53498, 33.713577 ], [ -84.534777, 33.713277 ], [ -84.534706, 33.713184 ] ] } },
{ "type": "Feature", "properties": { "edge_id": 86034, "segment_id": "6bd13b65-2328-4537-8f90-0ec5bba29d10", "u": "06f688e6-43dd-46bd-ad29-a28b93863c81", "v": "f786d309-f048-47d0-b706-147af724500f", "part": 0, "cls": "service", "subclass": null, "name": null, "length_m": 107.06084599279093, "is_bridge": false, "is_tunnel": false, "is_structure": false, "walk_ok": true, "walk_oneway": false, "walk_restricted": false, "bike_ok": true, "bike_oneway": false, "bike_restricted": false, "bike_facility": "", "low_stress": false, "dem_gaps": [ ], "max_abs_grade": 0.11599610566137127, "elev_min": 303.5498046875, "elev_max": 310.26394653320312, "cum_gain_fwd": 0.0, "cum_loss_fwd": 6.714141845703125, "net_change_fwd": -6.714141845703125, "avg_grade_fwd": -0.06271332793973268, "n_samples": 23, "d_abs_above_3": 82.728832244873047, "d_abs_above_5": 58.396823883056641, "d_abs_above_8": 38.931216716766357, "d_abs_above_10": 14.599206924438477, "d_abs_above_15": 0.0, "grade_reliable": true, "max_abs_grade_reliable": 0.11599610566137127, "shortest_use": 70, "flat_use": 0, "flat_use_per_objective": 0.0, "unavoidability": 0.0, "barrier_score": 8.6930488427829022, "neighborhood": "Candler Park" }, "geometry": { "type": "LineString", "coordinates": [ [ -84.3404907, 33.7671266 ], [ -84.3409494, 33.7671087 ], [ -84.3416455, 33.7671108 ], [ -84.341645507020871, 33.767110800024668 ] ] } },
{ "type": "Feature", "properties": { "edge_id": 91829, "segment_id": "87bdfdd0-71bf-4ba7-b14d-b897d9250404", "u": "2ecebf92-397d-4c93-8814-ea1f034d5a1c", "v": "4bed4781-0c0b-4de7-a81a-6bc5ba55adae", "part": 1, "cls": "footway", "subclass": null, "name": null, "length_m": 154.87758765364285, "is_bridge": false, "is_tunnel": false, "is_structure": false, "walk_ok": true, "walk_oneway": false, "walk_restricted": false, "bike_ok": true, "bike_oneway": false, "bike_restricted": false, "bike_facility": "shared_path", "low_stress": true, "dem_gaps": [ ], "max_abs_grade": 0.10014018648773292, "elev_min": 270.42376708984375, "elev_max": 275.58087158203125, "cum_gain_fwd": 4.028656005859375, "cum_loss_fwd": 5.1571044921875, "net_change_fwd": -1.128448486328125, "avg_grade_fwd": -0.007286066739717152, "n_samples": 32, "d_abs_above_3": 129.8973388671875, "d_abs_above_5": 94.924987316131592, "d_abs_above_8": 39.968406677246094, "d_abs_above_10": 4.9960479736328125, "d_abs_above_15": 0.0, "grade_reliable": true, "max_abs_grade_reliable": 0.10014018648773292, "shortest_use": 56, "flat_use": 5, "flat_use_per_objective": 1.6666666666666667, "unavoidability": 0.029761904761904764, "barrier_score": 8.6853034858273581, "neighborhood": "Morningside/Lenox Park" }, "geometry": { "type": "LineString", "coordinates": [ [ -84.359143826514114, 33.798961516085072 ], [ -84.3591415, 33.798962 ], [ -84.3587802, 33.7990229 ], [ -84.3586926, 33.7990345 ], [ -84.3586214, 33.7990413 ], [ -84.3584194, 33.7990471 ], [ -84.358131, 33.7990452 ], [ -84.3575303, 33.7990438 ], [ -84.357480944939326, 33.799042795316829 ] ] } },
{ "type": "Feature", "properties": { "edge_id": 107075, "segment_id": "543f324f-3ca3-42f6-a3ac-0e0110791155", "u": "f012bc9c-71eb-42bf-aa3d-7c16107f0ff3", "v": "3fbae3fe-e0f4-433e-afd8-fb7d483cecfd", "part": 2, "cls": "primary", "subclass": null, "name": "Northside Drive Northwest", "length_m": 213.36315850677894, "is_bridge": false, "is_tunnel": false, "is_structure": false, "walk_ok": true, "walk_oneway": false, "walk_restricted": false, "bike_ok": true, "bike_oneway": false, "bike_restricted": false, "bike_facility": "", "low_stress": false, "dem_gaps": [ ], "max_abs_grade": 0.095170148776392585, "elev_min": 278.05072021484375, "elev_max": 288.20816040039062, "cum_gain_fwd": 10.166259765625, "cum_loss_fwd": 0.668060302734375, "net_change_fwd": 9.498199462890625, "avg_grade_fwd": 0.044516586178270597, "n_samples": 44, "d_abs_above_3": 143.89608764648438, "d_abs_above_5": 124.04833984375, "d_abs_above_8": 59.543205261230469, "d_abs_above_10": 0.0, "d_abs_above_15": 0.0, "grade_reliable": true, "max_abs_grade_reliable": 0.095170148776392585, "shortest_use": 42, "flat_use": 0, "flat_use_per_objective": 0.0, "unavoidability": 0.0, "barrier_score": 8.5284374861662986, "neighborhood": "Castlewood" }, "geometry": { "type": "LineString", "coordinates": [ [ -84.407443000002985, 33.832877299760305 ], [ -84.407443, 33.8328773 ], [ -84.407420100036077, 33.834800196970612 ] ] } },
{ "type": "Feature", "properties": { "edge_id": 1636, "segment_id": "2e529da2-a757-48f6-b2f2-0acb1b9ec650", "u": "5da0907f-f510-44f3-beb3-d63aa27cca24", "v": "3cedcd28-7b97-45f0-9ea8-a3b4d5de02a7", "part": 0, "cls": "tertiary", "subclass": null, "name": "Barge Road Southwest", "length_m": 98.331260900620975, "is_bridge": false, "is_tunnel": false, "is_structure": false, "walk_ok": true, "walk_oneway": false, "walk_restricted": false, "bike_ok": true, "bike_oneway": false, "bike_restricted": false, "bike_facility": "", "low_stress": false, "dem_gaps": [ ], "max_abs_grade": 0.12863580499795166, "elev_min": 270.4376220703125, "elev_max": 280.21658325195312, "cum_gain_fwd": 9.778961181640625, "cum_loss_fwd": -0.0, "net_change_fwd": 9.778961181640625, "avg_grade_fwd": 0.099449159035494894, "n_samples": 21, "d_abs_above_3": 98.331260681152344, "d_abs_above_5": 93.414697647094727, "d_abs_above_8": 73.748445510864258, "d_abs_above_10": 58.998756408691406, "d_abs_above_15": 0.0, "grade_reliable": true, "max_abs_grade_reliable": 0.12863580499795166, "shortest_use": 66, "flat_use": 0, "flat_use_per_objective": 0.0, "unavoidability": 0.0, "barrier_score": 8.3482877955938939, "neighborhood": null }, "geometry": { "type": "LineString", "coordinates": [ [ -84.506362, 33.682871 ], [ -84.5063616, 33.6819847 ], [ -84.506361599998428, 33.681984696649849 ] ] } },
{ "type": "Feature", "properties": { "edge_id": 15967, "segment_id": "ad5cb41a-dedd-4923-b806-9a6b596e30a8", "u": "06d5b258-60bd-4367-a60f-3a5352c03362", "v": "1f8445c6-c8c1-429d-ba51-cd635724a32e", "part": 2, "cls": "residential", "subclass": null, "name": "Willis Mill Road Southwest", "length_m": 327.41078104197919, "is_bridge": false, "is_tunnel": false, "is_structure": false, "walk_ok": true, "walk_oneway": false, "walk_restricted": false, "bike_ok": true, "bike_oneway": false, "bike_restricted": false, "bike_facility": "", "low_stress": true, "dem_gaps": [ ], "max_abs_grade": 0.096097001313405664, "elev_min": 283.63510131835938, "elev_max": 301.75262451171875, "cum_gain_fwd": 5.43719482421875, "cum_loss_fwd": 18.117523193359375, "net_change_fwd": -12.680328369140625, "avg_grade_fwd": -0.03872911236474931, "n_samples": 67, "d_abs_above_3": 277.80307006835938, "d_abs_above_5": 243.07769775390625, "d_abs_above_8": 203.39154052734375, "d_abs_above_10": 0.0, "d_abs_above_15": 0.0, "grade_reliable": true, "max_abs_grade_reliable": 0.096097001313405664, "shortest_use": 26, "flat_use": 0, "flat_use_per_objective": 0.0, "unavoidability": 0.0, "barrier_score": 8.1804305065117049, "neighborhood": "Audobon Forest" }, "geometry": { "type": "LineString", "coordinates": [ [ -84.472202902976179, 33.72295781480188 ], [ -84.472302, 33.720121 ], [ -84.472284, 33.720009 ] ] } },
{ "type": "Feature", "properties": { "edge_id": 48729, "segment_id": "65b84f15-a700-46f4-bd8c-9afb06b874ad", "u": "c78c03c9-3e89-4ae2-b402-fba8885b7a58", "v": "723b250e-4422-4146-b267-78b80dd0f7d0", "part": 1, "cls": "residential", "subclass": null, "name": "North Avenue Northwest", "length_m": 172.31161971588497, "is_bridge": false, "is_tunnel": false, "is_structure": false, "walk_ok": true, "walk_oneway": false, "walk_restricted": false, "bike_ok": true, "bike_oneway": false, "bike_restricted": false, "bike_facility": "", "low_stress": true, "dem_gaps": [ ], "max_abs_grade": 0.11072816647347247, "elev_min": 273.78741455078125, "elev_max": 285.1046142578125, "cum_gain_fwd": 0.375457763671875, "cum_loss_fwd": 11.31719970703125, "net_change_fwd": -10.941741943359375, "avg_grade_fwd": -0.063499735313719219, "n_samples": 36, "d_abs_above_3": 128.00291442871094, "d_abs_above_5": 113.23334503173828, "d_abs_above_8": 88.617401123046875, "d_abs_above_10": 34.462326049804688, "d_abs_above_15": 0.0, "grade_reliable": true, "max_abs_grade_reliable": 0.11072816647347247, "shortest_use": 40, "flat_use": 0, "flat_use_per_objective": 0.0, "unavoidability": 0.0, "barrier_score": 7.6318998852856774, "neighborhood": "Grove Park" }, "geometry": { "type": "LineString", "coordinates": [ [ -84.432998793085204, 33.767897799819089 ], [ -84.4329988, 33.7678978 ], [ -84.434857413350244, 33.767947095049578 ] ] } },
{ "type": "Feature", "properties": { "edge_id": 14664, "segment_id": "2a8ea9a5-8047-4cee-b585-3c3ee2342488", "u": "ced32fdd-6ca7-4ae7-810a-e8eea9bf7bf9", "v": "17ae338f-0b3d-424c-9300-71d8e3445573", "part": 2, "cls": "residential", "subclass": null, "name": "Niskey Lake Road Southwest", "length_m": 122.28251911947793, "is_bridge": false, "is_tunnel": false, "is_structure": false, "walk_ok": true, "walk_oneway": false, "walk_restricted": false, "bike_ok": true, "bike_oneway": false, "bike_restricted": false, "bike_facility": "", "low_stress": true, "dem_gaps": [ ], "max_abs_grade": 0.089064001297745166, "elev_min": 256.58981323242188, "elev_max": 262.96438598632812, "cum_gain_fwd": 6.37457275390625, "cum_loss_fwd": -0.0, "net_change_fwd": 6.37457275390625, "avg_grade_fwd": 0.052129878722076507, "n_samples": 26, "d_abs_above_3": 73.369510650634766, "d_abs_above_5": 63.586906433105469, "d_abs_above_8": 24.456497192382812, "d_abs_above_10": 0.0, "d_abs_above_15": 0.0, "grade_reliable": true, "max_abs_grade_reliable": 0.089064001297745166, "shortest_use": 70, "flat_use": 0, "flat_use_per_objective": 0.0, "unavoidability": 0.0, "barrier_score": 7.6236793090841113, "neighborhood": "Niskey Lake" }, "geometry": { "type": "LineString", "coordinates": [ [ -84.533954886031736, 33.720447212895721 ], [ -84.53396, 33.719699 ], [ -84.53394, 33.719547 ], [ -84.533896, 33.719389 ], [ -84.533888, 33.7193687 ], [ -84.533881452920852, 33.719352117957769 ] ] } },
{ "type": "Feature", "properties": { "edge_id": 23994, "segment_id": "bce8315c-6c4f-41c8-b05c-fc40b64e5af6", "u": "c145ebc5-7bdf-4ac6-b54b-72afcf993f92", "v": "8005ca03-63e5-40b3-b51d-338de68e6007", "part": 0, "cls": "residential", "subclass": null, "name": "Sylvan Place Southwest", "length_m": 106.74679229984383, "is_bridge": false, "is_tunnel": false, "is_structure": false, "walk_ok": true, "walk_oneway": false, "walk_restricted": false, "bike_ok": true, "bike_oneway": false, "bike_restricted": false, "bike_facility": "", "low_stress": true, "dem_gaps": [ ], "max_abs_grade": 0.12921201676787561, "elev_min": 296.85171508789062, "elev_max": 304.13912963867188, "cum_gain_fwd": 7.28741455078125, "cum_loss_fwd": -0.0, "net_change_fwd": 7.28741455078125, "avg_grade_fwd": 0.068268227688836572, "n_samples": 23, "d_abs_above_3": 87.338283538818359, "d_abs_above_5": 53.373397827148438, "d_abs_above_8": 43.669143676757812, "d_abs_above_10": 33.964889526367188, "d_abs_above_15": 0.0, "grade_reliable": true, "max_abs_grade_reliable": 0.12921201676787561, "shortest_use": 54, "flat_use": 130, "flat_use_per_objective": 43.333333333333336, "unavoidability": 0.80246913580246915, "barrier_score": 7.4482028909447529, "neighborhood": "Sylvan Hills" }, "geometry": { "type": "LineString", "coordinates": [ [ -84.415928, 33.704974 ], [ -84.417079, 33.704989 ] ] } },
{ "type": "Feature", "properties": { "edge_id": 5178, "segment_id": "3ea9b97e-2fcc-4628-b67d-4fece7fa9783", "u": "886d8d81-69f9-43cf-9c01-7c653a2e66a3", "v": "e0764ff2-086d-4bc8-8047-83f11261dd7d", "part": 2, "cls": "tertiary", "subclass": null, "name": "Ridgewood Road Northwest", "length_m": 294.90231046007023, "is_bridge": false, "is_tunnel": false, "is_structure": false, "walk_ok": true, "walk_oneway": false, "walk_restricted": false, "bike_ok": true, "bike_oneway": false, "bike_restricted": false, "bike_facility": "", "low_stress": false, "dem_gaps": [ ], "max_abs_grade": 0.095301476626441284, "elev_min": 244.58447265625, "elev_max": 257.0606689453125, "cum_gain_fwd": 3.2580108642578125, "cum_loss_fwd": 12.4761962890625, "net_change_fwd": -9.2181854248046875, "avg_grade_fwd": -0.031258437154202796, "n_samples": 60, "d_abs_above_3": 209.93046188354492, "d_abs_above_5": 149.95032501220703, "d_abs_above_8": 84.971847534179688, "d_abs_above_10": 0.0, "d_abs_above_15": 0.0, "grade_reliable": true, "max_abs_grade_reliable": 0.095301476626441284, "shortest_use": 26, "flat_use": 143, "flat_use_per_objective": 47.666666666666664, "unavoidability": 1.0, "barrier_score": 7.307202668322418, "neighborhood": "Ridgewood Heights" }, "geometry": { "type": "LineString", "coordinates": [ [ -84.448908655700762, 33.824022356951303 ], [ -84.4489271, 33.8240332 ], [ -84.449044, 33.824102 ], [ -84.450267, 33.824795 ], [ -84.450341, 33.824858 ], [ -84.450398, 33.824958 ], [ -84.450425, 33.825052 ], [ -84.450448, 33.825291 ], [ -84.450429, 33.825458 ], [ -84.45038, 33.825592 ], [ -84.450314, 33.825705 ], [ -84.450238, 33.825797 ], [ -84.4500845, 33.8259574 ] ] } },
{ "type": "Feature", "properties": { "edge_id": 1645, "segment_id": "a3b3dfbf-ca92-42dd-8105-7d04f0195f8e", "u": "93a52e7d-af7e-40c5-98ed-39685dd76128", "v": "614e106f-0578-4327-866f-a2f1ce8a33b0", "part": 0, "cls": "tertiary", "subclass": null, "name": "Barge Road Southwest", "length_m": 112.46542267093994, "is_bridge": false, "is_tunnel": false, "is_structure": false, "walk_ok": true, "walk_oneway": false, "walk_restricted": false, "bike_ok": true, "bike_oneway": false, "bike_restricted": false, "bike_facility": "", "low_stress": false, "dem_gaps": [ ], "max_abs_grade": 0.096917536775490074, "elev_min": 273.49447631835938, "elev_max": 280.72711181640625, "cum_gain_fwd": 0.0, "cum_loss_fwd": 7.232635498046875, "net_change_fwd": -7.232635498046875, "avg_grade_fwd": -0.064309858688664887, "n_samples": 24, "d_abs_above_3": 97.7960205078125, "d_abs_above_5": 78.23681640625, "d_abs_above_8": 44.008209228515625, "d_abs_above_10": 0.0, "d_abs_above_15": 0.0, "grade_reliable": true, "max_abs_grade_reliable": 0.096917536775490074, "shortest_use": 66, "flat_use": 0, "flat_use_per_objective": 0.0, "unavoidability": 0.0, "barrier_score": 7.1939153468700257, "neighborhood": "Ben Hill Forest" }, "geometry": { "type": "LineString", "coordinates": [ [ -84.506339, 33.67954 ], [ -84.5063222, 33.6786156 ], [ -84.506356, 33.678531 ] ] } },
{ "type": "Feature", "properties": { "edge_id": 62205, "segment_id": "cd44dc12-03fb-42ea-85b9-8fa5154bda4e", "u": "3f027f1c-1566-4f79-9041-47978f8084b9", "v": "77c54b46-9888-4482-baa3-c3471c49c766", "part": 0, "cls": "residential", "subclass": null, "name": "Sagamore Drive Northwest", "length_m": 221.79248803307377, "is_bridge": false, "is_tunnel": false, "is_structure": false, "walk_ok": true, "walk_oneway": false, "walk_restricted": false, "bike_ok": true, "bike_oneway": false, "bike_restricted": false, "bike_facility": "", "low_stress": true, "dem_gaps": [ ], "max_abs_grade": 0.10077737772012545, "elev_min": 238.84010314941406, "elev_max": 250.46559143066406, "cum_gain_fwd": 11.62548828125, "cum_loss_fwd": 0.3535919189453125, "net_change_fwd": 11.271896362304688, "avg_grade_fwd": 0.050821814781465816, "n_samples": 46, "d_abs_above_3": 142.93293762207031, "d_abs_above_5": 113.36061096191406, "d_abs_above_8": 73.930824279785156, "d_abs_above_10": 14.786163330078125, "d_abs_above_15": 0.0, "grade_reliable": true, "max_abs_grade_reliable": 0.10077737772012545, "shortest_use": 32, "flat_use": 73, "flat_use_per_objective": 24.333333333333332, "unavoidability": 0.76041666666666663, "barrier_score": 7.1525329094385528, "neighborhood": "Peachtree Battle Alliance" }, "geometry": { "type": "LineString", "coordinates": [ [ -84.4073861, 33.8207717 ], [ -84.4073268, 33.8208096 ], [ -84.40688, 33.8210938 ], [ -84.4064355, 33.82134880000001 ], [ -84.405688500000011, 33.821807 ], [ -84.4054424, 33.8219384 ] ] } },
{ "type": "Feature", "properties": { "edge_id": 7514, "segment_id": "cdf9fe6e-5255-45c8-90e2-0b65e8cf6160", "u": "8d8b30f6-12ca-4516-b6e5-56f39172ca8d", "v": "f776c127-d9fc-48e5-aa89-b512b2ca1ca0", "part": 0, "cls": "tertiary", "subclass": null, "name": "Hightower Road Northwest", "length_m": 326.17186680654919, "is_bridge": false, "is_tunnel": false, "is_structure": false, "walk_ok": true, "walk_oneway": false, "walk_restricted": false, "bike_ok": true, "bike_oneway": false, "bike_restricted": false, "bike_facility": "", "low_stress": false, "dem_gaps": [ ], "max_abs_grade": 0.10851583461724904, "elev_min": 238.79206848144531, "elev_max": 267.92324829101562, "cum_gain_fwd": 0.0, "cum_loss_fwd": 29.131179809570312, "net_change_fwd": -29.131179809570312, "avg_grade_fwd": -0.089312359655688622, "n_samples": 67, "d_abs_above_3": 326.171875, "d_abs_above_5": 326.171875, "d_abs_above_8": 276.75186824798584, "d_abs_above_10": 59.303977966308594, "d_abs_above_15": 0.0, "grade_reliable": true, "max_abs_grade_reliable": 0.10851583461724904, "shortest_use": 20, "flat_use": 39, "flat_use_per_objective": 13.0, "unavoidability": 0.65, "barrier_score": 7.0789624710357737, "neighborhood": "Carey Park" }, "geometry": { "type": "LineString", "coordinates": [ [ -84.470045, 33.79008 ], [ -84.470013, 33.790242 ], [ -84.469923, 33.790698 ], [ -84.469607, 33.791994 ], [ -84.469594, 33.792045 ], [ -84.4693806, 33.7929667 ] ] } },
{ "type": "Feature", "properties": { "edge_id": 14669, "segment_id": "59863864-838a-4aec-9cb7-49580338db29", "u": "225fe575-f234-466b-9b7b-ef0414251127", "v": "0e043aed-9b8c-4c44-b0a1-b37d851dd224", "part": 0, "cls": "residential", "subclass": null, "name": "Niskey Lake Road Southwest", "length_m": 88.733546739958371, "is_bridge": false, "is_tunnel": false, "is_structure": false, "walk_ok": true, "walk_oneway": false, "walk_restricted": false, "bike_ok": true, "bike_oneway": false, "bike_restricted": false, "bike_facility": "", "low_stress": true, "dem_gaps": [ ], "max_abs_grade": 0.11351135515942415, "elev_min": 273.90765380859375, "elev_max": 283.0283203125, "cum_gain_fwd": 9.12066650390625, "cum_loss_fwd": -0.0, "net_change_fwd": 9.12066650390625, "avg_grade_fwd": 0.10278713274418612, "n_samples": 19, "d_abs_above_3": 88.733543395996094, "d_abs_above_5": 88.733543395996094, "d_abs_above_8": 88.733543395996094, "d_abs_above_10": 54.226053237915039, "d_abs_above_15": 0.0, "grade_reliable": true, "max_abs_grade_reliable": 0.11351135515942415, "shortest_use": 70, "flat_use": 0, "flat_use_per_objective": 0.0, "unavoidability": 0.0, "barrier_score": 7.050585596988344, "neighborhood": "Niskey Lake" }, "geometry": { "type": "LineString", "coordinates": [ [ -84.533404, 33.718143 ], [ -84.533157, 33.717439 ], [ -84.5331517, 33.7173937 ], [ -84.533149271555956, 33.717373148839222 ] ] } },
{ "type": "Feature", "properties": { "edge_id": 104770, "segment_id": "980dcb14-c448-40a3-9c69-9be0bf31a037", "u": "b47ca91b-0a66-4631-9115-9ee632c52ee0", "v": "af95e7d1-9d67-41f5-8cd6-27aae1ea8d12", "part": 0, "cls": "tertiary", "subclass": null, "name": "Powers Ferry Road Northwest", "length_m": 99.515780238578969, "is_bridge": false, "is_tunnel": false, "is_structure": false, "walk_ok": true, "walk_oneway": false, "walk_restricted": false, "bike_ok": true, "bike_oneway": false, "bike_restricted": false, "bike_facility": "", "low_stress": false, "dem_gaps": [ ], "max_abs_grade": 0.098965556631423673, "elev_min": 257.9453125, "elev_max": 264.95126342773438, "cum_gain_fwd": 0.0, "cum_loss_fwd": 7.005950927734375, "net_change_fwd": -7.005950927734375, "avg_grade_fwd": -0.070400403810811196, "n_samples": 21, "d_abs_above_3": 99.515777587890625, "d_abs_above_5": 79.61262035369873, "d_abs_above_8": 29.854732513427734, "d_abs_above_10": 0.0, "d_abs_above_15": 0.0, "grade_reliable": true, "max_abs_grade_reliable": 0.098965556631423673, "shortest_use": 68, "flat_use": 115, "flat_use_per_objective": 38.333333333333336, "unavoidability": 0.56372549019607843, "barrier_score": 6.6970715177465516, "neighborhood": "Chastain Park" }, "geometry": { "type": "LineString", "coordinates": [ [ -84.392006, 33.865734 ], [ -84.3923806, 33.8665747 ], [ -84.392380600828304, 33.866574701857765 ] ] } },
{ "type": "Feature", "properties": { "edge_id": 15223, "segment_id": "6866f413-ec3c-4bb0-9bad-b77e64730d66", "u": "d4e67b4b-5d83-4bc1-ac1a-9a3f8b9c8ba0", "v": "106033ee-50e8-4bf1-bc23-c464ef876558", "part": 0, "cls": "tertiary", "subclass": null, "name": "Mount Gilead Road Southwest", "length_m": 203.4459432992235, "is_bridge": false, "is_tunnel": false, "is_structure": false, "walk_ok": true, "walk_oneway": false, "walk_restricted": false, "bike_ok": true, "bike_oneway": false, "bike_restricted": false, "bike_facility": "", "low_stress": false, "dem_gaps": "[39.28852483 99.52657624]", "max_abs_grade": 0.085191699774904983, "elev_min": 262.2462158203125, "elev_max": 267.84005737304688, "cum_gain_fwd": 5.0167236328125, "cum_loss_fwd": 5.593841552734375, "net_change_fwd": -0.577117919921875, "avg_grade_fwd": -0.0028367138969805296, "n_samples": 42, "d_abs_above_3": 183.59755706787109, "d_abs_above_5": 104.20401763916016, "d_abs_above_8": 14.88629150390625, "d_abs_above_10": 0.0, "d_abs_above_15": 0.0, "grade_reliable": true, "max_abs_grade_reliable": 0.085191699774904983, "shortest_use": 38, "flat_use": 0, "flat_use_per_objective": 0.0, "unavoidability": 0.0, "barrier_score": 6.5861241743485213, "neighborhood": "Briar Glen" }, "geometry": { "type": "LineString", "coordinates": [ [ -84.4984004, 33.698304 ], [ -84.499416, 33.69829 ], [ -84.4997, 33.698289 ], [ -84.4997922, 33.6982897 ], [ -84.499897, 33.698299 ], [ -84.500034, 33.698321 ], [ -84.5001926, 33.6983557 ], [ -84.5003051, 33.698396399999986 ], [ -84.500515, 33.698539 ] ] } },
{ "type": "Feature", "properties": { "edge_id": 48934, "segment_id": "bda4c077-f73a-4eee-9994-be592a36b074", "u": "3e4b6401-a5a3-433d-b2f9-ff5d4e124f81", "v": "b631e06e-2a34-4724-ab0e-8adf67518727", "part": 0, "cls": "cycleway", "subclass": null, "name": "Atlanta Beltline Westside Trail", "length_m": 292.01621882078643, "is_bridge": false, "is_tunnel": false, "is_structure": false, "walk_ok": true, "walk_oneway": false, "walk_restricted": false, "bike_ok": true, "bike_oneway": false, "bike_restricted": false, "bike_facility": "dedicated_cycleway", "low_stress": true, "dem_gaps": [ ], "max_abs_grade": 0.11111522169401232, "elev_min": 278.3953857421875, "elev_max": 287.74090576171875, "cum_gain_fwd": 1.4146728515625, "cum_loss_fwd": 10.3072509765625, "net_change_fwd": -8.892578125, "avg_grade_fwd": -0.030452344691129608, "n_samples": 60, "d_abs_above_3": 133.63451385498047, "d_abs_above_5": 113.8367919921875, "d_abs_above_8": 64.342546463012695, "d_abs_above_10": 14.848297119140625, "d_abs_above_15": 0.0, "grade_reliable": true, "max_abs_grade_reliable": 0.11111522169401232, "shortest_use": 20, "flat_use": 36, "flat_use_per_objective": 12.0, "unavoidability": 0.6, "barrier_score": 6.4894893785037793, "neighborhood": "Historic Westin Heights/Bankhead" }, "geometry": { "type": "LineString", "coordinates": [ [ -84.4240492, 33.763573199999989 ], [ -84.4240507, 33.7635923 ], [ -84.4241293, 33.7635965 ], [ -84.4241963, 33.7636128 ], [ -84.4242542, 33.7636451 ], [ -84.4243237, 33.763703 ], [ -84.4243615, 33.7637519 ], [ -84.4243852, 33.7638128 ], [ -84.4244393, 33.7641565 ], [ -84.4244445, 33.7642443 ], [ -84.4244348, 33.7645251 ], [ -84.4244429, 33.7646381 ], [ -84.4244651, 33.7647615 ], [ -84.4245016, 33.7648718 ], [ -84.4245444, 33.76497 ], [ -84.4246698, 33.7652345 ], [ -84.4246943, 33.7653039 ], [ -84.4247082, 33.7653821 ], [ -84.4247038, 33.7654593 ], [ -84.4246844, 33.7655405 ], [ -84.4246438, 33.76563070000001 ], [ -84.4245838, 33.7657145 ], [ -84.4245083, 33.7657778 ], [ -84.4244287, 33.7658242 ], [ -84.4243308, 33.7658696 ] ] } },
{ "type": "Feature", "properties": { "edge_id": 9847, "segment_id": "1f3a3037-1d3c-4614-bbfb-0d8592ef77f6", "u": "4c9ee60d-354e-49b1-8844-ae62fce8e239", "v": "eae8db91-74bd-4029-a2f2-886ff68f2da8", "part": 0, "cls": "residential", "subclass": null, "name": "North Avenue Northwest", "length_m": 436.52145559660113, "is_bridge": false, "is_tunnel": false, "is_structure": false, "walk_ok": true, "walk_oneway": false, "walk_restricted": false, "bike_ok": true, "bike_oneway": false, "bike_restricted": false, "bike_facility": "", "low_stress": true, "dem_gaps": [ ], "max_abs_grade": 0.082143532780972625, "elev_min": 267.69912719726562, "elev_max": 279.051025390625, "cum_gain_fwd": 1.534271240234375, "cum_loss_fwd": 12.88616943359375, "net_change_fwd": -11.351898193359375, "avg_grade_fwd": -0.026005361461723643, "n_samples": 89, "d_abs_above_3": 203.37931060791016, "d_abs_above_5": 69.446596145629883, "d_abs_above_8": 9.9209403991699219, "d_abs_above_10": 0.0, "d_abs_above_15": 0.0, "grade_reliable": true, "max_abs_grade_reliable": 0.082143532780972625, "shortest_use": 18, "flat_use": 0, "flat_use_per_objective": 0.0, "unavoidability": 0.0, "barrier_score": 6.4543346095315117, "neighborhood": "Grove Park" }, "geometry": { "type": "LineString", "coordinates": [ [ -84.452625, 33.768516 ], [ -84.453453, 33.768532 ], [ -84.453737, 33.768549 ], [ -84.453996, 33.768579 ], [ -84.454264, 33.768627 ], [ -84.454528, 33.768691 ], [ -84.454785, 33.76877 ], [ -84.455042, 33.768868 ], [ -84.455299, 33.768987 ], [ -84.455563, 33.769137 ], [ -84.455897, 33.769369 ], [ -84.456043, 33.769489 ], [ -84.456186, 33.769645 ], [ -84.456303, 33.769814 ], [ -84.456403, 33.770008 ], [ -84.456486, 33.770211 ] ] } },
{ "type": "Feature", "properties": { "edge_id": 91830, "segment_id": "87bdfdd0-71bf-4ba7-b14d-b897d9250404", "u": "4bed4781-0c0b-4de7-a81a-6bc5ba55adae", "v": "54b6551e-b77f-4082-89aa-8cc933a0450b", "part": 2, "cls": "footway", "subclass": null, "name": null, "length_m": 114.15688535797591, "is_bridge": false, "is_tunnel": false, "is_structure": false, "walk_ok": true, "walk_oneway": false, "walk_restricted": false, "bike_ok": true, "bike_oneway": false, "bike_restricted": false, "bike_facility": "shared_path", "low_stress": true, "dem_gaps": [ ], "max_abs_grade": 0.10076934309935363, "elev_min": 269.8388671875, "elev_max": 275.95458984375, "cum_gain_fwd": 6.11572265625, "cum_loss_fwd": 0.58489990234375, "net_change_fwd": 5.53082275390625, "avg_grade_fwd": 0.048449314635638008, "n_samples": 24, "d_abs_above_3": 84.376827239990234, "d_abs_above_5": 69.486797332763672, "d_abs_above_8": 49.633430480957031, "d_abs_above_10": 4.9633407592773438, "d_abs_above_15": 0.0, "grade_reliable": true, "max_abs_grade_reliable": 0.10076934309935363, "shortest_use": 56, "flat_use": 110, "flat_use_per_objective": 36.666666666666664, "unavoidability": 0.65476190476190477, "barrier_score": 6.4419680347632138, "neighborhood": "Morningside/Lenox Park" }, "geometry": { "type": "LineString", "coordinates": [ [ -84.357480944939326, 33.799042795316829 ], [ -84.3574124, 33.7990414 ], [ -84.3573415, 33.799039 ], [ -84.356249045955536, 33.799015017762159 ] ] } },
{ "type": "Feature", "properties": { "edge_id": 9380, "segment_id": "e2b6020e-262e-4b29-bdc6-18c18ccf343a", "u": "d7017685-6fee-40a1-9d34-0c367142b34b", "v": "be4f5be4-04a0-48e1-a5bb-8a7e69267885", "part": 2, "cls": "residential", "subclass": null, "name": "North Grand Avenue Northwest", "length_m": 235.58519990666127, "is_bridge": false, "is_tunnel": false, "is_structure": false, "walk_ok": true, "walk_oneway": false, "walk_restricted": false, "bike_ok": true, "bike_oneway": false, "bike_restricted": false, "bike_facility": "", "low_stress": true, "dem_gaps": [ ], "max_abs_grade": 0.10385758521632074, "elev_min": 269.64321899414062, "elev_max": 278.819580078125, "cum_gain_fwd": 9.23052978515625, "cum_loss_fwd": 2.689910888671875, "net_change_fwd": 6.540618896484375, "avg_grade_fwd": 0.027763283752540269, "n_samples": 49, "d_abs_above_3": 147.24075317382812, "d_abs_above_5": 117.79260635375977, "d_abs_above_8": 68.71234130859375, "d_abs_above_10": 34.356185913085938, "d_abs_above_15": 0.0, "grade_reliable": true, "max_abs_grade_reliable": 0.10385758521632074, "shortest_use": 26, "flat_use": 0, "flat_use_per_objective": 0.0, "unavoidability": 0.0, "barrier_score": 6.3615005935026083, "neighborhood": "Center Hill" }, "geometry": { "type": "LineString", "coordinates": [ [ -84.462307600001211, 33.777771099951401 ], [ -84.4623076, 33.7777711 ], [ -84.462255, 33.779894 ] ] } },
{ "type": "Feature", "properties": { "edge_id": 15932, "segment_id": "9ab92f9c-227b-49fc-84d2-9cb068332be4", "u": "a0e26b62-08cd-4937-987b-fea00e342f20", "v": "f8ed593a-ffb7-43c1-99d7-d2147d61473b", "part": 0, "cls": "residential", "subclass": null, "name": "Willis Mill Road Southwest", "length_m": 232.54465344641466, "is_bridge": false, "is_tunnel": false, "is_structure": false, "walk_ok": true, "walk_oneway": false, "walk_restricted": false, "bike_ok": true, "bike_oneway": false, "bike_restricted": false, "bike_facility": "", "low_stress": true, "dem_gaps": [ ], "max_abs_grade": 0.103738861055985, "elev_min": 283.86550903320312, "elev_max": 306.48294067382812, "cum_gain_fwd": 22.617431640625, "cum_loss_fwd": -0.0, "net_change_fwd": 22.617431640625, "avg_grade_fwd": 0.097260598819714855, "n_samples": 48, "d_abs_above_3": 232.54464721679688, "d_abs_above_5": 232.54464721679688, "d_abs_above_8": 212.75361633300781, "d_abs_above_10": 148.4327449798584, "d_abs_above_15": 0.0, "grade_reliable": true, "max_abs_grade_reliable": 0.103738861055985, "shortest_use": 26, "flat_use": 28, "flat_use_per_objective": 9.3333333333333339, "unavoidability": 0.35897435897435898, "barrier_score": 6.272218548229346, "neighborhood": "Audobon Forest" }, "geometry": { "type": "LineString", "coordinates": [ [ -84.469679, 33.729708 ], [ -84.469759, 33.72948 ], [ -84.470607, 33.727762 ] ] } },
{ "type": "Feature", "properties": { "edge_id": 8968, "segment_id": "b3052eb8-c8ee-4e2a-b0b4-4870c11aa555", "u": "ed1b1d18-124d-46ea-befd-a4c0aaee868a", "v": "2c1c97d3-cb1a-4390-adb5-51b0b252a3b0", "part": 0, "cls": "residential", "subclass": null, "name": "Baker Ridge Drive Northwest", "length_m": 481.50356355968501, "is_bridge": false, "is_tunnel": false, "is_structure": false, "walk_ok": true, "walk_oneway": false, "walk_restricted": false, "bike_ok": true, "bike_oneway": false, "bike_restricted": false, "bike_facility": "", "low_stress": true, "dem_gaps": [ ], "max_abs_grade": 0.10699069833209351, "elev_min": 275.39236450195312, "elev_max": 296.76589965820312, "cum_gain_fwd": 2.186614990234375, "cum_loss_fwd": 23.560150146484375, "net_change_fwd": -21.37353515625, "avg_grade_fwd": -0.044389151946560221, "n_samples": 98, "d_abs_above_3": 402.08029174804688, "d_abs_above_5": 223.37792587280273, "d_abs_above_8": 89.3511962890625, "d_abs_above_10": 29.783721923828125, "d_abs_above_15": 0.0, "grade_reliable": true, "max_abs_grade_reliable": 0.10699069833209351, "shortest_use": 12, "flat_use": 0, "flat_use_per_objective": 0.0, "unavoidability": 0.0, "barrier_score": 6.181968301757073, "neighborhood": "Collier Heights" }, "geometry": { "type": "LineString", "coordinates": [ [ -84.473012, 33.770259 ], [ -84.474206, 33.770252 ], [ -84.474409, 33.770227 ], [ -84.474573, 33.770161 ], [ -84.474704, 33.770057 ], [ -84.474791, 33.769924 ], [ -84.475177, 33.768636 ], [ -84.475231, 33.768528 ], [ -84.47531, 33.768431 ], [ -84.475466, 33.76832 ], [ -84.475653, 33.768256 ], [ -84.476623, 33.768169 ] ] } },
{ "type": "Feature", "properties": { "edge_id": 1637, "segment_id": "2e529da2-a757-48f6-b2f2-0acb1b9ec650", "u": "3cedcd28-7b97-45f0-9ea8-a3b4d5de02a7", "v": "672e5e47-b59c-44d7-996a-4964d87faae3", "part": 1, "cls": "tertiary", "subclass": null, "name": "Barge Road Southwest", "length_m": 70.661362489376756, "is_bridge": false, "is_tunnel": false, "is_structure": false, "walk_ok": true, "walk_oneway": false, "walk_restricted": false, "bike_ok": true, "bike_oneway": false, "bike_restricted": false, "bike_facility": "", "low_stress": false, "dem_gaps": [ ], "max_abs_grade": 0.13248717630773824, "elev_min": 280.21658325195312, "elev_max": 286.9910888671875, "cum_gain_fwd": 6.774505615234375, "cum_loss_fwd": -0.0, "net_change_fwd": 6.774505615234375, "avg_grade_fwd": 0.095872842707719924, "n_samples": 16, "d_abs_above_3": 61.239849090576172, "d_abs_above_5": 56.529090881347656, "d_abs_above_8": 51.818332672119141, "d_abs_above_10": 42.396816253662109, "d_abs_above_15": 0.0, "grade_reliable": true, "max_abs_grade_reliable": 0.13248717630773824, "shortest_use": 66, "flat_use": 0, "flat_use_per_objective": 0.0, "unavoidability": 0.0, "barrier_score": 6.1787380975815394, "neighborhood": "Ben Hill Pines" }, "geometry": { "type": "LineString", "coordinates": [ [ -84.506361599998428, 33.681984696649849 ], [ -84.5063613, 33.6813478 ], [ -84.50636129995857, 33.681347794322939 ] ] } },
{ "type": "Feature", "properties": { "edge_id": 8935, "segment_id": "ac43b5c2-197f-4e84-8ad8-d28071ca12a3", "u": "457aa0a1-e891-41d3-86b4-c2d853e372a9", "v": "3eba903a-e1cd-4b1b-9556-f2338fb6964e", "part": 0, "cls": "residential", "subclass": null, "name": "Baker Ridge Drive Northwest", "length_m": 241.44948464891351, "is_bridge": false, "is_tunnel": false, "is_structure": false, "walk_ok": true, "walk_oneway": false, "walk_restricted": false, "bike_ok": true, "bike_oneway": false, "bike_restricted": false, "bike_facility": "", "low_stress": true, "dem_gaps": [ ], "max_abs_grade": 0.11592569310471897, "elev_min": 262.05117797851562, "elev_max": 276.87225341796875, "cum_gain_fwd": 14.821075439453125, "cum_loss_fwd": -0.0, "net_change_fwd": 14.821075439453125, "avg_grade_fwd": 0.06138375428702119, "n_samples": 50, "d_abs_above_3": 241.44947814941406, "d_abs_above_5": 137.97112655639648, "d_abs_above_8": 59.130477905273438, "d_abs_above_10": 19.710159301757812, "d_abs_above_15": 0.0, "grade_reliable": true, "max_abs_grade_reliable": 0.11592569310471897, "shortest_use": 22, "flat_use": 0, "flat_use_per_objective": 0.0, "unavoidability": 0.0, "barrier_score": 6.1578437486945505, "neighborhood": "Collier Heights" }, "geometry": { "type": "LineString", "coordinates": [ [ -84.482679, 33.766452 ], [ -84.483312, 33.766347 ], [ -84.483758, 33.766237 ], [ -84.484175, 33.766066 ], [ -84.484845, 33.765727 ], [ -84.484964, 33.765688 ], [ -84.485082, 33.765672 ] ] } },
{ "type": "Feature", "properties": { "edge_id": 54860, "segment_id": "0efc3f0a-8c3f-4c80-91d9-d18993746f49", "u": "5a506798-d8d0-4d43-8d78-2a3fa8e10c00", "v": "5db2274f-d55c-4f37-bd7b-0358f0aa4fb0", "part": 3, "cls": "residential", "subclass": null, "name": "Rockdale Street Northwest", "length_m": 346.192344234149, "is_bridge": false, "is_tunnel": false, "is_structure": false, "walk_ok": true, "walk_oneway": false, "walk_restricted": false, "bike_ok": true, "bike_oneway": false, "bike_restricted": false, "bike_facility": "", "low_stress": true, "dem_gaps": [ ], "max_abs_grade": 0.12370917729818121, "elev_min": 278.86065673828125, "elev_max": 293.54425048828125, "cum_gain_fwd": 14.68359375, "cum_loss_fwd": 8.079833984375, "net_change_fwd": 6.603759765625, "avg_grade_fwd": 0.01907540626431645, "n_samples": 71, "d_abs_above_3": 281.89949035644531, "d_abs_above_5": 212.66102981567383, "d_abs_above_8": 133.53132915496826, "d_abs_above_10": 79.129688262939453, "d_abs_above_15": 0.0, "grade_reliable": true, "max_abs_grade_reliable": 0.12370917729818121, "shortest_use": 14, "flat_use": 0, "flat_use_per_objective": 0.0, "unavoidability": 0.0, "barrier_score": 5.995803812898945, "neighborhood": "Rockdale" }, "geometry": { "type": "LineString", "coordinates": [ [ -84.43415515956697, 33.786504557708305 ], [ -84.434299, 33.786443 ], [ -84.434489, 33.786389 ], [ -84.434712, 33.786355 ], [ -84.434913, 33.786348 ], [ -84.435138, 33.786369 ], [ -84.436246, 33.786622 ], [ -84.436464, 33.786692 ], [ -84.436642, 33.786769 ], [ -84.436888, 33.786912 ], [ -84.437082, 33.787065 ], [ -84.43725, 33.787238 ], [ -84.437415191841822, 33.787451291819288 ] ] } },
{ "type": "Feature", "properties": { "edge_id": 8939, "segment_id": "fa44af21-d45b-4c9d-96ca-09041bcf1c20", "u": "457aa0a1-e891-41d3-86b4-c2d853e372a9", "v": "7f9c90f8-3d84-478d-95ea-1815689faaca", "part": 0, "cls": "residential", "subclass": null, "name": "Waterford Road Northwest", "length_m": 482.65755169998937, "is_bridge": false, "is_tunnel": false, "is_structure": false, "walk_ok": true, "walk_oneway": false, "walk_restricted": false, "bike_ok": true, "bike_oneway": false, "bike_restricted": false, "bike_facility": "", "low_stress": true, "dem_gaps": [ ], "max_abs_grade": 0.12090230544192236, "elev_min": 250.33311462402344, "elev_max": 266.32919311523438, "cum_gain_fwd": 4.3385009765625, "cum_loss_fwd": 15.996078491210938, "net_change_fwd": -11.657577514648438, "avg_grade_fwd": -0.024152895191702585, "n_samples": 98, "d_abs_above_3": 223.91329956054688, "d_abs_above_5": 179.13064575195312, "d_abs_above_8": 99.51702880859375, "d_abs_above_10": 34.830963134765625, "d_abs_above_15": 0.0, "grade_reliable": true, "max_abs_grade_reliable": 0.12090230544192236, "shortest_use": 10, "flat_use": 0, "flat_use_per_objective": 0.0, "unavoidability": 0.0, "barrier_score": 5.835441073948255, "neighborhood": "Collier Heights" }, "geometry": { "type": "LineString", "coordinates": [ [ -84.482679, 33.766452 ], [ -84.482866, 33.766636 ], [ -84.483044, 33.766875 ], [ -84.483751, 33.76814 ], [ -84.483981, 33.768503 ], [ -84.484341, 33.76894 ], [ -84.484914, 33.76959 ], [ -84.484962, 33.769667 ], [ -84.48499, 33.769794 ], [ -84.484992, 33.770233 ], [ -84.484992139612771, 33.770261236681769 ] ] } },
{ "type": "Feature", "properties": { "edge_id": 9010, "segment_id": "d61a45c0-1b76-496f-967d-0a783a4277d0", "u": "554d5933-b5bb-4b6a-bfac-3e4e87130940", "v": "2c1c97d3-cb1a-4390-adb5-51b0b252a3b0", "part": 0, "cls": "residential", "subclass": null, "name": "Collier Ridge Drive Northwest", "length_m": 397.41749663977834, "is_bridge": false, "is_tunnel": false, "is_structure": false, "walk_ok": true, "walk_oneway": false, "walk_restricted": false, "bike_ok": true, "bike_oneway": false, "bike_restricted": false, "bike_facility": "", "low_stress": true, "dem_gaps": [ ], "max_abs_grade": 0.10485188780086251, "elev_min": 270.40231323242188, "elev_max": 277.62088012695312, "cum_gain_fwd": 9.316192626953125, "cum_loss_fwd": 9.34527587890625, "net_change_fwd": -0.029083251953125, "avg_grade_fwd": -7.3180600122387454e-05, "n_samples": 81, "d_abs_above_3": 283.15998649597168, "d_abs_above_5": 149.03156089782715, "d_abs_above_8": 44.709457397460938, "d_abs_above_10": 19.870864868164062, "d_abs_above_15": 0.0, "grade_reliable": true, "max_abs_grade_reliable": 0.10485188780086251, "shortest_use": 14, "flat_use": 50, "flat_use_per_objective": 16.666666666666668, "unavoidability": 1.0, "barrier_score": 5.833796467488316, "neighborhood": "Collier Heights" }, "geometry": { "type": "LineString", "coordinates": [ [ -84.476622, 33.764587 ], [ -84.476623, 33.768169 ] ] } },
{ "type": "Feature", "properties": { "edge_id": 104593, "segment_id": "a0635cd7-e038-4514-bcf5-ff768bd26ace", "u": "9f65a77e-8db3-4c16-8179-577240f6af1f", "v": "a5f58050-9c4d-44e5-9ade-d455cc53f56d", "part": 2, "cls": "residential", "subclass": null, "name": "Tuxedo Road Northwest", "length_m": 180.4492720438522, "is_bridge": false, "is_tunnel": false, "is_structure": false, "walk_ok": true, "walk_oneway": false, "walk_restricted": false, "bike_ok": true, "bike_oneway": false, "bike_restricted": false, "bike_facility": "", "low_stress": true, "dem_gaps": [ ], "max_abs_grade": 0.08830500016425781, "elev_min": 261.38601684570312, "elev_max": 272.93099975585938, "cum_gain_fwd": 11.54498291015625, "cum_loss_fwd": -0.0, "net_change_fwd": 11.54498291015625, "avg_grade_fwd": 0.063979107592701215, "n_samples": 38, "d_abs_above_3": 180.44926452636719, "d_abs_above_5": 141.43320465087891, "d_abs_above_8": 39.016059875488281, "d_abs_above_10": 0.0, "d_abs_above_15": 0.0, "grade_reliable": true, "max_abs_grade_reliable": 0.08830500016425781, "shortest_use": 36, "flat_use": 1, "flat_use_per_objective": 0.33333333333333331, "unavoidability": 0.0092592592592592587, "barrier_score": 5.7364462790901261, "neighborhood": "Tuxedo Park" }, "geometry": { "type": "LineString", "coordinates": [ [ -84.39444624609672, 33.855796305255879 ], [ -84.394398, 33.8558375 ], [ -84.394361, 33.855869 ], [ -84.394233, 33.856008 ], [ -84.394078, 33.856231 ], [ -84.393996, 33.85638 ], [ -84.393944, 33.856514 ], [ -84.393907, 33.856684 ], [ -84.39383531096091, 33.857295059331953 ] ] } },
{ "type": "Feature", "properties": { "edge_id": 5236, "segment_id": "df20d9c3-f2fa-4569-a557-d39e4fa8b8ab", "u": "bf636842-c512-4f5e-b0c8-79ff354fc5b4", "v": "7ee9a077-3f55-45d1-ad7f-f16f4611d088", "part": 0, "cls": "residential", "subclass": null, "name": "Ridgewood Road Northwest", "length_m": 234.66206610888162, "is_bridge": false, "is_tunnel": false, "is_structure": false, "walk_ok": true, "walk_oneway": false, "walk_restricted": false, "bike_ok": true, "bike_oneway": false, "bike_restricted": false, "bike_facility": "", "low_stress": true, "dem_gaps": [ ], "max_abs_grade": 0.093285942623827584, "elev_min": 238.972900390625, "elev_max": 249.81869506835938, "cum_gain_fwd": 10.845794677734375, "cum_loss_fwd": -0.0, "net_change_fwd": 10.845794677734375, "avg_grade_fwd": 0.046218781644591166, "n_samples": 48, "d_abs_above_3": 114.83462524414062, "d_abs_above_5": 89.870574951171875, "d_abs_above_8": 49.9281005859375, "d_abs_above_10": 0.0, "d_abs_above_15": 0.0, "grade_reliable": true, "max_abs_grade_reliable": 0.093285942623827584, "shortest_use": 26, "flat_use": 143, "flat_use_per_objective": 47.666666666666664, "unavoidability": 1.0, "barrier_score": 5.6915747291057111, "neighborhood": "Ridgewood Heights" }, "geometry": { "type": "LineString", "coordinates": [ [ -84.446219, 33.823338 ], [ -84.447154, 33.822914 ], [ -84.447232, 33.82289 ], [ -84.447312, 33.822875 ], [ -84.447394, 33.822869 ], [ -84.447476, 33.822873 ], [ -84.447577, 33.822891 ], [ -84.447672, 33.822923 ], [ -84.44776, 33.822968 ], [ -84.44785, 33.823038 ], [ -84.447911, 33.823108 ], [ -84.448203, 33.82355 ] ] } },
{ "type": "Feature", "properties": { "edge_id": 9814, "segment_id": "caaec4ef-02c4-4c05-ad01-ccd6ad8265f4", "u": "94b28c51-99f5-4d98-9c1f-38305c0edb89", "v": "f6aea08c-3ee3-430a-a2ee-0a4e13021fde", "part": 0, "cls": "residential", "subclass": null, "name": "North Avenue Northwest", "length_m": 329.72165027265146, "is_bridge": false, "is_tunnel": false, "is_structure": false, "walk_ok": true, "walk_oneway": false, "walk_restricted": false, "bike_ok": true, "bike_oneway": false, "bike_restricted": false, "bike_facility": "", "low_stress": true, "dem_gaps": [ ], "max_abs_grade": 0.095692172361974803, "elev_min": 264.31451416015625, "elev_max": 273.39178466796875, "cum_gain_fwd": 9.2547607421875, "cum_loss_fwd": 4.800567626953125, "net_change_fwd": 4.454193115234375, "avg_grade_fwd": 0.013508949522871364, "n_samples": 67, "d_abs_above_3": 224.81020355224609, "d_abs_above_5": 94.919876098632812, "d_abs_above_8": 39.966262817382812, "d_abs_above_10": 0.0, "d_abs_above_15": 0.0, "grade_reliable": true, "max_abs_grade_reliable": 0.095692172361974803, "shortest_use": 18, "flat_use": 0, "flat_use_per_objective": 0.0, "unavoidability": 0.0, "barrier_score": 5.6793205780857612, "neighborhood": "Grove Park" }, "geometry": { "type": "LineString", "coordinates": [ [ -84.441011, 33.768048 ], [ -84.442666, 33.76805 ], [ -84.442751, 33.768047 ], [ -84.442985, 33.768077 ], [ -84.44436, 33.768378 ], [ -84.444517, 33.768404 ] ] } },
{ "type": "Feature", "properties": { "edge_id": 60086, "segment_id": "6bf36f05-c744-4ce5-b863-cfe6696207b3", "u": "91494777-33b0-4b3d-894b-01294758ea97", "v": "17a7266f-827f-4dc6-bdf7-43551b70a265", "part": 0, "cls": "trunk", "subclass": null, "name": "Northside Drive Northwest", "length_m": 130.25166720166055, "is_bridge": false, "is_tunnel": false, "is_structure": false, "walk_ok": true, "walk_oneway": true, "walk_restricted": false, "bike_ok": true, "bike_oneway": true, "bike_restricted": false, "bike_facility": "", "low_stress": false, "dem_gaps": "[45.03659096 90.75093211]", "max_abs_grade": 0.086476689704580806, "elev_min": 261.73822021484375, "elev_max": 265.93759155273438, "cum_gain_fwd": 0.0469970703125, "cum_loss_fwd": 4.199371337890625, "net_change_fwd": -4.152374267578125, "avg_grade_fwd": -0.031879625682375463, "n_samples": 28, "d_abs_above_3": 48.241359710693359, "d_abs_above_5": 38.593086242675781, "d_abs_above_8": 9.6482715606689453, "d_abs_above_10": 0.0, "d_abs_above_15": 0.0, "grade_reliable": true, "max_abs_grade_reliable": 0.086476689704580806, "shortest_use": 50, "flat_use": 0, "flat_use_per_objective": 0.0, "unavoidability": 0.0, "barrier_score": 5.6318665040511631, "neighborhood": "Berkeley Park" }, "geometry": { "type": "LineString", "coordinates": [ [ -84.4079029, 33.7992642 ], [ -84.4079035, 33.7991905 ], [ -84.4079071, 33.7987318 ], [ -84.4079078, 33.7983403 ], [ -84.4078511, 33.7980948 ] ] } },
{ "type": "Feature", "properties": { "edge_id": 47640, "segment_id": "9a351167-2e62-4f73-81a6-c6e5bbc66791", "u": "0ae91575-4a24-4a50-8900-9e6a0a6650fa", "v": "314b6d44-c732-4bd0-9ec9-65c09854e0fa", "part": 1, "cls": "primary", "subclass": null, "name": "Memorial Drive Southeast", "length_m": 113.70554371161754, "is_bridge": false, "is_tunnel": false, "is_structure": false, "walk_ok": true, "walk_oneway": false, "walk_restricted": false, "bike_ok": true, "bike_oneway": false, "bike_restricted": false, "bike_facility": "", "low_stress": false, "dem_gaps": [ ], "max_abs_grade": 0.1043976394478876, "elev_min": 293.28939819335938, "elev_max": 302.54092407226562, "cum_gain_fwd": 0.0, "cum_loss_fwd": 9.25152587890625, "net_change_fwd": -9.25152587890625, "avg_grade_fwd": -0.081363894781755264, "n_samples": 24, "d_abs_above_3": 113.70554351806641, "d_abs_above_5": 113.70554351806641, "d_abs_above_8": 39.549751281738281, "d_abs_above_10": 9.8874435424804688, "d_abs_above_15": 0.0, "grade_reliable": true, "max_abs_grade_reliable": 0.1043976394478876, "shortest_use": 46, "flat_use": 0, "flat_use_per_objective": 0.0, "unavoidability": 0.0, "barrier_score": 5.4604715635904766, "neighborhood": "The Villages at East Lake" }, "geometry": { "type": "LineString", "coordinates": [ [ -84.317827799869718, 33.747319599999415 ], [ -84.316601100419007, 33.747314100001866 ] ] } },
{ "type": "Feature", "properties": { "edge_id": 32808, "segment_id": "ef3aca97-40ac-4594-a158-8089c581c40a", "u": "b326dad2-fcf5-4dd9-8206-6b8813a77617", "v": "ef4bce36-2ab4-4a2d-bf47-fa97bf6658bf", "part": 1, "cls": "tertiary", "subclass": null, "name": "Capitol Square Southwest", "length_m": 135.84219026270242, "is_bridge": false, "is_tunnel": false, "is_structure": false, "walk_ok": true, "walk_oneway": false, "walk_restricted": false, "bike_ok": true, "bike_oneway": false, "bike_restricted": false, "bike_facility": "", "low_stress": false, "dem_gaps": [ ], "max_abs_grade": 0.12451706979159746, "elev_min": 311.84429931640625, "elev_max": 316.5391845703125, "cum_gain_fwd": 0.0, "cum_loss_fwd": 4.69488525390625, "net_change_fwd": -4.69488525390625, "avg_grade_fwd": -0.034561318021772182, "n_samples": 29, "d_abs_above_3": 67.921098709106445, "d_abs_above_5": 43.663566589355469, "d_abs_above_8": 19.406028747558594, "d_abs_above_10": 9.7030143737792969, "d_abs_above_15": 0.0, "grade_reliable": true, "max_abs_grade_reliable": 0.12451706979159746, "shortest_use": 32, "flat_use": 0, "flat_use_per_objective": 0.0, "unavoidability": 0.0, "barrier_score": 5.4126948753870012, "neighborhood": "Downtown" }, "geometry": { "type": "LineString", "coordinates": [ [ -84.387552838919405, 33.747960612347697 ], [ -84.3875485, 33.747959 ], [ -84.3873811, 33.747942 ], [ -84.3873001, 33.7479391 ], [ -84.3872271, 33.7479406 ], [ -84.3871408, 33.7479539 ], [ -84.3870651, 33.7479739 ], [ -84.3869759, 33.7480074 ], [ -84.3868988, 33.748059799999986 ], [ -84.3868144, 33.748128 ], [ -84.3866543, 33.7482888 ], [ -84.386396223035774, 33.748550610091208 ] ] } },
{ "type": "Feature", "properties": { "edge_id": 107658, "segment_id": "07503eb1-0d2c-460d-8678-404427def0b4", "u": "12d4f92b-2f3e-4a2b-8e4c-a6fe2d7b62ee", "v": "21d79626-6bcc-4ec0-bd52-3a1b9f9a8664", "part": 1, "cls": "tertiary", "subclass": null, "name": "Habersham Road Northwest", "length_m": 125.80951440689959, "is_bridge": false, "is_tunnel": false, "is_structure": false, "walk_ok": true, "walk_oneway": false, "walk_restricted": false, "bike_ok": true, "bike_oneway": false, "bike_restricted": false, "bike_facility": "", "low_stress": false, "dem_gaps": [ ], "max_abs_grade": 0.084164403605210131, "elev_min": 287.25079345703125, "elev_max": 290.41519165039062, "cum_gain_fwd": 1.565032958984375, "cum_loss_fwd": 3.164398193359375, "net_change_fwd": -1.599365234375, "avg_grade_fwd": -0.012712593400709092, "n_samples": 27, "d_abs_above_3": 72.582412719726562, "d_abs_above_5": 33.871791839599609, "d_abs_above_8": 4.8388280868530273, "d_abs_above_10": 0.0, "d_abs_above_15": 0.0, "grade_reliable": true, "max_abs_grade_reliable": 0.084164403605210131, "shortest_use": 50, "flat_use": 1, "flat_use_per_objective": 0.33333333333333331, "unavoidability": 0.0066666666666666662, "barrier_score": 5.2943413739588978, "neighborhood": "Tuxedo Park" }, "geometry": { "type": "LineString", "coordinates": [ [ -84.395387641071324, 33.84411197587044 ], [ -84.395412, 33.844251 ], [ -84.39545, 33.844381 ], [ -84.395501, 33.844502 ], [ -84.395604, 33.844694 ], [ -84.395654, 33.84483 ], [ -84.395684, 33.844987 ], [ -84.395682, 33.845164 ], [ -84.3956768, 33.8451944 ], [ -84.395674779092431, 33.845206272831987 ] ] } },
{ "type": "Feature", "properties": { "edge_id": 15295, "segment_id": "fc3d1d15-dd9a-4145-bb84-d99687e4008c", "u": "dc19d5ca-e094-4dea-ae06-679692eb317b", "v": "20a282f2-3514-4c1f-ac96-d5188f107180", "part": 1, "cls": "residential", "subclass": null, "name": "Panther Trail Southwest", "length_m": 147.22808832345359, "is_bridge": false, "is_tunnel": false, "is_structure": false, "walk_ok": true, "walk_oneway": false, "walk_restricted": false, "bike_ok": true, "bike_oneway": false, "bike_restricted": false, "bike_facility": "", "low_stress": true, "dem_gaps": [ ], "max_abs_grade": 0.093997768555718439, "elev_min": 282.45428466796875, "elev_max": 291.2904052734375, "cum_gain_fwd": 0.0, "cum_loss_fwd": 8.83612060546875, "net_change_fwd": -8.83612060546875, "avg_grade_fwd": -0.060016541019863735, "n_samples": 31, "d_abs_above_3": 147.22808837890625, "d_abs_above_5": 147.22808837890625, "d_abs_above_8": 14.722808837890625, "d_abs_above_10": 0.0, "d_abs_above_15": 0.0, "grade_reliable": true, "max_abs_grade_reliable": 0.093997768555718439, "shortest_use": 38, "flat_use": 0, "flat_use_per_objective": 0.0, "unavoidability": 0.0, "barrier_score": 5.2588624730289677, "neighborhood": "Southwest" }, "geometry": { "type": "LineString", "coordinates": [ [ -84.48863710055943, 33.698180400005775 ], [ -84.4902246, 33.6981968 ], [ -84.490224600225588, 33.698196800002336 ] ] } },
{ "type": "Feature", "properties": { "edge_id": 15949, "segment_id": "fcdb789e-2572-400a-bd8f-1b432cf2a108", "u": "dce44af1-456b-4e06-9437-e1d68ee77b5e", "v": "3d1952cb-588e-4e16-983a-5c320e705e41", "part": 0, "cls": "residential", "subclass": null, "name": "Audubon Circle Southwest", "length_m": 197.12410276619897, "is_bridge": false, "is_tunnel": false, "is_structure": false, "walk_ok": true, "walk_oneway": false, "walk_restricted": false, "bike_ok": true, "bike_oneway": false, "bike_restricted": false, "bike_facility": "", "low_stress": true, "dem_gaps": [ ], "max_abs_grade": 0.10123572231390629, "elev_min": 296.5372314453125, "elev_max": 304.99224853515625, "cum_gain_fwd": 8.45501708984375, "cum_loss_fwd": 2.842987060546875, "net_change_fwd": 5.612030029296875, "avg_grade_fwd": 0.028469527759124837, "n_samples": 41, "d_abs_above_3": 162.62737846374512, "d_abs_above_5": 123.20256233215332, "d_abs_above_8": 54.209121704101562, "d_abs_above_10": 9.8562164306640625, "d_abs_above_15": 0.0, "grade_reliable": true, "max_abs_grade_reliable": 0.10123572231390629, "shortest_use": 26, "flat_use": 0, "flat_use_per_objective": 0.0, "unavoidability": 0.0, "barrier_score": 5.1885602415443808, "neighborhood": "Audobon Forest" }, "geometry": { "type": "LineString", "coordinates": [ [ -84.471496, 33.72596 ], [ -84.471804, 33.725335 ], [ -84.471925, 33.725049 ], [ -84.472049, 33.724663 ], [ -84.47213, 33.724271 ] ] } },
{ "type": "Feature", "properties": { "edge_id": 62618, "segment_id": "831e80e0-b9c7-407b-b47d-7812d0735b0b", "u": "01e12f89-9675-48e1-803a-5412a49c0f4c", "v": "80d5a55d-09f2-4659-a7c8-cc7cac0b6492", "part": 0, "cls": "residential", "subclass": null, "name": "Dellwood Drive Northwest", "length_m": 140.13687761589603, "is_bridge": false, "is_tunnel": false, "is_structure": false, "walk_ok": true, "walk_oneway": false, "walk_restricted": false, "bike_ok": true, "bike_oneway": false, "bike_restricted": false, "bike_facility": "", "low_stress": true, "dem_gaps": [ ], "max_abs_grade": 0.14096119233319651, "elev_min": 240.87307739257812, "elev_max": 257.47113037109375, "cum_gain_fwd": 16.598052978515625, "cum_loss_fwd": -0.0, "net_change_fwd": 16.598052978515625, "avg_grade_fwd": 0.11844172643540241, "n_samples": 30, "d_abs_above_3": 140.13687133789062, "d_abs_above_5": 140.13687133789062, "d_abs_above_8": 125.63996124267578, "d_abs_above_10": 111.14304351806641, "d_abs_above_15": 0.0, "grade_reliable": true, "max_abs_grade_reliable": 0.14096119233319651, "shortest_use": 26, "flat_use": 0, "flat_use_per_objective": 0.0, "unavoidability": 0.0, "barrier_score": 5.1360039532328639, "neighborhood": "Peachtree Battle Alliance" }, "geometry": { "type": "LineString", "coordinates": [ [ -84.39828, 33.816133 ], [ -84.398272, 33.817396 ] ] } },
{ "type": "Feature", "properties": { "edge_id": 108910, "segment_id": "3ba1c195-6acb-402e-9320-511774629fe8", "u": "401c4516-83c7-48ae-aac3-f97025b0695a", "v": "5a59e6f7-d68d-4881-a414-720ebe4ed67f", "part": 1, "cls": "service", "subclass": null, "name": null, "length_m": 143.3763791087402, "is_bridge": false, "is_tunnel": false, "is_structure": false, "walk_ok": true, "walk_oneway": true, "walk_restricted": false, "bike_ok": true, "bike_oneway": true, "bike_restricted": false, "bike_facility": "", "low_stress": false, "dem_gaps": [ ], "max_abs_grade": 0.093577214318671775, "elev_min": 303.4515380859375, "elev_max": 307.21646118164062, "cum_gain_fwd": 0.0, "cum_loss_fwd": 3.764923095703125, "net_change_fwd": -3.764923095703125, "avg_grade_fwd": -0.026259020292425307, "n_samples": 30, "d_abs_above_3": 44.496120452880859, "d_abs_above_5": 19.776054382324219, "d_abs_above_8": 14.832038879394531, "d_abs_above_10": 0.0, "d_abs_above_15": 0.0, "grade_reliable": true, "max_abs_grade_reliable": 0.093577214318671775, "shortest_use": 38, "flat_use": 42, "flat_use_per_objective": 14.0, "unavoidability": 0.36842105263157893, "barrier_score": 5.0983696193156121, "neighborhood": "Buckhead Village" }, "geometry": { "type": "LineString", "coordinates": [ [ -84.380018290778082, 33.838092034286326 ], [ -84.3800275, 33.8380684 ], [ -84.3801286, 33.8377956 ], [ -84.3802251, 33.8375294 ], [ -84.3806235, 33.837532 ], [ -84.381005, 33.8375344 ], [ -84.3810624, 33.837535 ], [ -84.381068330906444, 33.837535061923617 ] ] } },
{ "type": "Feature", "properties": { "edge_id": 55854, "segment_id": "a37687ba-f1fd-4478-88dd-7b0e8d62e4d1", "u": "6d26de47-1682-424e-b0f1-f47f6f01ffda", "v": "2d0c8076-5e49-4337-b702-cd35339e3720", "part": 1, "cls": "residential", "subclass": null, "name": "Defoors Walk Northwest", "length_m": 37.763784413639627, "is_bridge": false, "is_tunnel": false, "is_structure": false, "walk_ok": true, "walk_oneway": false, "walk_restricted": false, "bike_ok": true, "bike_oneway": false, "bike_restricted": false, "bike_facility": "", "low_stress": true, "dem_gaps": [ ], "max_abs_grade": 0.18922876509967321, "elev_min": 275.95230102539062, "elev_max": 281.43939208984375, "cum_gain_fwd": 0.0, "cum_loss_fwd": 5.487091064453125, "net_change_fwd": -5.487091064453125, "avg_grade_fwd": -0.1453003419347344, "n_samples": 9, "d_abs_above_3": 37.763786315917969, "d_abs_above_5": 37.763786315917969, "d_abs_above_8": 37.763786315917969, "d_abs_above_10": 37.763786315917969, "d_abs_above_15": 18.881893157958984, "grade_reliable": true, "max_abs_grade_reliable": 0.18922876509967321, "shortest_use": 70, "flat_use": 210, "flat_use_per_objective": 70.0, "unavoidability": 1.0, "barrier_score": 5.0021960030583195, "neighborhood": "Underwood Hills" }, "geometry": { "type": "LineString", "coordinates": [ [ -84.425065699152668, 33.807655400122762 ], [ -84.4250657, 33.8076554 ], [ -84.4254674, 33.8075971 ] ] } },
{ "type": "Feature", "properties": { "edge_id": 8659, "segment_id": "a03e1eae-1add-4763-b5fb-3c2d30165936", "u": "5f133fe6-7117-4776-a6be-40a9054815f9", "v": "751de0f7-b09b-4e28-9a87-162c91399d2d", "part": 0, "cls": "residential", "subclass": null, "name": "Albert Street Northwest", "length_m": 213.57626050575919, "is_bridge": false, "is_tunnel": false, "is_structure": false, "walk_ok": true, "walk_oneway": false, "walk_restricted": false, "bike_ok": true, "bike_oneway": false, "bike_restricted": false, "bike_facility": "", "low_stress": true, "dem_gaps": [ ], "max_abs_grade": 0.10254677275659733, "elev_min": 293.93923950195312, "elev_max": 298.93331909179688, "cum_gain_fwd": 2.94940185546875, "cum_loss_fwd": 4.99407958984375, "net_change_fwd": -2.044677734375, "avg_grade_fwd": -0.0095735251734415557, "n_samples": 44, "d_abs_above_3": 109.27157211303711, "d_abs_above_5": 49.668899536132812, "d_abs_above_8": 29.801345825195312, "d_abs_above_10": 4.966888427734375, "d_abs_above_15": 0.0, "grade_reliable": true, "max_abs_grade_reliable": 0.10254677275659733, "shortest_use": 22, "flat_use": 0, "flat_use_per_objective": 0.0, "unavoidability": 0.0, "barrier_score": 4.8183423755033434, "neighborhood": "Collier Heights" }, "geometry": { "type": "LineString", "coordinates": [ [ -84.474856, 33.771762 ], [ -84.474855, 33.773687 ] ] } },
{ "type": "Feature", "properties": { "edge_id": 1043, "segment_id": "a3ea0683-9684-4de7-843a-8f6700561a06", "u": "53fce177-983e-42fe-ad1f-2b618a989993", "v": "ce9d4865-9ddc-4d12-be30-ce6b26f2457b", "part": 0, "cls": "tertiary", "subclass": null, "name": "North Camp Creek Parkway Southwest", "length_m": 79.604141230504865, "is_bridge": false, "is_tunnel": false, "is_structure": false, "walk_ok": true, "walk_oneway": false, "walk_restricted": false, "bike_ok": true, "bike_oneway": false, "bike_restricted": false, "bike_facility": "", "low_stress": false, "dem_gaps": [ ], "max_abs_grade": 0.089867309087173011, "elev_min": 274.98641967773438, "elev_max": 280.48483276367188, "cum_gain_fwd": 5.4984130859375, "cum_loss_fwd": -0.0, "net_change_fwd": 5.4984130859375, "avg_grade_fwd": 0.069071947773185677, "n_samples": 17, "d_abs_above_3": 79.604141235351562, "d_abs_above_5": 64.678364753723145, "d_abs_above_8": 24.876293182373047, "d_abs_above_10": 0.0, "d_abs_above_15": 0.0, "grade_reliable": true, "max_abs_grade_reliable": 0.089867309087173011, "shortest_use": 66, "flat_use": 0, "flat_use_per_objective": 0.0, "unavoidability": 0.0, "barrier_score": 4.7215145766232975, "neighborhood": "Deerwood" }, "geometry": { "type": "LineString", "coordinates": [ [ -84.509236, 33.67387 ], [ -84.509682, 33.674483 ] ] } },
{ "type": "Feature", "properties": { "edge_id": 57049, "segment_id": "c55d8758-85ab-4c09-a686-6fa63f3f7040", "u": "2d06c1bd-50d3-4fa2-afb5-c653003f1cc6", "v": "ee278e80-c9df-4c5c-a357-fe6ebcb3efc6", "part": 0, "cls": "residential", "subclass": null, "name": "Bohler Road Northwest", "length_m": 269.44629307648319, "is_bridge": false, "is_tunnel": false, "is_structure": false, "walk_ok": true, "walk_oneway": false, "walk_restricted": false, "bike_ok": true, "bike_oneway": false, "bike_restricted": false, "bike_facility": "", "low_stress": true, "dem_gaps": [ ], "max_abs_grade": 0.10825117428319797, "elev_min": 241.48318481445312, "elev_max": 264.54025268554688, "cum_gain_fwd": 0.0, "cum_loss_fwd": 23.05706787109375, "net_change_fwd": -23.05706787109375, "avg_grade_fwd": -0.085572037200131928, "n_samples": 55, "d_abs_above_3": 269.4462890625, "d_abs_above_5": 269.4462890625, "d_abs_above_8": 129.7333984375, "d_abs_above_10": 49.8974609375, "d_abs_above_15": 0.0, "grade_reliable": true, "max_abs_grade_reliable": 0.10825117428319797, "shortest_use": 16, "flat_use": 0, "flat_use_per_objective": 0.0, "unavoidability": 0.0, "barrier_score": 4.6668604210854427, "neighborhood": "Cross Creek" }, "geometry": { "type": "LineString", "coordinates": [ [ -84.43052, 33.818554 ], [ -84.429655, 33.81934 ], [ -84.429541, 33.819466 ], [ -84.429445, 33.819601 ], [ -84.429323, 33.819826 ], [ -84.429286, 33.819926 ], [ -84.42926, 33.820029 ], [ -84.429243, 33.820194 ], [ -84.429246, 33.820361 ], [ -84.4292503, 33.820617800000015 ] ] } },
{ "type": "Feature", "properties": { "edge_id": 91643, "segment_id": "30d6cea0-e2eb-4459-ba0f-cbcdefb76bbc", "u": "0d5d6ac2-bde8-42e7-949f-c34b90c541d6", "v": "01a314b5-efde-495a-8be7-f9ceec2c6c3e", "part": 4, "cls": "residential", "subclass": null, "name": "Lanier Place Northeast", "length_m": 286.66569382532543, "is_bridge": false, "is_tunnel": false, "is_structure": false, "walk_ok": true, "walk_oneway": false, "walk_restricted": false, "bike_ok": true, "bike_oneway": false, "bike_restricted": false, "bike_facility": "", "low_stress": true, "dem_gaps": [ ], "max_abs_grade": 0.11403097137494134, "elev_min": 284.93048095703125, "elev_max": 302.11929321289062, "cum_gain_fwd": 0.0606689453125, "cum_loss_fwd": 17.188812255859375, "net_change_fwd": -17.128143310546875, "avg_grade_fwd": -0.059749542793651883, "n_samples": 59, "d_abs_above_3": 242.18307685852051, "d_abs_above_5": 153.21786499023438, "d_abs_above_8": 69.195175170898438, "d_abs_above_10": 49.425125122070312, "d_abs_above_15": 0.0, "grade_reliable": true, "max_abs_grade_reliable": 0.11403097137494134, "shortest_use": 14, "flat_use": 0, "flat_use_per_objective": 0.0, "unavoidability": 0.0, "barrier_score": 4.5764274537482734, "neighborhood": "Morningside/Lenox Park" }, "geometry": { "type": "LineString", "coordinates": [ [ -84.353835870517997, 33.793363816901696 ], [ -84.35415, 33.793481 ], [ -84.354248, 33.793533 ], [ -84.354331, 33.79359 ], [ -84.354405, 33.793655 ], [ -84.354468, 33.793727 ], [ -84.354521, 33.793804 ], [ -84.354567, 33.793899 ], [ -84.354601, 33.79401 ], [ -84.354692, 33.794468 ], [ -84.354707, 33.794577 ], [ -84.354712991274141, 33.795627969338945 ] ] } },
{ "type": "Feature", "properties": { "edge_id": 8916, "segment_id": "3f5fd7a9-8cec-4ae7-aaa1-c5db2f8122bf", "u": "8a36f6af-984b-4a1c-b59f-af251edc643f", "v": "478e76e1-c8fe-4e43-9042-f1c52a138923", "part": 0, "cls": "residential", "subclass": null, "name": "Larchmont Drive Northwest", "length_m": 190.59697358484277, "is_bridge": false, "is_tunnel": false, "is_structure": false, "walk_ok": true, "walk_oneway": false, "walk_restricted": false, "bike_ok": true, "bike_oneway": false, "bike_restricted": false, "bike_facility": "", "low_stress": true, "dem_gaps": [ ], "max_abs_grade": 0.10792397925571608, "elev_min": 288.19216918945312, "elev_max": 292.97293090820312, "cum_gain_fwd": 4.78076171875, "cum_loss_fwd": 4.38726806640625, "net_change_fwd": 0.39349365234375, "avg_grade_fwd": 0.0020645325744700388, "n_samples": 40, "d_abs_above_3": 112.40333938598633, "d_abs_above_5": 92.854934692382812, "d_abs_above_8": 53.758111953735352, "d_abs_above_10": 9.774200439453125, "d_abs_above_15": 0.0, "grade_reliable": true, "max_abs_grade_reliable": 0.10792397925571608, "shortest_use": 22, "flat_use": 0, "flat_use_per_objective": 0.0, "unavoidability": 0.0, "barrier_score": 4.525396441142024, "neighborhood": "Collier Heights" }, "geometry": { "type": "LineString", "coordinates": [ [ -84.48511, 33.762903 ], [ -84.485131, 33.763801 ], [ -84.485112, 33.764088 ], [ -84.485053, 33.764618 ] ] } },
{ "type": "Feature", "properties": { "edge_id": 15499, "segment_id": "061106b2-dddb-4d3f-92e6-13d10ee029d7", "u": "a608074b-cbf8-4089-8729-76bc299df1b4", "v": "7ade343c-880b-4ea6-8140-61e50e5e7f06", "part": 0, "cls": "residential", "subclass": null, "name": "Dodson Drive Southwest", "length_m": 348.14264289053722, "is_bridge": false, "is_tunnel": false, "is_structure": false, "walk_ok": true, "walk_oneway": false, "walk_restricted": false, "bike_ok": true, "bike_oneway": false, "bike_restricted": false, "bike_facility": "", "low_stress": true, "dem_gaps": [ ], "max_abs_grade": 0.080793763288447909, "elev_min": 268.78289794921875, "elev_max": 281.98056030273438, "cum_gain_fwd": 14.49169921875, "cum_loss_fwd": 1.294036865234375, "net_change_fwd": 13.197662353515625, "avg_grade_fwd": 0.037908778957248888, "n_samples": 71, "d_abs_above_3": 218.83251953125, "d_abs_above_5": 174.07131958007812, "d_abs_above_8": 4.9734649658203125, "d_abs_above_10": 0.0, "d_abs_above_15": 0.0, "grade_reliable": true, "max_abs_grade_reliable": 0.080793763288447909, "shortest_use": 16, "flat_use": 10, "flat_use_per_objective": 3.3333333333333335, "unavoidability": 0.20833333333333334, "barrier_score": 4.5004406848500347, "neighborhood": "Southwest" }, "geometry": { "type": "LineString", "coordinates": [ [ -84.476847, 33.706194 ], [ -84.47687, 33.70506 ], [ -84.476851, 33.704833 ], [ -84.476814, 33.704679 ], [ -84.476757, 33.704529 ], [ -84.476285, 33.703585 ], [ -84.476198, 33.703357 ], [ -84.476164, 33.7032 ], [ -84.476160292528888, 33.703160371253304 ] ] } },
{ "type": "Feature", "properties": { "edge_id": 43031, "segment_id": "713f2328-4bb4-4725-9a02-db29b48e0ff4", "u": "21134855-535a-4734-8a93-5a4531f3d2fa", "v": "c63925f2-a2bc-4e67-8015-ff0c4dc64113", "part": 0, "cls": "residential", "subclass": null, "name": "Benteen Way Southeast", "length_m": 398.20491595237979, "is_bridge": false, "is_tunnel": false, "is_structure": false, "walk_ok": true, "walk_oneway": false, "walk_restricted": false, "bike_ok": true, "bike_oneway": false, "bike_restricted": false, "bike_facility": "", "low_stress": true, "dem_gaps": [ ], "max_abs_grade": 0.11284772515821888, "elev_min": 276.157958984375, "elev_max": 292.73358154296875, "cum_gain_fwd": 16.57562255859375, "cum_loss_fwd": 7.51348876953125, "net_change_fwd": 9.0621337890625, "avg_grade_fwd": 0.022757462823543063, "n_samples": 81, "d_abs_above_3": 268.78832244873047, "d_abs_above_5": 223.99027252197266, "d_abs_above_8": 154.30441379547119, "d_abs_above_10": 54.753164291381836, "d_abs_above_15": 0.0, "grade_reliable": true, "max_abs_grade_reliable": 0.11284772515821888, "shortest_use": 10, "flat_use": 0, "flat_use_per_objective": 0.0, "unavoidability": 0.0, "barrier_score": 4.4936518912045811, "neighborhood": "Benteen Park" }, "geometry": { "type": "LineString", "coordinates": [ [ -84.3680779, 33.7199938 ], [ -84.367739, 33.719992 ], [ -84.367607, 33.719965 ], [ -84.367537, 33.719927 ], [ -84.366968, 33.71952 ], [ -84.366859, 33.719419 ], [ -84.366771, 33.719305 ], [ -84.366683, 33.719123 ], [ -84.366646, 33.71893 ], [ -84.366667, 33.717097 ] ] } },
{ "type": "Feature", "properties": { "edge_id": 54625, "segment_id": "767e6da3-e785-4788-8e34-69fe03435d73", "u": "db5d6008-bdf2-4be9-99f0-8f475dcca6d4", "v": "76797669-a049-4a4a-a1f1-380c66adf61f", "part": 0, "cls": "service", "subclass": null, "name": null, "length_m": 391.25656326375048, "is_bridge": false, "is_tunnel": false, "is_structure": false, "walk_ok": true, "walk_oneway": false, "walk_restricted": false, "bike_ok": true, "bike_oneway": false, "bike_restricted": false, "bike_facility": "", "low_stress": false, "dem_gaps": [ ], "max_abs_grade": 0.18535035870039082, "elev_min": 260.02664184570312, "elev_max": 271.24826049804688, "cum_gain_fwd": 3.661407470703125, "cum_loss_fwd": 12.271636962890625, "net_change_fwd": -8.6102294921875, "avg_grade_fwd": -0.022006607286110463, "n_samples": 80, "d_abs_above_3": 153.53106689453125, "d_abs_above_5": 123.81536102294922, "d_abs_above_8": 64.383995056152344, "d_abs_above_10": 39.62091064453125, "d_abs_above_15": 19.810455322265625, "grade_reliable": true, "max_abs_grade_reliable": 0.18535035870039082, "shortest_use": 6, "flat_use": 0, "flat_use_per_objective": 0.0, "unavoidability": 0.0, "barrier_score": 4.3511726606890981, "neighborhood": "Grove Park" }, "geometry": { "type": "LineString", "coordinates": [ [ -84.4301891, 33.7777921 ], [ -84.4299347, 33.7776701 ], [ -84.4297826, 33.7775686 ], [ -84.4296024, 33.7773705 ], [ -84.4295003, 33.77725070000001 ], [ -84.4294702, 33.7771442 ], [ -84.4294672, 33.7770491 ], [ -84.4294805, 33.7769239 ], [ -84.4294791, 33.7768317 ], [ -84.429469900000015, 33.7767252 ], [ -84.4294355, 33.7765298 ], [ -84.4294276, 33.7763848 ], [ -84.4294157, 33.7762059 ], [ -84.429417, 33.7760631 ], [ -84.4294408, 33.7759951 ], [ -84.4294752, 33.775949 ], [ -84.429598, 33.7758523 ], [ -84.4296997, 33.7757952 ], [ -84.429771, 33.7757294 ], [ -84.4298173, 33.7756624 ], [ -84.4298529, 33.7755757 ], [ -84.4298503, 33.7754878 ], [ -84.4298529, 33.7751551 ], [ -84.4299137, 33.7749334 ], [ -84.4300022, 33.7747796 ], [ -84.430042, 33.7747162 ], [ -84.430049007248257, 33.774705009672687 ] ] } },
{ "type": "Feature", "properties": { "edge_id": 47048, "segment_id": "e70740cb-0ced-419d-ab84-d244264be36a", "u": "bbd6ad3b-5c7d-4a8b-a570-c670ea06903b", "v": "edd0c505-7068-44ae-807d-c9d8c1b441d3", "part": 1, "cls": "primary", "subclass": null, "name": "Memorial Drive Southeast", "length_m": 118.42116156773341, "is_bridge": false, "is_tunnel": false, "is_structure": false, "walk_ok": true, "walk_oneway": false, "walk_restricted": false, "bike_ok": true, "bike_oneway": false, "bike_restricted": false, "bike_facility": "", "low_stress": false, "dem_gaps": [ ], "max_abs_grade": 0.083019836502318561, "elev_min": 289.27615356445312, "elev_max": 294.8668212890625, "cum_gain_fwd": 0.13861083984375, "cum_loss_fwd": 5.590667724609375, "net_change_fwd": -5.452056884765625, "avg_grade_fwd": -0.046039550569789464, "n_samples": 25, "d_abs_above_3": 78.947437286376953, "d_abs_above_5": 64.144790649414062, "d_abs_above_8": 9.8684310913085938, "d_abs_above_10": 0.0, "d_abs_above_15": 0.0, "grade_reliable": true, "max_abs_grade_reliable": 0.083019836502318561, "shortest_use": 44, "flat_use": 0, "flat_use_per_objective": 0.0, "unavoidability": 0.0, "barrier_score": 4.3257744075778666, "neighborhood": "Kirkwood" }, "geometry": { "type": "LineString", "coordinates": [ [ -84.33177449999306, 33.747430899999976 ], [ -84.331132, 33.7474297 ], [ -84.3309502, 33.7474293 ], [ -84.3304969, 33.7474284 ] ] } },
{ "type": "Feature", "properties": { "edge_id": 10433, "segment_id": "660524d0-c1c8-4d79-93e5-f74263b6dc78", "u": "c24a961b-a414-4a4a-81b1-eb114bc9f6ce", "v": "7c912b09-7597-44a6-ba96-f0d7db4f994d", "part": 3, "cls": "secondary", "subclass": null, "name": "Hamilton E Holmes Drive Northwest", "length_m": 151.98489873484215, "is_bridge": false, "is_tunnel": false, "is_structure": false, "walk_ok": true, "walk_oneway": false, "walk_restricted": false, "bike_ok": true, "bike_oneway": false, "bike_restricted": false, "bike_facility": "", "low_stress": false, "dem_gaps": [ ], "max_abs_grade": 0.094495589873827446, "elev_min": 288.62298583984375, "elev_max": 299.83486938476562, "cum_gain_fwd": 0.0, "cum_loss_fwd": 11.211883544921875, "net_change_fwd": -11.211883544921875, "avg_grade_fwd": -0.073769723192110587, "n_samples": 32, "d_abs_above_3": 151.98489379882812, "d_abs_above_5": 142.17942810058594, "d_abs_above_8": 63.735603332519531, "d_abs_above_10": 0.0, "d_abs_above_15": 0.0, "grade_reliable": true, "max_abs_grade_reliable": 0.094495589873827446, "shortest_use": 30, "flat_use": 55, "flat_use_per_objective": 18.333333333333332, "unavoidability": 0.61111111111111105, "barrier_score": 4.3085707973588523, "neighborhood": "Florida Heights" }, "geometry": { "type": "LineString", "coordinates": [ [ -84.467435361725279, 33.753240042736266 ], [ -84.467454, 33.753737 ], [ -84.467488, 33.754 ], [ -84.46756, 33.754257 ], [ -84.4676251, 33.7544147 ], [ -84.4676848, 33.7545328 ], [ -84.467711372084139, 33.754576689752746 ] ] } },
{ "type": "Feature", "properties": { "edge_id": 107089, "segment_id": "7c435da1-34eb-4489-a4f3-0b00a54b8552", "u": "2762e73c-fd25-4041-9e5f-6755f2e6788c", "v": "afb21999-7c0c-4cd6-98d1-08d37d7e67d6", "part": 0, "cls": "residential", "subclass": null, "name": "Castlewood Drive Northwest", "length_m": 441.8289619683818, "is_bridge": false, "is_tunnel": false, "is_structure": false, "walk_ok": true, "walk_oneway": false, "walk_restricted": false, "bike_ok": true, "bike_oneway": false, "bike_restricted": false, "bike_facility": "", "low_stress": true, "dem_gaps": [ ], "max_abs_grade": 0.12158747917601569, "elev_min": 272.17269897460938, "elev_max": 283.20504760742188, "cum_gain_fwd": 14.916717529296875, "cum_loss_fwd": 11.0323486328125, "net_change_fwd": 3.884368896484375, "avg_grade_fwd": 0.0087915672015135404, "n_samples": 90, "d_abs_above_3": 372.3277587890625, "d_abs_above_5": 198.57479667663574, "d_abs_above_8": 119.14485168457031, "d_abs_above_10": 74.465545654296875, "d_abs_above_15": 0.0, "grade_reliable": true, "max_abs_grade_reliable": 0.12158747917601569, "shortest_use": 8, "flat_use": 0, "flat_use_per_objective": 0.0, "unavoidability": 0.0, "barrier_score": 4.2976695770152995, "neighborhood": "Castlewood" }, "geometry": { "type": "LineString", "coordinates": [ [ -84.411535, 33.832618 ], [ -84.4115, 33.832688 ], [ -84.411478, 33.832752 ], [ -84.411009, 33.8333 ], [ -84.410824, 33.833531 ], [ -84.410626, 33.833806 ], [ -84.410384, 33.834188 ], [ -84.410301, 33.834305 ], [ -84.410121, 33.834533 ], [ -84.409932, 33.834735 ], [ -84.409829, 33.834834 ], [ -84.409665, 33.834971 ], [ -84.409566, 33.835031 ], [ -84.409425, 33.83509 ], [ -84.409246, 33.835139 ], [ -84.409142, 33.835156 ], [ -84.408839, 33.835152 ], [ -84.4083549, 33.8351102 ], [ -84.408346498262276, 33.835109470104001 ] ] } },
{ "type": "Feature", "properties": { "edge_id": 51458, "segment_id": "a3dafacb-acba-4382-8f04-a76db65ae906", "u": "3d635686-f74f-4eb0-be88-1ab1d264f9f5", "v": "53d9c9d2-8d95-4533-81a0-6b697a4d8c74", "part": 1, "cls": "residential", "subclass": null, "name": "Oliver Street Northwest", "length_m": 159.10433003512881, "is_bridge": false, "is_tunnel": false, "is_structure": false, "walk_ok": true, "walk_oneway": false, "walk_restricted": false, "bike_ok": true, "bike_oneway": false, "bike_restricted": false, "bike_facility": "", "low_stress": true, "dem_gaps": [ ], "max_abs_grade": 0.084064347956183241, "elev_min": 271.7628173828125, "elev_max": 274.4713134765625, "cum_gain_fwd": 1.033447265625, "cum_loss_fwd": 2.70849609375, "net_change_fwd": -1.675048828125, "avg_grade_fwd": -0.010527990581430377, "n_samples": 33, "d_abs_above_3": 39.776081085205078, "d_abs_above_5": 29.832061767578125, "d_abs_above_8": 4.9720096588134766, "d_abs_above_10": 0.0, "d_abs_above_15": 0.0, "grade_reliable": true, "max_abs_grade_reliable": 0.084064347956183241, "shortest_use": 32, "flat_use": 0, "flat_use_per_objective": 0.0, "unavoidability": 0.0, "barrier_score": 4.2800005636507148, "neighborhood": "English Avenue" }, "geometry": { "type": "LineString", "coordinates": [ [ -84.415633598157868, 33.76353984383335 ], [ -84.415618, 33.763911 ], [ -84.415627, 33.764042 ], [ -84.415636, 33.764171 ], [ -84.415588, 33.764545 ], [ -84.415582, 33.764971 ] ] } },
{ "type": "Feature", "properties": { "edge_id": 50597, "segment_id": "d94a2333-9f2b-456c-9b7e-fa55b5d89078", "u": "4e75f8d3-718a-46f6-8586-30cb88d6b2da", "v": "c50a556a-173d-4c4d-8fab-38c68a679da4", "part": 0, "cls": "residential", "subclass": null, "name": "Carter Street Northwest", "length_m": 168.9242319161817, "is_bridge": false, "is_tunnel": false, "is_structure": false, "walk_ok": true, "walk_oneway": false, "walk_restricted": false, "bike_ok": true, "bike_oneway": false, "bike_restricted": false, "bike_facility": "", "low_stress": true, "dem_gaps": [ ], "max_abs_grade": 0.10534801977233256, "elev_min": 300.37020874023438, "elev_max": 307.21109008789062, "cum_gain_fwd": 2.856903076171875, "cum_loss_fwd": 6.84088134765625, "net_change_fwd": -3.983978271484375, "avg_grade_fwd": -0.023584410554135279, "n_samples": 35, "d_abs_above_3": 139.11406707763672, "d_abs_above_5": 84.462106704711914, "d_abs_above_8": 49.68359375, "d_abs_above_10": 24.841796875, "d_abs_above_15": 0.0, "grade_reliable": true, "max_abs_grade_reliable": 0.10534801977233256, "shortest_use": 24, "flat_use": 2, "flat_use_per_objective": 0.66666666666666663, "unavoidability": 0.027777777777777776, "barrier_score": 4.2709999977436803, "neighborhood": "Vine City" }, "geometry": { "type": "LineString", "coordinates": [ [ -84.41465, 33.756483 ], [ -84.413884, 33.756464 ], [ -84.413524, 33.756455 ], [ -84.412828, 33.7564398 ], [ -84.412827998619377, 33.756439799969691 ] ] } },
{ "type": "Feature", "properties": { "edge_id": 75421, "segment_id": "2470b465-3dff-4d3d-8883-171c90b04168", "u": "84792bf5-158b-4eee-b9b0-0811bc252ff1", "v": "4c9cefd4-e77d-43e3-9640-a7627249f977", "part": 0, "cls": "secondary", "subclass": null, "name": "Mitchell Street Southwest", "length_m": 113.06604324778978, "is_bridge": false, "is_tunnel": false, "is_structure": false, "walk_ok": true, "walk_oneway": true, "walk_restricted": false, "bike_ok": true, "bike_oneway": true, "bike_restricted": false, "bike_facility": "", "low_stress": false, "dem_gaps": [ ], "max_abs_grade": 0.089747788043250523, "elev_min": 314.92462158203125, "elev_max": 319.60714721679688, "cum_gain_fwd": 4.682525634765625, "cum_loss_fwd": 0.721832275390625, "net_change_fwd": 3.960693359375, "avg_grade_fwd": 0.035029911350982525, "n_samples": 24, "d_abs_above_3": 73.738723754882812, "d_abs_above_5": 54.075064659118652, "d_abs_above_8": 19.663658142089844, "d_abs_above_10": 0.0, "d_abs_above_15": 0.0, "grade_reliable": true, "max_abs_grade_reliable": 0.089747788043250523, "shortest_use": 42, "flat_use": 44, "flat_use_per_objective": 14.666666666666666, "unavoidability": 0.34920634920634919, "barrier_score": 4.2619194594024865, "neighborhood": "Castleberry Hill" }, "geometry": { "type": "LineString", "coordinates": [ [ -84.4009093, 33.7538881 ], [ -84.400834, 33.7538498 ], [ -84.4007104, 33.7538343 ], [ -84.4005183, 33.753837 ], [ -84.4001961, 33.75384540000001 ], [ -84.3997558, 33.7538448 ], [ -84.3997042, 33.7538442 ], [ -84.399703769315494, 33.753844193976441 ] ] } },
{ "type": "Feature", "properties": { "edge_id": 8907, "segment_id": "4d79fa76-5abd-499c-bd84-c0ff958188df", "u": "3dfd6a1c-be70-482b-a257-ec2dbabafc00", "v": "6c93c683-dd7a-4adb-a4df-e1f5ec7cee44", "part": 3, "cls": "secondary", "subclass": null, "name": "Collier Drive Northwest", "length_m": 579.82115092013771, "is_bridge": false, "is_tunnel": false, "is_structure": false, "walk_ok": true, "walk_oneway": false, "walk_restricted": false, "bike_ok": true, "bike_oneway": false, "bike_restricted": false, "bike_facility": "", "low_stress": false, "dem_gaps": [ ], "max_abs_grade": 0.089316132340999707, "elev_min": 245.99781799316406, "elev_max": 276.81497192382812, "cum_gain_fwd": 0.468963623046875, "cum_loss_fwd": 30.817153930664062, "net_change_fwd": -30.348190307617188, "avg_grade_fwd": -0.052340604371254519, "n_samples": 117, "d_abs_above_3": 509.84275054931641, "d_abs_above_5": 439.86433410644531, "d_abs_above_8": 64.979949951171875, "d_abs_above_10": 0.0, "d_abs_above_15": 0.0, "grade_reliable": true, "max_abs_grade_reliable": 0.089316132340999707, "shortest_use": 8, "flat_use": 0, "flat_use_per_objective": 0.0, "unavoidability": 0.0, "barrier_score": 4.1429906119755024, "neighborhood": "Collier Heights" }, "geometry": { "type": "LineString", "coordinates": [ [ -84.489595839249645, 33.765783947671366 ], [ -84.4896645, 33.7658298 ], [ -84.4897904, 33.7659368 ], [ -84.489927800000018, 33.7660567 ], [ -84.4900492, 33.7661828 ], [ -84.4902463, 33.7664281 ], [ -84.4905546, 33.766852900000011 ], [ -84.4908676, 33.7672881 ], [ -84.4913446, 33.7679526 ], [ -84.4915608, 33.7682506 ], [ -84.4916878, 33.7684296 ], [ -84.4917969, 33.7685439 ], [ -84.4918851, 33.7686053 ], [ -84.4919894, 33.7686542 ], [ -84.4920956, 33.768685 ], [ -84.4922274, 33.7686992 ], [ -84.4923355, 33.7686921 ], [ -84.4924569, 33.7686621 ], [ -84.4925631, 33.7686243 ], [ -84.4927158, 33.76854070000001 ], [ -84.4929662, 33.7683704 ], [ -84.493208, 33.7682049 ], [ -84.493409, 33.768074 ], [ -84.4935484, 33.7680054 ], [ -84.493737, 33.767934 ] ] } },
{ "type": "Feature", "properties": { "edge_id": 18640, "segment_id": "48acc733-6f44-4dac-ab5e-880d358cd7b5", "u": "862c9c6b-7631-4d5e-b144-23d4f964cf0d", "v": "916beb2a-59e0-4ee2-b927-2e14b05149e2", "part": 0, "cls": "footway", "subclass": null, "name": null, "length_m": 47.559953848999811, "is_bridge": false, "is_tunnel": false, "is_structure": false, "walk_ok": true, "walk_oneway": false, "walk_restricted": false, "bike_ok": true, "bike_oneway": false, "bike_restricted": false, "bike_facility": "shared_path", "low_stress": true, "dem_gaps": [ ], "max_abs_grade": 0.42276769354860538, "elev_min": 307.58538818359375, "elev_max": 312.98452758789062, "cum_gain_fwd": 4.668212890625, "cum_loss_fwd": 5.399139404296875, "net_change_fwd": -0.730926513671875, "avg_grade_fwd": -0.015368528092552534, "n_samples": 11, "d_abs_above_3": 47.559955596923828, "d_abs_above_5": 42.803958892822266, "d_abs_above_8": 42.803958892822266, "d_abs_above_10": 42.803958892822266, "d_abs_above_15": 28.535972595214844, "grade_reliable": true, "max_abs_grade_reliable": 0.42276769354860538, "shortest_use": 20, "flat_use": 0, "flat_use_per_objective": 0.0, "unavoidability": 0.0, "barrier_score": 4.0213623988039533, "neighborhood": "Westview" }, "geometry": { "type": "LineString", "coordinates": [ [ -84.432979300000014, 33.7391284 ], [ -84.4331417, 33.7391137 ], [ -84.433283100000011, 33.7390947 ], [ -84.4333868, 33.7390804 ], [ -84.4334416, 33.7390757 ], [ -84.4334871, 33.7390757 ], [ -84.433487920476395, 33.739075792634438 ] ] } },
{ "type": "Feature", "properties": { "edge_id": 88383, "segment_id": "da581e06-f5c3-4dc9-b625-a60922d6f6ca", "u": "f8fdaccb-37f8-427e-8b8c-937e82929b91", "v": "17f964c5-18ae-435e-800c-afff911644fc", "part": 1, "cls": "residential", "subclass": null, "name": "Barnett Street Northeast", "length_m": 94.247527184628268, "is_bridge": false, "is_tunnel": false, "is_structure": false, "walk_ok": true, "walk_oneway": false, "walk_restricted": false, "bike_ok": true, "bike_oneway": false, "bike_restricted": false, "bike_facility": "", "low_stress": true, "dem_gaps": [ ], "max_abs_grade": 0.084131971841167455, "elev_min": 290.72222900390625, "elev_max": 295.98919677734375, "cum_gain_fwd": 5.2669677734375, "cum_loss_fwd": -0.0, "net_change_fwd": 5.2669677734375, "avg_grade_fwd": 0.05588441289601441, "n_samples": 20, "d_abs_above_3": 74.405942916870117, "d_abs_above_5": 59.524753570556641, "d_abs_above_8": 19.841587066650391, "d_abs_above_10": 0.0, "d_abs_above_15": 0.0, "grade_reliable": true, "max_abs_grade_reliable": 0.084131971841167455, "shortest_use": 50, "flat_use": 197, "flat_use_per_objective": 65.666666666666671, "unavoidability": 1.0, "barrier_score": 3.9646151515984047, "neighborhood": "Virginia Highland" }, "geometry": { "type": "LineString", "coordinates": [ [ -84.358684100016845, 33.780057498737321 ], [ -84.3586841, 33.7800575 ], [ -84.358678400000144, 33.780906899979151 ] ] } },
{ "type": "Feature", "properties": { "edge_id": 85955, "segment_id": "c49ce1ff-a6b9-462b-b33a-266f849b0781", "u": "f4354d54-9731-46d0-9edf-a47ebd2e4c97", "v": "c8c7e4eb-2cc0-45e1-93c8-37433632c3e8", "part": 0, "cls": "service", "subclass": null, "name": null, "length_m": 58.149678143812828, "is_bridge": false, "is_tunnel": false, "is_structure": false, "walk_ok": true, "walk_oneway": true, "walk_restricted": false, "bike_ok": true, "bike_oneway": true, "bike_restricted": false, "bike_facility": "", "low_stress": false, "dem_gaps": [ ], "max_abs_grade": 0.095901830986248118, "elev_min": 309.59017944335938, "elev_max": 311.31195068359375, "cum_gain_fwd": 0.410125732421875, "cum_loss_fwd": 1.721771240234375, "net_change_fwd": -1.3116455078125, "avg_grade_fwd": -0.022556367795012053, "n_samples": 13, "d_abs_above_3": 29.074837207794189, "d_abs_above_5": 19.383224487304688, "d_abs_above_8": 9.6916122436523438, "d_abs_above_10": 0.0, "d_abs_above_15": 0.0, "grade_reliable": true, "max_abs_grade_reliable": 0.095901830986248118, "shortest_use": 70, "flat_use": 0, "flat_use_per_objective": 0.0, "unavoidability": 0.0, "barrier_score": 3.9036624236768649, "neighborhood": "Candler Park" }, "geometry": { "type": "LineString", "coordinates": [ [ -84.340095, 33.7675124 ], [ -84.3400957, 33.767315 ], [ -84.3404867, 33.7673061 ] ] } },
{ "type": "Feature", "properties": { "edge_id": 52199, "segment_id": "d54e8ff1-761d-4023-82b3-21ec18213532", "u": "fc385b78-eed9-4455-a6ba-9e50c6e7b20a", "v": "79bcb023-ae2b-4282-8812-539b86dc93e7", "part": 0, "cls": "residential", "subclass": null, "name": "Oliver Street Northwest", "length_m": 147.49337363018515, "is_bridge": false, "is_tunnel": false, "is_structure": false, "walk_ok": true, "walk_oneway": false, "walk_restricted": false, "bike_ok": true, "bike_oneway": false, "bike_restricted": false, "bike_facility": "", "low_stress": true, "dem_gaps": [ ], "max_abs_grade": 0.08269911141362804, "elev_min": 280.9122314453125, "elev_max": 283.29818725585938, "cum_gain_fwd": 0.605804443359375, "cum_loss_fwd": 2.385955810546875, "net_change_fwd": -1.7801513671875, "avg_grade_fwd": -0.012069364707226039, "n_samples": 31, "d_abs_above_3": 24.582229614257812, "d_abs_above_5": 19.665782928466797, "d_abs_above_8": 4.9164457321166992, "d_abs_above_10": 0.0, "d_abs_above_15": 0.0, "grade_reliable": true, "max_abs_grade_reliable": 0.08269911141362804, "shortest_use": 32, "flat_use": 0, "flat_use_per_objective": 0.0, "unavoidability": 0.0, "barrier_score": 3.9032227003566562, "neighborhood": "English Avenue" }, "geometry": { "type": "LineString", "coordinates": [ [ -84.415501, 33.768709 ], [ -84.41548840000064, 33.770038299931819 ] ] } },
{ "type": "Feature", "properties": { "edge_id": 47969, "segment_id": "b479dfb5-b0ad-488e-8314-edf6efe60e25", "u": "629b67f3-6645-4f28-b024-ba55e06b9331", "v": "26707d6e-06ab-471c-93f3-2967c030a63f", "part": 0, "cls": "primary", "subclass": null, "name": "Memorial Drive Southeast", "length_m": 87.753641981798438, "is_bridge": false, "is_tunnel": false, "is_structure": false, "walk_ok": true, "walk_oneway": false, "walk_restricted": false, "bike_ok": true, "bike_oneway": false, "bike_restricted": false, "bike_facility": "", "low_stress": false, "dem_gaps": [ ], "max_abs_grade": 0.093783670642916109, "elev_min": 300.47772216796875, "elev_max": 307.82000732421875, "cum_gain_fwd": 7.34228515625, "cum_loss_fwd": -0.0, "net_change_fwd": 7.34228515625, "avg_grade_fwd": 0.083669295329656598, "n_samples": 19, "d_abs_above_3": 87.753639221191406, "d_abs_above_5": 87.753639221191406, "d_abs_above_8": 73.128036499023438, "d_abs_above_10": 0.0, "d_abs_above_15": 0.0, "grade_reliable": true, "max_abs_grade_reliable": 0.093783670642916109, "shortest_use": 46, "flat_use": 0, "flat_use_per_objective": 0.0, "unavoidability": 0.0, "barrier_score": 3.7857349823751862, "neighborhood": "The Villages at East Lake" }, "geometry": { "type": "LineString", "coordinates": [ [ -84.314134, 33.747311 ], [ -84.313644, 33.747319 ], [ -84.313462, 33.747322 ], [ -84.3131874, 33.7473225 ], [ -84.313187397632632, 33.747322500004017 ] ] } },
{ "type": "Feature", "properties": { "edge_id": 110527, "segment_id": "3826388a-cfe4-4f98-a10a-694d837ea33f", "u": "7a381f2a-3625-41b2-b348-21b955ae5884", "v": "b8b94d5e-3ed5-4e52-bd8c-d800438d4f5b", "part": 1, "cls": "service", "subclass": null, "name": null, "length_m": 69.116913652242403, "is_bridge": false, "is_tunnel": false, "is_structure": false, "walk_ok": true, "walk_oneway": false, "walk_restricted": false, "bike_ok": true, "bike_oneway": false, "bike_restricted": false, "bike_facility": "", "low_stress": false, "dem_gaps": [ ], "max_abs_grade": 0.14310793519314099, "elev_min": 297.68460083007812, "elev_max": 303.50552368164062, "cum_gain_fwd": 5.8209228515625, "cum_loss_fwd": -0.0, "net_change_fwd": 5.8209228515625, "avg_grade_fwd": 0.084218501843190394, "n_samples": 15, "d_abs_above_3": 64.179990291595459, "d_abs_above_5": 54.306147575378418, "d_abs_above_8": 34.558456420898438, "d_abs_above_10": 24.684610366821289, "d_abs_above_15": 0.0, "grade_reliable": true, "max_abs_grade_reliable": 0.14310793519314099, "shortest_use": 38, "flat_use": 0, "flat_use_per_objective": 0.0, "unavoidability": 0.0, "barrier_score": 3.7586479438841103, "neighborhood": "Buckhead Village" }, "geometry": { "type": "LineString", "coordinates": [ [ -84.375746716388264, 33.838186434621932 ], [ -84.3757466, 33.8381868 ], [ -84.3757389, 33.838211 ], [ -84.3757048, 33.838358 ], [ -84.3757229, 33.8384187 ], [ -84.375640823916953, 33.838797789533359 ] ] } },
{ "type": "Feature", "properties": { "edge_id": 62320, "segment_id": "30b7885a-8f39-419c-b409-23045a01e2ac", "u": "b1359206-b231-482b-be04-fe54588f4362", "v": "2cbdbee1-70a8-4e81-ab81-14218c9b3a7f", "part": 2, "cls": "footway", "subclass": null, "name": null, "length_m": 129.41639479737887, "is_bridge": false, "is_tunnel": false, "is_structure": false, "walk_ok": true, "walk_oneway": false, "walk_restricted": false, "bike_ok": true, "bike_oneway": false, "bike_restricted": false, "bike_facility": "shared_path", "low_stress": true, "dem_gaps": [ ], "max_abs_grade": 0.11151746273094856, "elev_min": 261.65866088867188, "elev_max": 267.7452392578125, "cum_gain_fwd": 0.0, "cum_loss_fwd": 6.086578369140625, "net_change_fwd": -6.086578369140625, "avg_grade_fwd": -0.047030967526360226, "n_samples": 27, "d_abs_above_3": 104.52862787246704, "d_abs_above_5": 34.842872619628906, "d_abs_above_8": 14.932662963867188, "d_abs_above_10": 4.9775543212890625, "d_abs_above_15": 0.0, "grade_reliable": true, "max_abs_grade_reliable": 0.11151746273094856, "shortest_use": 26, "flat_use": 0, "flat_use_per_objective": 0.0, "unavoidability": 0.0, "barrier_score": 3.7523688757335107, "neighborhood": "Peachtree Battle Alliance" }, "geometry": { "type": "LineString", "coordinates": [ [ -84.399598850359652, 33.821739795111384 ], [ -84.3995594, 33.8217474 ], [ -84.399231500000013, 33.8217386 ], [ -84.39884450000001, 33.8217137 ], [ -84.3983984, 33.8216767 ], [ -84.398353, 33.8216488 ], [ -84.3983281, 33.8216204 ], [ -84.398331446199848, 33.821542043153521 ] ] } },
{ "type": "Feature", "properties": { "edge_id": 78928, "segment_id": "bb8c51ca-0607-4b11-aa8a-d5e9f0860d4d", "u": "06b035a1-9cb0-477c-a9a6-e39cc89d4a7a", "v": "0135a27f-79ac-4e50-9704-6007fd64059f", "part": 1, "cls": "secondary", "subclass": null, "name": "Peachtree Street Northeast", "length_m": 41.555642480681399, "is_bridge": true, "is_tunnel": false, "is_structure": true, "walk_ok": true, "walk_oneway": false, "walk_restricted": false, "bike_ok": true, "bike_oneway": false, "bike_restricted": false, "bike_facility": "", "low_stress": false, "dem_gaps": [ ], "max_abs_grade": 0.20432999144907241, "elev_min": 301.37240600585938, "elev_max": 309.86334228515625, "cum_gain_fwd": 0.0, "cum_loss_fwd": 8.490936279296875, "net_change_fwd": -8.490936279296875, "avg_grade_fwd": -0.20432692263558971, "n_samples": 10, "d_abs_above_3": 41.555641174316406, "d_abs_above_5": 41.555641174316406, "d_abs_above_8": 41.555641174316406, "d_abs_above_10": 41.555641174316406, "d_abs_above_15": 41.555641174316406, "grade_reliable": true, "max_abs_grade_reliable": 0.20432999144907241, "shortest_use": 44, "flat_use": 51, "flat_use_per_objective": 17.0, "unavoidability": 0.38636363636363635, "barrier_score": 3.7360681920048693, "neighborhood": "Downtown" }, "geometry": { "type": "LineString", "coordinates": [ [ -84.385711327775624, 33.764641174714257 ], [ -84.3857102, 33.7646435 ], [ -84.3855881, 33.7649293 ], [ -84.385567370689756, 33.764995651510141 ] ] } },
{ "type": "Feature", "properties": { "edge_id": 38859, "segment_id": "714b8c16-58a4-48f0-8492-d894eafcb065", "u": "6ad7250e-3ead-4391-bae7-2a6196425163", "v": "9cfc1899-0a56-464c-8539-b1e7dc60542a", "part": 0, "cls": "residential", "subclass": null, "name": "Cassanova Street Southeast", "length_m": 215.02139178823541, "is_bridge": false, "is_tunnel": false, "is_structure": false, "walk_ok": true, "walk_oneway": false, "walk_restricted": false, "bike_ok": true, "bike_oneway": false, "bike_restricted": false, "bike_facility": "", "low_stress": true, "dem_gaps": [ ], "max_abs_grade": 0.1237600112406913, "elev_min": 295.200927734375, "elev_max": 308.4161376953125, "cum_gain_fwd": 13.2152099609375, "cum_loss_fwd": -0.0, "net_change_fwd": 13.2152099609375, "avg_grade_fwd": 0.06145997748168737, "n_samples": 45, "d_abs_above_3": 171.03974533081055, "d_abs_above_5": 97.73699951171875, "d_abs_above_8": 73.302749633789062, "d_abs_above_10": 39.094802856445312, "d_abs_above_15": 0.0, "grade_reliable": true, "max_abs_grade_reliable": 0.1237600112406913, "shortest_use": 14, "flat_use": 0, "flat_use_per_objective": 0.0, "unavoidability": 0.0, "barrier_score": 3.7255469810581543, "neighborhood": "Chosewood Park" }, "geometry": { "type": "LineString", "coordinates": [ [ -84.37234, 33.716327 ], [ -84.370021, 33.716324 ] ] } },
{ "type": "Feature", "properties": { "edge_id": 14670, "segment_id": "59863864-838a-4aec-9cb7-49580338db29", "u": "0e043aed-9b8c-4c44-b0a1-b37d851dd224", "v": "f41f33f0-b57f-4b41-8dc5-f808f582f774", "part": 1, "cls": "residential", "subclass": null, "name": "Niskey Lake Road Southwest", "length_m": 57.731818422227668, "is_bridge": false, "is_tunnel": false, "is_structure": false, "walk_ok": true, "walk_oneway": false, "walk_restricted": false, "bike_ok": true, "bike_oneway": false, "bike_restricted": false, "bike_facility": "", "low_stress": true, "dem_gaps": [ ], "max_abs_grade": 0.09194630346978161, "elev_min": 283.0283203125, "elev_max": 285.82046508789062, "cum_gain_fwd": 2.792144775390625, "cum_loss_fwd": -0.0, "net_change_fwd": 2.792144775390625, "avg_grade_fwd": 0.04836405324417456, "n_samples": 13, "d_abs_above_3": 43.298862457275391, "d_abs_above_5": 19.243940353393555, "d_abs_above_8": 9.6219701766967773, "d_abs_above_10": 0.0, "d_abs_above_15": 0.0, "grade_reliable": true, "max_abs_grade_reliable": 0.09194630346978161, "shortest_use": 70, "flat_use": 0, "flat_use_per_objective": 0.0, "unavoidability": 0.0, "barrier_score": 3.7157591075587311, "neighborhood": "Niskey Lake" }, "geometry": { "type": "LineString", "coordinates": [ [ -84.533149271555956, 33.717373148839222 ], [ -84.533145, 33.717337 ], [ -84.533177, 33.7172 ], [ -84.533319, 33.7169096 ], [ -84.533332912708204, 33.716881134918864 ] ] } },
{ "type": "Feature", "properties": { "edge_id": 20876, "segment_id": "38b09c5c-35be-4573-878f-0bda2cf20407", "u": "c87a278d-6b3d-4dd5-9221-8caf47a7ddf9", "v": "629ccc4f-4dc4-43f4-a2b8-9aed5922d2dd", "part": 0, "cls": "service", "subclass": null, "name": null, "length_m": 68.946904870423495, "is_bridge": false, "is_tunnel": false, "is_structure": false, "walk_ok": true, "walk_oneway": false, "walk_restricted": false, "bike_ok": true, "bike_oneway": false, "bike_restricted": false, "bike_facility": "", "low_stress": false, "dem_gaps": [ ], "max_abs_grade": 0.12601684582982831, "elev_min": 307.73974609375, "elev_max": 311.18402099609375, "cum_gain_fwd": 0.041900634765625, "cum_loss_fwd": 3.44427490234375, "net_change_fwd": -3.402374267578125, "avg_grade_fwd": -0.049347743263285455, "n_samples": 15, "d_abs_above_3": 39.398233413696289, "d_abs_above_5": 29.548675537109375, "d_abs_above_8": 19.699119567871094, "d_abs_above_10": 9.8495597839355469, "d_abs_above_15": 0.0, "grade_reliable": true, "max_abs_grade_reliable": 0.12601684582982831, "shortest_use": 42, "flat_use": 0, "flat_use_per_objective": 0.0, "unavoidability": 0.0, "barrier_score": 3.6491580222299986, "neighborhood": "Oakland City" }, "geometry": { "type": "LineString", "coordinates": [ [ -84.4215599, 33.7279835 ], [ -84.421693, 33.7278583 ], [ -84.421812, 33.7277612 ], [ -84.4218615, 33.7277507 ], [ -84.4219856, 33.7276672 ], [ -84.422105500000015, 33.7275706 ] ] } },
{ "type": "Feature", "properties": { "edge_id": 54832, "segment_id": "7d2eef1c-1564-48e2-9b8e-b76ba1615642", "u": "0988840c-2573-4be8-8256-716b5b738779", "v": "f9e08762-31c8-4e97-b431-a19cedfc26e4", "part": 1, "cls": "unclassified", "subclass": null, "name": "Lois Street Northwest", "length_m": 485.15326743929927, "is_bridge": false, "is_tunnel": false, "is_structure": false, "walk_ok": true, "walk_oneway": false, "walk_restricted": false, "bike_ok": true, "bike_oneway": false, "bike_restricted": false, "bike_facility": "", "low_stress": false, "dem_gaps": [ ], "max_abs_grade": 0.093959110957683875, "elev_min": 265.36563110351562, "elev_max": 286.3018798828125, "cum_gain_fwd": 21.951446533203125, "cum_loss_fwd": 1.01519775390625, "net_change_fwd": 20.936248779296875, "avg_grade_fwd": 0.043153886692387268, "n_samples": 99, "d_abs_above_3": 292.08206176757812, "d_abs_above_5": 198.02174377441406, "d_abs_above_8": 89.109775543212891, "d_abs_above_10": 0.0, "d_abs_above_15": 0.0, "grade_reliable": true, "max_abs_grade_reliable": 0.093959110957683875, "shortest_use": 8, "flat_use": 1, "flat_use_per_objective": 0.33333333333333331, "unavoidability": 0.041666666666666664, "barrier_score": 3.6467655749449603, "neighborhood": "Grove Park" }, "geometry": { "type": "LineString", "coordinates": [ [ -84.436969376992337, 33.783209720841889 ], [ -84.4364762, 33.783267199999983 ], [ -84.4356179, 33.7832226 ], [ -84.4350266, 33.7832689 ], [ -84.434706, 33.783294 ], [ -84.4339013, 33.7834366 ], [ -84.4334052, 33.7836487 ], [ -84.4330611, 33.7839292 ], [ -84.433034346620786, 33.784849084738809 ] ] } },
{ "type": "Feature", "properties": { "edge_id": 7284, "segment_id": "b476f3df-f7e2-47e0-ba0f-129dbb14a104", "u": "bccfde05-6ca2-42de-bcf4-763e6a31a398", "v": "f0c61f0e-9aec-4765-b5e9-a44434ec8091", "part": 0, "cls": "pedestrian", "subclass": null, "name": null, "length_m": 274.60219786619706, "is_bridge": false, "is_tunnel": false, "is_structure": false, "walk_ok": true, "walk_oneway": false, "walk_restricted": false, "bike_ok": true, "bike_oneway": false, "bike_restricted": false, "bike_facility": "car_free_street", "low_stress": true, "dem_gaps": [ ], "max_abs_grade": 0.093769674150229521, "elev_min": 258.27362060546875, "elev_max": 274.07736206054688, "cum_gain_fwd": 15.803741455078125, "cum_loss_fwd": 1.124969482421875, "net_change_fwd": 14.67877197265625, "avg_grade_fwd": 0.053454676592394113, "n_samples": 56, "d_abs_above_3": 234.66006469726562, "d_abs_above_5": 169.75408935546875, "d_abs_above_8": 114.83364868164062, "d_abs_above_10": 0.0, "d_abs_above_15": 0.0, "grade_reliable": true, "max_abs_grade_reliable": 0.093769674150229521, "shortest_use": 14, "flat_use": 6, "flat_use_per_objective": 2.0, "unavoidability": 0.14285714285714285, "barrier_score": 3.6049102060790208, "neighborhood": "Rockdale" }, "geometry": { "type": "LineString", "coordinates": [ [ -84.4413111, 33.7820813 ], [ -84.4411454, 33.7825044 ], [ -84.4410845, 33.7826677 ], [ -84.4410527, 33.7828126 ], [ -84.4410499, 33.7829736 ], [ -84.4410817, 33.7831346 ], [ -84.4411454, 33.783291 ], [ -84.4412284, 33.7834416 ], [ -84.4414428, 33.7837003 ], [ -84.4418026, 33.7841247 ], [ -84.4419387, 33.7843151 ] ] } },
{ "type": "Feature", "properties": { "edge_id": 86069, "segment_id": "e1590198-213b-493e-bad3-3da2c99829c7", "u": "17d7cfea-2985-4c1d-b91a-0415ec4fd894", "v": "86ebe57b-3f67-4305-b5b3-d14a801414d7", "part": 1, "cls": "footway", "subclass": null, "name": null, "length_m": 62.513442708814821, "is_bridge": false, "is_tunnel": false, "is_structure": false, "walk_ok": true, "walk_oneway": false, "walk_restricted": false, "bike_ok": true, "bike_oneway": false, "bike_restricted": false, "bike_facility": "shared_path", "low_stress": true, "dem_gaps": [ ], "max_abs_grade": 0.080959654634756975, "elev_min": 303.22915649414062, "elev_max": 307.17242431640625, "cum_gain_fwd": 0.0, "cum_loss_fwd": 3.943267822265625, "net_change_fwd": -3.943267822265625, "avg_grade_fwd": -0.063078717687919172, "n_samples": 14, "d_abs_above_3": 62.513442993164062, "d_abs_above_5": 52.895989418029785, "d_abs_above_8": 4.8087253570556641, "d_abs_above_10": 0.0, "d_abs_above_15": 0.0, "grade_reliable": true, "max_abs_grade_reliable": 0.080959654634756975, "shortest_use": 70, "flat_use": 210, "flat_use_per_objective": 70.0, "unavoidability": 1.0, "barrier_score": 3.5427467122147198, "neighborhood": "Candler Park" }, "geometry": { "type": "LineString", "coordinates": [ [ -84.341746000026816, 33.768287581294608 ], [ -84.3417464, 33.7680085 ], [ -84.3417537, 33.7677657 ], [ -84.3417518, 33.7677243 ], [ -84.341751800872416, 33.767724284572047 ] ] } },
{ "type": "Feature", "properties": { "edge_id": 60137, "segment_id": "aa8e7f4f-febb-48bb-96a2-17e30bd790d4", "u": "acdada88-4cbe-447a-b989-c676be1ffa66", "v": "26e54087-d39f-4a40-975a-c7a3c30d9669", "part": 2, "cls": "trunk", "subclass": null, "name": "Northside Drive Northwest", "length_m": 86.322498301436056, "is_bridge": false, "is_tunnel": false, "is_structure": false, "walk_ok": true, "walk_oneway": false, "walk_restricted": false, "bike_ok": true, "bike_oneway": false, "bike_restricted": false, "bike_facility": "", "low_stress": false, "dem_gaps": [ ], "max_abs_grade": 0.088325927764281775, "elev_min": 280.403076171875, "elev_max": 287.4632568359375, "cum_gain_fwd": 0.0, "cum_loss_fwd": 7.0601806640625, "net_change_fwd": -7.0601806640625, "avg_grade_fwd": -0.081788422639980582, "n_samples": 19, "d_abs_above_3": 86.322494506835938, "d_abs_above_5": 86.322494506835938, "d_abs_above_8": 71.935417175292969, "d_abs_above_10": 0.0, "d_abs_above_15": 0.0, "grade_reliable": true, "max_abs_grade_reliable": 0.088325927764281775, "shortest_use": 46, "flat_use": 0, "flat_use_per_objective": 0.0, "unavoidability": 0.0, "barrier_score": 3.5072767847262902, "neighborhood": "Loring Heights" }, "geometry": { "type": "LineString", "coordinates": [ [ -84.407863100047933, 33.794759592628893 ], [ -84.4078631, 33.7947596 ], [ -84.4078611, 33.7950736 ], [ -84.407862399988645, 33.795537595946932 ] ] } },
{ "type": "Feature", "properties": { "edge_id": 51639, "segment_id": "34a8d19a-5885-4347-9f4b-921296c6a412", "u": "4e4dd5ba-d85f-40d1-b26a-2199bfb62b5c", "v": "611e84b3-ea33-4a90-8b23-6e8ca2216130", "part": 0, "cls": "residential", "subclass": null, "name": "Marie Avenue Northwest", "length_m": 83.104002724693046, "is_bridge": false, "is_tunnel": false, "is_structure": false, "walk_ok": true, "walk_oneway": false, "walk_restricted": false, "bike_ok": true, "bike_oneway": false, "bike_restricted": false, "bike_facility": "", "low_stress": true, "dem_gaps": [ ], "max_abs_grade": 0.10994759393070491, "elev_min": 292.70626831054688, "elev_max": 296.41217041015625, "cum_gain_fwd": 2.08941650390625, "cum_loss_fwd": 3.705902099609375, "net_change_fwd": -1.616485595703125, "avg_grade_fwd": -0.019451356369383714, "n_samples": 18, "d_abs_above_3": 73.327060699462891, "d_abs_above_5": 63.550121307373047, "d_abs_above_8": 34.219293594360352, "d_abs_above_10": 9.7769412994384766, "d_abs_above_15": 0.0, "grade_reliable": true, "max_abs_grade_reliable": 0.10994759393070491, "shortest_use": 38, "flat_use": 0, "flat_use_per_objective": 0.0, "unavoidability": 0.0, "barrier_score": 3.4720923553244836, "neighborhood": "Washington Park" }, "geometry": { "type": "LineString", "coordinates": [ [ -84.420385, 33.760526 ], [ -84.419688502663604, 33.76099779819571 ] ] } },
{ "type": "Feature", "properties": { "edge_id": 87420, "segment_id": "05800851-fe23-407f-91cd-8dcb4826baca", "u": "7c52a84a-b5ba-452c-a3e8-72d61f3c2f22", "v": "98a95b2b-ac43-4373-a5db-26011516bd40", "part": 0, "cls": "footway", "subclass": null, "name": null, "length_m": 56.444448582072667, "is_bridge": false, "is_tunnel": false, "is_structure": false, "walk_ok": true, "walk_oneway": false, "walk_restricted": false, "bike_ok": true, "bike_oneway": false, "bike_restricted": false, "bike_facility": "shared_path", "low_stress": true, "dem_gaps": [ ], "max_abs_grade": 0.091980198662176979, "elev_min": 290.2801513671875, "elev_max": 295.05584716796875, "cum_gain_fwd": 4.77569580078125, "cum_loss_fwd": -0.0, "net_change_fwd": 4.77569580078125, "avg_grade_fwd": 0.084608774977234597, "n_samples": 13, "d_abs_above_3": 56.444450378417969, "d_abs_above_5": 56.444450378417969, "d_abs_above_8": 42.333337783813477, "d_abs_above_10": 0.0, "d_abs_above_15": 0.0, "grade_reliable": true, "max_abs_grade_reliable": 0.091980198662176979, "shortest_use": 66, "flat_use": 134, "flat_use_per_objective": 44.666666666666664, "unavoidability": 0.67676767676767668, "barrier_score": 3.4265692520110109, "neighborhood": "Candler Park" }, "geometry": { "type": "LineString", "coordinates": [ [ -84.3424095, 33.7711582 ], [ -84.341800433044043, 33.771150837842548 ] ] } },
{ "type": "Feature", "properties": { "edge_id": 15868, "segment_id": "7f945d6b-6b03-4b8d-9cdc-be8edcb46928", "u": "4d785add-1073-49bd-8c54-bdd704b4d6b8", "v": "d3138045-5ae7-49f0-ba3e-4cdb6035452d", "part": 0, "cls": "residential", "subclass": null, "name": "Oakcrest Drive Southwest", "length_m": 258.64753061057922, "is_bridge": false, "is_tunnel": false, "is_structure": false, "walk_ok": true, "walk_oneway": false, "walk_restricted": false, "bike_ok": true, "bike_oneway": false, "bike_restricted": false, "bike_facility": "", "low_stress": true, "dem_gaps": [ ], "max_abs_grade": 0.13059877199360076, "elev_min": 279.8709716796875, "elev_max": 299.0296630859375, "cum_gain_fwd": 1.60748291015625, "cum_loss_fwd": 19.15869140625, "net_change_fwd": -17.55120849609375, "avg_grade_fwd": -0.067857632511744037, "n_samples": 53, "d_abs_above_3": 223.82958698272705, "d_abs_above_5": 189.01165008544922, "d_abs_above_8": 169.11569976806641, "d_abs_above_10": 79.5838623046875, "d_abs_above_15": 0.0, "grade_reliable": true, "max_abs_grade_reliable": 0.13059877199360076, "shortest_use": 10, "flat_use": 0, "flat_use_per_objective": 0.0, "unavoidability": 0.0, "barrier_score": 3.3779049876918914, "neighborhood": "Magnum Manor" }, "geometry": { "type": "LineString", "coordinates": [ [ -84.489398, 33.724891 ], [ -84.489544, 33.724123 ], [ -84.489646, 33.723926 ], [ -84.489717, 33.723837 ], [ -84.489813, 33.723745 ], [ -84.489924, 33.723665 ], [ -84.490047, 33.723598 ], [ -84.49018, 33.723546 ], [ -84.49032, 33.72351 ], [ -84.490538, 33.723488 ], [ -84.49106, 33.723493 ] ] } },
{ "type": "Feature", "properties": { "edge_id": 102389, "segment_id": "f824e14b-5fbb-4786-95ba-3725992e678e", "u": "ba6d9b25-8667-4804-8e85-e65c6a752f4f", "v": "00268bd1-0d36-4705-9d70-ec8297b1f50b", "part": 1, "cls": "residential", "subclass": null, "name": "Garraux Road Northwest", "length_m": 32.508174038039392, "is_bridge": false, "is_tunnel": false, "is_structure": false, "walk_ok": true, "walk_oneway": false, "walk_restricted": false, "bike_ok": true, "bike_oneway": false, "bike_restricted": false, "bike_facility": "", "low_stress": true, "dem_gaps": [ ], "max_abs_grade": 0.14660713284608037, "elev_min": 273.25372314453125, "elev_max": 277.75900268554688, "cum_gain_fwd": 0.0, "cum_loss_fwd": 4.505279541015625, "net_change_fwd": -4.505279541015625, "avg_grade_fwd": -0.1385891258243688, "n_samples": 8, "d_abs_above_3": 32.508174896240234, "d_abs_above_5": 32.508174896240234, "d_abs_above_8": 32.508174896240234, "d_abs_above_10": 32.508174896240234, "d_abs_above_15": 0.0, "grade_reliable": true, "max_abs_grade_reliable": 0.14660713284608037, "shortest_use": 70, "flat_use": 178, "flat_use_per_objective": 59.333333333333336, "unavoidability": 0.84761904761904761, "barrier_score": 3.3361511328448392, "neighborhood": "Paces" }, "geometry": { "type": "LineString", "coordinates": [ [ -84.443965632410951, 33.853857449416545 ], [ -84.4443121, 33.8538541 ], [ -84.444316784785954, 33.853854146384023 ] ] } },
{ "type": "Feature", "properties": { "edge_id": 54494, "segment_id": "26a14f64-0589-462a-a68c-b27a1e0d7cb9", "u": "b069cbbf-0f44-4bd9-9332-523368a5bbcf", "v": "11206239-30e8-4b8c-8277-176ecc480b1c", "part": 0, "cls": "cycleway", "subclass": null, "name": "Atlanta Beltline Westside Trail", "length_m": 183.19826321851113, "is_bridge": false, "is_tunnel": false, "is_structure": false, "walk_ok": true, "walk_oneway": false, "walk_restricted": false, "bike_ok": true, "bike_oneway": false, "bike_restricted": false, "bike_facility": "dedicated_cycleway", "low_stress": true, "dem_gaps": "[104.08320658 176.8646382 ]", "max_abs_grade": 0.087023047794415054, "elev_min": 280.58050537109375, "elev_max": 283.97479248046875, "cum_gain_fwd": 0.36395263671875, "cum_loss_fwd": 3.394287109375, "net_change_fwd": -3.03033447265625, "avg_grade_fwd": -0.016541284370811756, "n_samples": 38, "d_abs_above_3": 34.659130096435547, "d_abs_above_5": 29.70782470703125, "d_abs_above_8": 9.9026107788085938, "d_abs_above_10": 0.0, "d_abs_above_15": 0.0, "grade_reliable": true, "max_abs_grade_reliable": 0.087023047794415054, "shortest_use": 20, "flat_use": 32, "flat_use_per_objective": 10.666666666666666, "unavoidability": 0.53333333333333333, "barrier_score": 3.1884942431836647, "neighborhood": "Historic Westin Heights/Bankhead" }, "geometry": { "type": "LineString", "coordinates": [ [ -84.4235594, 33.7743537 ], [ -84.4234971, 33.7742584 ], [ -84.4233749, 33.7740795 ], [ -84.4233568, 33.7739966 ], [ -84.4233584, 33.7738717 ], [ -84.4234651, 33.7735996 ], [ -84.4235677, 33.7734196 ], [ -84.423621, 33.773276 ], [ -84.4237539, 33.7729686 ], [ -84.4238064, 33.7728108 ], [ -84.423806666544195, 33.772810000367407 ] ] } },
{ "type": "Feature", "properties": { "edge_id": 8684, "segment_id": "6769afa2-4c65-400e-9972-e4ecca5505b5", "u": "5d828d38-7eb2-48ae-8c2d-55047aa1a0b3", "v": "e7818bea-1cc7-41d5-96fc-ac0da3080c65", "part": 0, "cls": "residential", "subclass": null, "name": "Oldknow Drive Northwest", "length_m": 213.16517305618081, "is_bridge": false, "is_tunnel": false, "is_structure": false, "walk_ok": true, "walk_oneway": false, "walk_restricted": false, "bike_ok": true, "bike_oneway": false, "bike_restricted": false, "bike_facility": "", "low_stress": true, "dem_gaps": [ ], "max_abs_grade": 0.14779451711151845, "elev_min": 266.71832275390625, "elev_max": 276.643310546875, "cum_gain_fwd": 1.17822265625, "cum_loss_fwd": 11.032440185546875, "net_change_fwd": -9.854217529296875, "avg_grade_fwd": -0.046228083292525632, "n_samples": 44, "d_abs_above_3": 128.89057922363281, "d_abs_above_5": 89.231941223144531, "d_abs_above_8": 59.487960815429688, "d_abs_above_10": 44.615959167480469, "d_abs_above_15": 0.0, "grade_reliable": true, "max_abs_grade_reliable": 0.14779451711151845, "shortest_use": 10, "flat_use": 0, "flat_use_per_objective": 0.0, "unavoidability": 0.0, "barrier_score": 3.1504643816831503, "neighborhood": "Collier Heights" }, "geometry": { "type": "LineString", "coordinates": [ [ -84.481986, 33.771797 ], [ -84.484286599906753, 33.771792500000181 ] ] } },
{ "type": "Feature", "properties": { "edge_id": 51656, "segment_id": "22f53301-0c56-4041-87e6-6fb74d198bbe", "u": "6761a045-0476-417f-9049-bc1c823f0d9b", "v": "c45d649b-ce00-4927-affd-a5cc629afc6d", "part": 0, "cls": "residential", "subclass": null, "name": "Ollie Street Northwest", "length_m": 88.428687201827884, "is_bridge": false, "is_tunnel": false, "is_structure": false, "walk_ok": true, "walk_oneway": false, "walk_restricted": false, "bike_ok": true, "bike_oneway": false, "bike_restricted": false, "bike_facility": "", "low_stress": true, "dem_gaps": [ ], "max_abs_grade": 0.093502579763399638, "elev_min": 297.87939453125, "elev_max": 300.19390869140625, "cum_gain_fwd": 2.31451416015625, "cum_loss_fwd": 1.99481201171875, "net_change_fwd": 0.3197021484375, "avg_grade_fwd": 0.0036153668621568048, "n_samples": 19, "d_abs_above_3": 73.690574645996094, "d_abs_above_5": 34.388933181762695, "d_abs_above_8": 9.8254098892211914, "d_abs_above_10": 0.0, "d_abs_above_15": 0.0, "grade_reliable": true, "max_abs_grade_reliable": 0.093502579763399638, "shortest_use": 38, "flat_use": 0, "flat_use_per_objective": 0.0, "unavoidability": 0.0, "barrier_score": 3.1419579438154188, "neighborhood": "Washington Park" }, "geometry": { "type": "LineString", "coordinates": [ [ -84.42128, 33.758773 ], [ -84.421278, 33.75957 ] ] } },
{ "type": "Feature", "properties": { "edge_id": 57322, "segment_id": "8b58aded-9583-46d4-884a-01a5a8aa0caa", "u": "adbef2e2-64c2-483b-b215-0bdcaf9b792c", "v": "0b6be915-a7e1-4de0-9988-04c59a0984e0", "part": 0, "cls": "residential", "subclass": null, "name": "Bohler Road Northwest", "length_m": 206.4665641069044, "is_bridge": false, "is_tunnel": false, "is_structure": false, "walk_ok": true, "walk_oneway": false, "walk_restricted": false, "bike_ok": true, "bike_oneway": false, "bike_restricted": false, "bike_facility": "", "low_stress": true, "dem_gaps": [ ], "max_abs_grade": 0.093864653625770567, "elev_min": 278.88055419921875, "elev_max": 288.84930419921875, "cum_gain_fwd": 2.994140625, "cum_loss_fwd": 9.96875, "net_change_fwd": -6.974609375, "avg_grade_fwd": -0.033780817121108551, "n_samples": 43, "d_abs_above_3": 186.80308532714844, "d_abs_above_5": 167.13960266113281, "d_abs_above_8": 63.90631103515625, "d_abs_above_10": 0.0, "d_abs_above_15": 0.0, "grade_reliable": true, "max_abs_grade_reliable": 0.093864653625770567, "shortest_use": 16, "flat_use": 0, "flat_use_per_objective": 0.0, "unavoidability": 0.0, "barrier_score": 3.100786004031606, "neighborhood": "Cross Creek" }, "geometry": { "type": "LineString", "coordinates": [ [ -84.4287508, 33.8155804 ], [ -84.428801, 33.815608 ], [ -84.429354, 33.815852 ], [ -84.4294275, 33.8158843 ], [ -84.42972, 33.816013 ], [ -84.429902, 33.816128 ], [ -84.430042, 33.816247 ], [ -84.430195, 33.816399 ], [ -84.430353, 33.816582 ], [ -84.430439, 33.8167 ], [ -84.430451, 33.8167215 ] ] } },
{ "type": "Feature", "properties": { "edge_id": 106366, "segment_id": "facfb21d-b729-4448-bf49-90b042858ac1", "u": "cddb676c-07d8-4982-9685-332f53e746c7", "v": "45f0d02f-1863-442d-8887-e26cb70b021b", "part": 0, "cls": "secondary", "subclass": null, "name": "Howell Mill Road Northwest", "length_m": 205.52729329730465, "is_bridge": false, "is_tunnel": false, "is_structure": false, "walk_ok": true, "walk_oneway": false, "walk_restricted": false, "bike_ok": true, "bike_oneway": false, "bike_restricted": false, "bike_facility": "", "low_stress": false, "dem_gaps": [ ], "max_abs_grade": 0.083460918425573974, "elev_min": 242.09278869628906, "elev_max": 246.62043762207031, "cum_gain_fwd": 4.52764892578125, "cum_loss_fwd": 0.5986480712890625, "net_change_fwd": 3.9290008544921875, "avg_grade_fwd": 0.01911668616884284, "n_samples": 43, "d_abs_above_3": 48.935073852539062, "d_abs_above_5": 39.148056030273438, "d_abs_above_8": 14.680526733398438, "d_abs_above_10": 0.0, "d_abs_above_15": 0.0, "grade_reliable": true, "max_abs_grade_reliable": 0.083460918425573974, "shortest_use": 18, "flat_use": 12, "flat_use_per_objective": 4.0, "unavoidability": 0.22222222222222221, "barrier_score": 3.087629398820765, "neighborhood": null }, "geometry": { "type": "LineString", "coordinates": [ [ -84.4277851, 33.8461273 ], [ -84.428067, 33.8458492 ], [ -84.428362800000016, 33.8455708 ], [ -84.4287446, 33.8452285 ], [ -84.4287942, 33.8451636 ], [ -84.428835, 33.845085099999984 ], [ -84.4288501, 33.845004199999984 ], [ -84.4288445, 33.8449229 ], [ -84.4288271, 33.8448433 ], [ -84.4287982, 33.8447672 ], [ -84.428718867736336, 33.84461945275666 ] ] } },
{ "type": "Feature", "properties": { "edge_id": 7409, "segment_id": "53a821f8-3157-4d36-af15-757d82e2711c", "u": "4e011e6c-3da2-466a-8c9a-e95df3c86525", "v": "8f4a5844-b98a-4cc5-a75d-964834cf2ebc", "part": 0, "cls": "residential", "subclass": null, "name": "Hollywood Drive Northwest", "length_m": 122.7416528404778, "is_bridge": false, "is_tunnel": false, "is_structure": false, "walk_ok": true, "walk_oneway": false, "walk_restricted": false, "bike_ok": true, "bike_oneway": false, "bike_restricted": false, "bike_facility": "", "low_stress": true, "dem_gaps": [ ], "max_abs_grade": 0.09536304052828215, "elev_min": 269.24163818359375, "elev_max": 272.6337890625, "cum_gain_fwd": 3.39215087890625, "cum_loss_fwd": 3.354888916015625, "net_change_fwd": 0.037261962890625, "avg_grade_fwd": 0.00030358042152427454, "n_samples": 26, "d_abs_above_3": 98.193321228027344, "d_abs_above_5": 83.464324951171875, "d_abs_above_8": 14.728998184204102, "d_abs_above_10": 0.0, "d_abs_above_15": 0.0, "grade_reliable": true, "max_abs_grade_reliable": 0.09536304052828215, "shortest_use": 26, "flat_use": 0, "flat_use_per_objective": 0.0, "unavoidability": 0.0, "barrier_score": 3.0433044757270538, "neighborhood": "Grove Park" }, "geometry": { "type": "LineString", "coordinates": [ [ -84.455686, 33.783129 ], [ -84.4561, 33.783169 ], [ -84.457008, 33.78318 ] ] } },
{ "type": "Feature", "properties": { "edge_id": 60065, "segment_id": "60968637-80b4-4b5e-a1fb-0bbb378b7795", "u": "f750ddf1-94e4-4b9c-90b8-1a87a9013455", "v": "4935e3ed-cd70-4c8c-9b3f-cb3b92e3e2a1", "part": 1, "cls": "trunk", "subclass": null, "name": "Northside Drive Northwest", "length_m": 71.146405917346812, "is_bridge": false, "is_tunnel": false, "is_structure": false, "walk_ok": true, "walk_oneway": false, "walk_restricted": false, "bike_ok": true, "bike_oneway": false, "bike_restricted": false, "bike_facility": "", "low_stress": false, "dem_gaps": [ ], "max_abs_grade": 0.084975236734884274, "elev_min": 268.15524291992188, "elev_max": 273.80126953125, "cum_gain_fwd": 0.0, "cum_loss_fwd": 5.646026611328125, "net_change_fwd": -5.646026611328125, "avg_grade_fwd": -0.07935785886612573, "n_samples": 16, "d_abs_above_3": 71.146408081054688, "d_abs_above_5": 71.146408081054688, "d_abs_above_8": 42.687844276428223, "d_abs_above_10": 0.0, "d_abs_above_15": 0.0, "grade_reliable": true, "max_abs_grade_reliable": 0.084975236734884274, "shortest_use": 50, "flat_use": 0, "flat_use_per_objective": 0.0, "unavoidability": 0.0, "barrier_score": 3.0228413428313581, "neighborhood": "Loring Heights" }, "geometry": { "type": "LineString", "coordinates": [ [ -84.407863599998421, 33.796213600137079 ], [ -84.4078594, 33.796577 ], [ -84.407856200001135, 33.796854799901453 ] ] } },
{ "type": "Feature", "properties": { "edge_id": 7447, "segment_id": "ea15e23d-db54-4ef6-8080-4f2aac4b8039", "u": "f2516479-4783-4158-acb2-e28a84bce0a5", "v": "6ada992a-716c-4be2-8bbd-6a8a13ea5e9e", "part": 0, "cls": "residential", "subclass": null, "name": "Sisk Street Northwest", "length_m": 80.670265647179264, "is_bridge": false, "is_tunnel": false, "is_structure": false, "walk_ok": true, "walk_oneway": false, "walk_restricted": false, "bike_ok": true, "bike_oneway": false, "bike_restricted": false, "bike_facility": "", "low_stress": true, "dem_gaps": [ ], "max_abs_grade": 0.1429569972213614, "elev_min": 267.21771240234375, "elev_max": 275.04571533203125, "cum_gain_fwd": 7.8280029296875, "cum_loss_fwd": -0.0, "net_change_fwd": 7.8280029296875, "avg_grade_fwd": 0.097037029821310836, "n_samples": 18, "d_abs_above_3": 80.670265197753906, "d_abs_above_5": 80.670265197753906, "d_abs_above_8": 61.68902587890625, "d_abs_above_10": 33.217164993286133, "d_abs_above_15": 0.0, "grade_reliable": true, "max_abs_grade_reliable": 0.1429569972213614, "shortest_use": 26, "flat_use": 0, "flat_use_per_objective": 0.0, "unavoidability": 0.0, "barrier_score": 2.9984185249122759, "neighborhood": "Almond Park" }, "geometry": { "type": "LineString", "coordinates": [ [ -84.461651, 33.781016 ], [ -84.461654, 33.780786 ], [ -84.462249, 33.780801 ] ] } },
{ "type": "Feature", "properties": { "edge_id": 107614, "segment_id": "0a74da41-167d-4324-8110-db96e7affbde", "u": "91d63ce2-5a40-4913-a398-2c8f687bf0e7", "v": "1e1a6d4e-294a-4c01-beca-2484b70c4df7", "part": 12, "cls": "footway", "subclass": null, "name": null, "length_m": 177.31216052405659, "is_bridge": false, "is_tunnel": false, "is_structure": false, "walk_ok": true, "walk_oneway": false, "walk_restricted": false, "bike_ok": true, "bike_oneway": false, "bike_restricted": false, "bike_facility": "shared_path", "low_stress": true, "dem_gaps": [ ], "max_abs_grade": 0.12011636156350783, "elev_min": 272.07769775390625, "elev_max": 282.19808959960938, "cum_gain_fwd": 0.0, "cum_loss_fwd": 10.120391845703125, "net_change_fwd": -10.120391845703125, "avg_grade_fwd": -0.057076692314245808, "n_samples": 37, "d_abs_above_3": 147.76013946533203, "d_abs_above_5": 118.20810699462891, "d_abs_above_8": 29.552024841308594, "d_abs_above_10": 19.70135498046875, "d_abs_above_15": 0.0, "grade_reliable": true, "max_abs_grade_reliable": 0.12011636156350783, "shortest_use": 14, "flat_use": 0, "flat_use_per_objective": 0.0, "unavoidability": 0.0, "barrier_score": 2.9817328216360051, "neighborhood": "Tuxedo Park" }, "geometry": { "type": "LineString", "coordinates": [ [ -84.391062178658075, 33.848152890081359 ], [ -84.3903315, 33.848344 ], [ -84.3893682, 33.8486225 ], [ -84.3892621, 33.8486545 ], [ -84.389245832047209, 33.848659227439278 ] ] } },
{ "type": "Feature", "properties": { "edge_id": 8934, "segment_id": "3f77a19f-c267-4126-8e2c-898d3b8129ae", "u": "478e76e1-c8fe-4e43-9042-f1c52a138923", "v": "3eba903a-e1cd-4b1b-9556-f2338fb6964e", "part": 0, "cls": "residential", "subclass": null, "name": "Larchmont Drive Northwest", "length_m": 117.09926395384296, "is_bridge": false, "is_tunnel": false, "is_structure": false, "walk_ok": true, "walk_oneway": false, "walk_restricted": false, "bike_ok": true, "bike_oneway": false, "bike_restricted": false, "bike_facility": "", "low_stress": true, "dem_gaps": [ ], "max_abs_grade": 0.11493651666703804, "elev_min": 276.87225341796875, "elev_max": 288.58566284179688, "cum_gain_fwd": 0.0, "cum_loss_fwd": 11.713409423828125, "net_change_fwd": -11.713409423828125, "avg_grade_fwd": -0.10002974244605395, "n_samples": 25, "d_abs_above_3": 117.09926605224609, "d_abs_above_5": 117.09926605224609, "d_abs_above_8": 97.582717895507812, "d_abs_above_10": 87.824447631835938, "d_abs_above_15": 0.0, "grade_reliable": true, "max_abs_grade_reliable": 0.11493651666703804, "shortest_use": 22, "flat_use": 0, "flat_use_per_objective": 0.0, "unavoidability": 0.0, "barrier_score": 2.9609759306883268, "neighborhood": "Collier Heights" }, "geometry": { "type": "LineString", "coordinates": [ [ -84.485053, 33.764618 ], [ -84.485036, 33.765067 ], [ -84.485082, 33.765672 ] ] } },
{ "type": "Feature", "properties": { "edge_id": 50852, "segment_id": "7945f088-f2bc-481c-b3fc-2aaaf4b85277", "u": "c6a548eb-3aca-402c-990b-2460a55b230f", "v": "c6cdb893-90c2-4b16-9dbc-44a8cb06268a", "part": 1, "cls": "residential", "subclass": null, "name": "Elm Street Northwest", "length_m": 137.30472671775715, "is_bridge": false, "is_tunnel": false, "is_structure": false, "walk_ok": true, "walk_oneway": false, "walk_restricted": false, "bike_ok": true, "bike_oneway": false, "bike_restricted": false, "bike_facility": "", "low_stress": true, "dem_gaps": [ ], "max_abs_grade": 0.14756131144174264, "elev_min": 289.12359619140625, "elev_max": 300.79812622070312, "cum_gain_fwd": 1.165496826171875, "cum_loss_fwd": 11.674530029296875, "net_change_fwd": -10.509033203125, "avg_grade_fwd": -0.07653802569189222, "n_samples": 29, "d_abs_above_3": 127.49725341796875, "d_abs_above_5": 112.78603076934814, "d_abs_above_8": 93.171070098876953, "d_abs_above_10": 63.748619079589844, "d_abs_above_15": 0.0, "grade_reliable": true, "max_abs_grade_reliable": 0.14756131144174264, "shortest_use": 14, "flat_use": 0, "flat_use_per_objective": 0.0, "unavoidability": 0.0, "barrier_score": 2.8365211758271256, "neighborhood": "Vine City" }, "geometry": { "type": "LineString", "coordinates": [ [ -84.408872599891311, 33.76012131025297 ], [ -84.40886, 33.76131 ], [ -84.408871, 33.7613579 ] ] } },
{ "type": "Feature", "properties": { "edge_id": 91796, "segment_id": "34e553d8-32be-4e6e-ad2b-2564d7d5b94a", "u": "a1a0b4a4-1ca4-4917-afe0-cd34788f0cac", "v": "dc434ba1-9912-41ba-9994-471cbb803af4", "part": 0, "cls": "residential", "subclass": null, "name": "North Pelham Road Northeast", "length_m": 309.77706088565549, "is_bridge": false, "is_tunnel": false, "is_structure": false, "walk_ok": true, "walk_oneway": false, "walk_restricted": false, "bike_ok": true, "bike_oneway": false, "bike_restricted": false, "bike_facility": "", "low_stress": true, "dem_gaps": [ ], "max_abs_grade": 0.090079387499255606, "elev_min": 263.62075805664062, "elev_max": 280.18197631835938, "cum_gain_fwd": 16.56121826171875, "cum_loss_fwd": -0.0, "net_change_fwd": 16.56121826171875, "avg_grade_fwd": 0.053461730754548298, "n_samples": 63, "d_abs_above_3": 214.84538269042969, "d_abs_above_5": 179.87055206298828, "d_abs_above_8": 74.946062088012695, "d_abs_above_10": 0.0, "d_abs_above_15": 0.0, "grade_reliable": true, "max_abs_grade_reliable": 0.090079387499255606, "shortest_use": 10, "flat_use": 7, "flat_use_per_objective": 2.3333333333333335, "unavoidability": 0.23333333333333334, "barrier_score": 2.7904527905899461, "neighborhood": "Morningside/Lenox Park" }, "geometry": { "type": "LineString", "coordinates": [ [ -84.360698, 33.799994 ], [ -84.360877, 33.800137 ], [ -84.361031, 33.800292 ], [ -84.362138, 33.801633 ], [ -84.362296, 33.801781 ], [ -84.362475, 33.801909 ], [ -84.362623, 33.801989 ], [ -84.3627764, 33.802051 ], [ -84.362806, 33.802063 ], [ -84.362855065038545, 33.802076434474834 ] ] } },
{ "type": "Feature", "properties": { "edge_id": 85436, "segment_id": "81b5e4e1-0afa-445f-8b53-8f25a1384584", "u": "30fbd45c-782c-40ea-8a98-df23b5eff829", "v": "970d76de-5a48-4105-9258-4b47913c7d62", "part": 1, "cls": "residential", "subclass": null, "name": "Hardee Street Northeast", "length_m": 109.43534880025076, "is_bridge": false, "is_tunnel": false, "is_structure": false, "walk_ok": true, "walk_oneway": false, "walk_restricted": false, "bike_ok": true, "bike_oneway": false, "bike_restricted": false, "bike_facility": "", "low_stress": true, "dem_gaps": [ ], "max_abs_grade": 0.090552737498672348, "elev_min": 302.65997314453125, "elev_max": 309.94879150390625, "cum_gain_fwd": 0.0, "cum_loss_fwd": 7.288818359375, "net_change_fwd": -7.288818359375, "avg_grade_fwd": -0.066603875791189426, "n_samples": 23, "d_abs_above_3": 109.43534851074219, "d_abs_above_5": 104.46101379394531, "d_abs_above_8": 19.897336959838867, "d_abs_above_10": 0.0, "d_abs_above_15": 0.0, "grade_reliable": true, "max_abs_grade_reliable": 0.090552737498672348, "shortest_use": 28, "flat_use": 0, "flat_use_per_objective": 0.0, "unavoidability": 0.0, "barrier_score": 2.7747077156357318, "neighborhood": "Edgewood" }, "geometry": { "type": "LineString", "coordinates": [ [ -84.341968400223664, 33.755399199998138 ], [ -84.3419684, 33.7553992 ], [ -84.3407877, 33.7554103 ], [ -84.34078769992044, 33.755410300000719 ] ] } },
{ "type": "Feature", "properties": { "edge_id": 9686, "segment_id": "141c2d1e-0919-4dd0-9d53-1ea810951f1a", "u": "b5dee8f5-3d0e-4a50-bed9-299020524321", "v": "d9589f1c-a03f-4881-b42b-9907216699d8", "part": 0, "cls": "residential", "subclass": null, "name": "Hortense Way Northwest", "length_m": 153.26954051876993, "is_bridge": false, "is_tunnel": false, "is_structure": false, "walk_ok": true, "walk_oneway": false, "walk_restricted": false, "bike_ok": true, "bike_oneway": false, "bike_restricted": false, "bike_facility": "", "low_stress": true, "dem_gaps": [ ], "max_abs_grade": 0.11073956512145028, "elev_min": 255.53599548339844, "elev_max": 262.00970458984375, "cum_gain_fwd": 6.4737091064453125, "cum_loss_fwd": 0.234832763671875, "net_change_fwd": 6.2388763427734375, "avg_grade_fwd": 0.04070525740360089, "n_samples": 32, "d_abs_above_3": 79.106868743896484, "d_abs_above_5": 64.274322509765625, "d_abs_above_8": 39.553428649902344, "d_abs_above_10": 19.776718139648438, "d_abs_above_15": 0.0, "grade_reliable": true, "max_abs_grade_reliable": 0.11073956512145028, "shortest_use": 16, "flat_use": 10, "flat_use_per_objective": 3.3333333333333335, "unavoidability": 0.20833333333333334, "barrier_score": 2.7156803621460939, "neighborhood": "Grove Park" }, "geometry": { "type": "LineString", "coordinates": [ [ -84.440389, 33.775894 ], [ -84.440367, 33.775892 ], [ -84.440188, 33.775905 ], [ -84.440057, 33.775947 ], [ -84.439957, 33.776003 ], [ -84.439873, 33.776075 ], [ -84.439791, 33.776173 ], [ -84.439571, 33.776926 ] ] } },
{ "type": "Feature", "properties": { "edge_id": 8906, "segment_id": "4d79fa76-5abd-499c-bd84-c0ff958188df", "u": "7548c7eb-2b1e-44ca-ac98-18f48f2cb15b", "v": "3dfd6a1c-be70-482b-a257-ec2dbabafc00", "part": 2, "cls": "secondary", "subclass": null, "name": "Collier Drive Northwest", "length_m": 381.39785699363364, "is_bridge": false, "is_tunnel": false, "is_structure": false, "walk_ok": true, "walk_oneway": false, "walk_restricted": false, "bike_ok": true, "bike_oneway": false, "bike_restricted": false, "bike_facility": "", "low_stress": false, "dem_gaps": [ ], "max_abs_grade": 0.087993740257659867, "elev_min": 273.70037841796875, "elev_max": 282.95706176757812, "cum_gain_fwd": 2.6456298828125, "cum_loss_fwd": 9.256683349609375, "net_change_fwd": -6.611053466796875, "avg_grade_fwd": -0.017333745677685676, "n_samples": 78, "d_abs_above_3": 163.45622253417969, "d_abs_above_5": 79.251502990722656, "d_abs_above_8": 29.719314575195312, "d_abs_above_10": 0.0, "d_abs_above_15": 0.0, "grade_reliable": true, "max_abs_grade_reliable": 0.087993740257659867, "shortest_use": 8, "flat_use": 0, "flat_use_per_objective": 0.0, "unavoidability": 0.0, "barrier_score": 2.6848499170500717, "neighborhood": "Collier Heights" }, "geometry": { "type": "LineString", "coordinates": [ [ -84.48634508619331, 33.763675489646403 ], [ -84.4863665, 33.76368930000001 ], [ -84.486439, 33.763736 ], [ -84.4874102, 33.7643696 ], [ -84.4879712, 33.7647332 ], [ -84.4883066, 33.764951699999983 ], [ -84.4885977, 33.7651399 ], [ -84.4890568, 33.7654384 ], [ -84.4894604, 33.7656935 ], [ -84.489595839249645, 33.765783947671366 ] ] } },
{ "type": "Feature", "properties": { "edge_id": 9184, "segment_id": "edcd46b9-5eb1-4409-9140-9e667e2576bb", "u": "eae8db91-74bd-4029-a2f2-886ff68f2da8", "v": "12b6d730-16ab-4641-a186-edd612faa864", "part": 0, "cls": "tertiary", "subclass": null, "name": "Baker Road Northwest", "length_m": 148.84119353606104, "is_bridge": false, "is_tunnel": false, "is_structure": false, "walk_ok": true, "walk_oneway": false, "walk_restricted": false, "bike_ok": true, "bike_oneway": false, "bike_restricted": false, "bike_facility": "", "low_stress": false, "dem_gaps": [ ], "max_abs_grade": 0.081169050224541586, "elev_min": 261.70932006835938, "elev_max": 267.69912719726562, "cum_gain_fwd": 0.0, "cum_loss_fwd": 5.98980712890625, "net_change_fwd": -5.98980712890625, "avg_grade_fwd": -0.04024294127729932, "n_samples": 31, "d_abs_above_3": 94.266090393066406, "d_abs_above_5": 69.459220886230469, "d_abs_above_8": 4.9613733291625977, "d_abs_above_10": 0.0, "d_abs_above_15": 0.0, "grade_reliable": true, "max_abs_grade_reliable": 0.081169050224541586, "shortest_use": 22, "flat_use": 0, "flat_use_per_objective": 0.0, "unavoidability": 0.0, "barrier_score": 2.6578856289940354, "neighborhood": "Grove Park" }, "geometry": { "type": "LineString", "coordinates": [ [ -84.456486, 33.770211 ], [ -84.457058, 33.770225 ], [ -84.457139, 33.770233 ], [ -84.457744, 33.770296 ], [ -84.458086, 33.770316 ] ] } },
{ "type": "Feature", "properties": { "edge_id": 102390, "segment_id": "f824e14b-5fbb-4786-95ba-3725992e678e", "u": "00268bd1-0d36-4705-9d70-ec8297b1f50b", "v": "1fe19b8b-528c-4b1d-a3e5-d76783d21fe2", "part": 2, "cls": "residential", "subclass": null, "name": "Garraux Road Northwest", "length_m": 28.552595308993279, "is_bridge": false, "is_tunnel": false, "is_structure": false, "walk_ok": true, "walk_oneway": false, "walk_restricted": false, "bike_ok": true, "bike_oneway": false, "bike_restricted": false, "bike_facility": "", "low_stress": true, "dem_gaps": [ ], "max_abs_grade": 0.13280513594636395, "elev_min": 269.64266967773438, "elev_max": 273.25372314453125, "cum_gain_fwd": 0.0, "cum_loss_fwd": 3.611053466796875, "net_change_fwd": -3.611053466796875, "avg_grade_fwd": -0.12647023674291069, "n_samples": 7, "d_abs_above_3": 28.552595138549805, "d_abs_above_5": 28.552595138549805, "d_abs_above_8": 28.552595138549805, "d_abs_above_10": 28.552595138549805, "d_abs_above_15": 0.0, "grade_reliable": true, "max_abs_grade_reliable": 0.13280513594636395, "shortest_use": 70, "flat_use": 178, "flat_use_per_objective": 59.333333333333336, "unavoidability": 0.84761904761904761, "barrier_score": 2.6543519111426566, "neighborhood": "Paces" }, "geometry": { "type": "LineString", "coordinates": [ [ -84.444316784785954, 33.853854146384023 ], [ -84.444605, 33.853857 ], [ -84.444621, 33.8538573 ], [ -84.444625204427538, 33.853857381057701 ] ] } },
{ "type": "Feature", "properties": { "edge_id": 60135, "segment_id": "aa8e7f4f-febb-48bb-96a2-17e30bd790d4", "u": "3acbbcde-2736-4212-a8be-41f74601db84", "v": "9bb36a95-b714-4eb9-88cb-90242b0479c9", "part": 0, "cls": "trunk", "subclass": null, "name": "Northside Drive Northwest", "length_m": 69.414492883564478, "is_bridge": false, "is_tunnel": false, "is_structure": false, "walk_ok": true, "walk_oneway": false, "walk_restricted": false, "bike_ok": true, "bike_oneway": false, "bike_restricted": false, "bike_facility": "", "low_stress": false, "dem_gaps": [ ], "max_abs_grade": 0.082655513804129388, "elev_min": 288.96737670898438, "elev_max": 294.337646484375, "cum_gain_fwd": 0.0, "cum_loss_fwd": 5.370269775390625, "net_change_fwd": -5.370269775390625, "avg_grade_fwd": -0.077365256087513531, "n_samples": 15, "d_abs_above_3": 69.41448974609375, "d_abs_above_5": 69.41448974609375, "d_abs_above_8": 29.749069213867188, "d_abs_above_10": 0.0, "d_abs_above_15": 0.0, "grade_reliable": true, "max_abs_grade_reliable": 0.082655513804129388, "shortest_use": 46, "flat_use": 0, "flat_use_per_objective": 0.0, "unavoidability": 0.0, "barrier_score": 2.6392456643822886, "neighborhood": "Loring Heights" }, "geometry": { "type": "LineString", "coordinates": [ [ -84.4078681, 33.7939802 ], [ -84.4078682, 33.7943953 ], [ -84.40786410014644, 33.7946057924812 ] ] } },
{ "type": "Feature", "properties": { "edge_id": 62139, "segment_id": "6b419ce8-a201-4a3a-a664-0179db520f89", "u": "911bc68d-b417-4dcf-808e-334ac2b3fe53", "v": "a39fb70a-34c9-4b5b-b71c-30fe4cb30fc1", "part": 1, "cls": "residential", "subclass": null, "name": "Dellwood Drive Northwest", "length_m": 108.35568895477084, "is_bridge": false, "is_tunnel": false, "is_structure": false, "walk_ok": true, "walk_oneway": false, "walk_restricted": false, "bike_ok": true, "bike_oneway": false, "bike_restricted": false, "bike_facility": "", "low_stress": true, "dem_gaps": [ ], "max_abs_grade": 0.092972966274451493, "elev_min": 254.54644775390625, "elev_max": 263.07565307617188, "cum_gain_fwd": 0.0, "cum_loss_fwd": 8.529205322265625, "net_change_fwd": -8.529205322265625, "avg_grade_fwd": -0.078714881720318056, "n_samples": 23, "d_abs_above_3": 108.35569000244141, "d_abs_above_5": 103.4304313659668, "d_abs_above_8": 59.103103637695312, "d_abs_above_10": 0.0, "d_abs_above_15": 0.0, "grade_reliable": true, "max_abs_grade_reliable": 0.092972966274451493, "shortest_use": 26, "flat_use": 11, "flat_use_per_objective": 3.6666666666666665, "unavoidability": 0.14102564102564102, "barrier_score": 2.6192789518575852, "neighborhood": "Collier Hills North" }, "geometry": { "type": "LineString", "coordinates": [ [ -84.399190992917411, 33.808880261752591 ], [ -84.398999, 33.809294 ], [ -84.398863, 33.809565 ], [ -84.398785, 33.809664 ], [ -84.398678, 33.809745 ] ] } },
{ "type": "Feature", "properties": { "edge_id": 45296, "segment_id": "9f48f1e1-ed61-4c3e-821b-9c651c768cc3", "u": "7988e446-05e0-4587-9f43-1604ad6caf0e", "v": "498470cb-25e9-49ff-9097-c95dcb7d6329", "part": 0, "cls": "tertiary", "subclass": null, "name": "Ormewood Avenue Southeast", "length_m": 207.2303142595371, "is_bridge": false, "is_tunnel": false, "is_structure": false, "walk_ok": true, "walk_oneway": false, "walk_restricted": false, "bike_ok": true, "bike_oneway": false, "bike_restricted": false, "bike_facility": "", "low_stress": false, "dem_gaps": [ ], "max_abs_grade": 0.090067355686267239, "elev_min": 293.3944091796875, "elev_max": 302.26513671875, "cum_gain_fwd": 0.104248046875, "cum_loss_fwd": 8.8707275390625, "net_change_fwd": -8.7664794921875, "avg_grade_fwd": -0.042303074446548523, "n_samples": 43, "d_abs_above_3": 138.15353870391846, "d_abs_above_5": 83.878936767578125, "d_abs_above_8": 34.53839111328125, "d_abs_above_10": 0.0, "d_abs_above_15": 0.0, "grade_reliable": true, "max_abs_grade_reliable": 0.090067355686267239, "shortest_use": 14, "flat_use": 2, "flat_use_per_objective": 0.66666666666666663, "unavoidability": 0.047619047619047616, "barrier_score": 2.6130560992746932, "neighborhood": "East Atlanta" }, "geometry": { "type": "LineString", "coordinates": [ [ -84.348074, 33.7340921 ], [ -84.3458388, 33.7340667 ] ] } },
{ "type": "Feature", "properties": { "edge_id": 6976, "segment_id": "473f6b12-80eb-41a5-99bb-d2d8d26ceb64", "u": "ea736afe-90cb-4eb4-b99c-bf5841848e8e", "v": "fd5f77c7-e41c-45ac-bfe2-45d83b669d57", "part": 1, "cls": "residential", "subclass": null, "name": "Stanfield Avenue", "length_m": 67.868381954276771, "is_bridge": false, "is_tunnel": false, "is_structure": false, "walk_ok": true, "walk_oneway": false, "walk_restricted": false, "bike_ok": true, "bike_oneway": false, "bike_restricted": false, "bike_facility": "", "low_stress": true, "dem_gaps": [ ], "max_abs_grade": 0.087100593205968024, "elev_min": 261.31637573242188, "elev_max": 265.4171142578125, "cum_gain_fwd": 0.0, "cum_loss_fwd": 4.100738525390625, "net_change_fwd": -4.100738525390625, "avg_grade_fwd": -0.060421925560203898, "n_samples": 15, "d_abs_above_3": 58.172897338867188, "d_abs_above_5": 48.4774169921875, "d_abs_above_8": 14.543224334716797, "d_abs_above_10": 0.0, "d_abs_above_15": 0.0, "grade_reliable": true, "max_abs_grade_reliable": 0.087100593205968024, "shortest_use": 44, "flat_use": 121, "flat_use_per_objective": 40.333333333333336, "unavoidability": 0.91666666666666674, "barrier_score": 2.6010055843845579, "neighborhood": "West Highlands" }, "geometry": { "type": "LineString", "coordinates": [ [ -84.448225395115145, 33.793009197654513 ], [ -84.4482254, 33.7930092 ], [ -84.4488604, 33.793314300000013 ] ] } },
{ "type": "Feature", "properties": { "edge_id": 51655, "segment_id": "db736fb2-6e17-4b9e-9dd5-99db705e761c", "u": "c45d649b-ce00-4927-affd-a5cc629afc6d", "v": "d88698ad-da16-4cda-bce8-801971f9182b", "part": 0, "cls": "residential", "subclass": null, "name": "Ollie Street Northwest", "length_m": 53.71213384274737, "is_bridge": false, "is_tunnel": false, "is_structure": false, "walk_ok": true, "walk_oneway": false, "walk_restricted": false, "bike_ok": true, "bike_oneway": false, "bike_restricted": false, "bike_facility": "", "low_stress": true, "dem_gaps": [ ], "max_abs_grade": 0.12614094139310181, "elev_min": 292.79986572265625, "elev_max": 298.1990966796875, "cum_gain_fwd": 0.0, "cum_loss_fwd": 5.39923095703125, "net_change_fwd": -5.39923095703125, "avg_grade_fwd": -0.10052162188996637, "n_samples": 12, "d_abs_above_3": 53.712135314941406, "d_abs_above_5": 53.712135314941406, "d_abs_above_8": 43.946292877197266, "d_abs_above_10": 34.180450439453125, "d_abs_above_15": 0.0, "grade_reliable": true, "max_abs_grade_reliable": 0.12614094139310181, "shortest_use": 38, "flat_use": 0, "flat_use_per_objective": 0.0, "unavoidability": 0.0, "barrier_score": 2.5746136683194458, "neighborhood": "Washington Park" }, "geometry": { "type": "LineString", "coordinates": [ [ -84.421278, 33.75957 ], [ -84.42129, 33.760054 ] ] } },
{ "type": "Feature", "properties": { "edge_id": 49297, "segment_id": "c109821e-d8be-41e1-bb63-eb4eb4e27efb", "u": "302f1d33-62a8-4a1c-876a-cbdc14ece698", "v": "6761a045-0476-417f-9049-bc1c823f0d9b", "part": 2, "cls": "residential", "subclass": null, "name": "Ollie Street Northwest", "length_m": 59.560753169346029, "is_bridge": false, "is_tunnel": false, "is_structure": false, "walk_ok": true, "walk_oneway": false, "walk_restricted": false, "bike_ok": true, "bike_oneway": false, "bike_restricted": false, "bike_facility": "", "low_stress": true, "dem_gaps": [ ], "max_abs_grade": 0.11153424920741666, "elev_min": 292.2442626953125, "elev_max": 297.87939453125, "cum_gain_fwd": 5.6351318359375, "cum_loss_fwd": -0.0, "net_change_fwd": 5.6351318359375, "avg_grade_fwd": 0.094611494390685391, "n_samples": 13, "d_abs_above_3": 59.560752868652344, "d_abs_above_5": 59.560752868652344, "d_abs_above_8": 49.633960723876953, "d_abs_above_10": 9.9267940521240234, "d_abs_above_15": 0.0, "grade_reliable": true, "max_abs_grade_reliable": 0.11153424920741666, "shortest_use": 38, "flat_use": 0, "flat_use_per_objective": 0.0, "unavoidability": 0.0, "barrier_score": 2.5243642770490831, "neighborhood": "Washington Park" }, "geometry": { "type": "LineString", "coordinates": [ [ -84.421285199995197, 33.758236200495617 ], [ -84.42128, 33.758773 ] ] } },
{ "type": "Feature", "properties": { "edge_id": 8936, "segment_id": "334039c7-1e70-4fb5-afd0-9ccf2e16f4d2", "u": "c9b50cd4-eb82-41b7-ad76-e1ee7b6177b5", "v": "457aa0a1-e891-41d3-86b4-c2d853e372a9", "part": 0, "cls": "residential", "subclass": null, "name": "Baker Ridge Drive Northwest", "length_m": 221.50555479817049, "is_bridge": false, "is_tunnel": false, "is_structure": false, "walk_ok": true, "walk_oneway": false, "walk_restricted": false, "bike_ok": true, "bike_oneway": false, "bike_restricted": false, "bike_facility": "", "low_stress": true, "dem_gaps": [ ], "max_abs_grade": 0.094565610249128462, "elev_min": 257.35995483398438, "elev_max": 263.98281860351562, "cum_gain_fwd": 4.69122314453125, "cum_loss_fwd": 6.62286376953125, "net_change_fwd": -1.931640625, "avg_grade_fwd": -0.0087205064991856211, "n_samples": 46, "d_abs_above_3": 157.51505279541016, "d_abs_above_5": 113.21394729614258, "d_abs_above_8": 34.4564208984375, "d_abs_above_10": 0.0, "d_abs_above_15": 0.0, "grade_reliable": true, "max_abs_grade_reliable": 0.094565610249128462, "shortest_use": 12, "flat_use": 0, "flat_use_per_objective": 0.0, "unavoidability": 0.0, "barrier_score": 2.5136169555672909, "neighborhood": "Collier Heights" }, "geometry": { "type": "LineString", "coordinates": [ [ -84.480597, 33.767433 ], [ -84.481859, 33.766838 ], [ -84.482679, 33.766452 ] ] } },
{ "type": "Feature", "properties": { "edge_id": 30603, "segment_id": "d6e35c75-3c88-4af8-a0be-31dfa18d96dd", "u": "c8a63534-611e-45a9-be8f-5c3343611ef6", "v": "3ce4b376-faa4-46ed-b906-337404247bf2", "part": 1, "cls": "residential", "subclass": null, "name": "Manford Road Southwest", "length_m": 80.188856893961344, "is_bridge": false, "is_tunnel": false, "is_structure": false, "walk_ok": true, "walk_oneway": false, "walk_restricted": false, "bike_ok": true, "bike_oneway": false, "bike_restricted": false, "bike_facility": "", "low_stress": true, "dem_gaps": [ ], "max_abs_grade": 0.12788680591105278, "elev_min": 288.43984985351562, "elev_max": 297.36279296875, "cum_gain_fwd": 8.922943115234375, "cum_loss_fwd": -0.0, "net_change_fwd": 8.922943115234375, "avg_grade_fwd": 0.11127410134271264, "n_samples": 18, "d_abs_above_3": 80.188858032226562, "d_abs_above_5": 80.188858032226562, "d_abs_above_8": 80.188858032226562, "d_abs_above_10": 56.603897094726562, "d_abs_above_15": 0.0, "grade_reliable": true, "max_abs_grade_reliable": 0.12788680591105278, "shortest_use": 24, "flat_use": 0, "flat_use_per_objective": 0.0, "unavoidability": 0.0, "barrier_score": 2.4612232266785328, "neighborhood": "Capitol View Manor" }, "geometry": { "type": "LineString", "coordinates": [ [ -84.401903786904626, 33.719137218750369 ], [ -84.4019061, 33.719136399999989 ], [ -84.4027, 33.718855 ] ] } },
{ "type": "Feature", "properties": { "edge_id": 12568, "segment_id": "1d77505f-86f1-42a6-8a17-a7509dc7c738", "u": "9ba33b7d-c98e-44c2-846c-cd55d7f134c5", "v": "38167226-dd27-4e94-a721-8b1f8b6bdd44", "part": 1, "cls": "tertiary", "subclass": null, "name": "Linkwood Road Northwest", "length_m": 141.21224968658962, "is_bridge": false, "is_tunnel": false, "is_structure": false, "walk_ok": true, "walk_oneway": false, "walk_restricted": false, "bike_ok": true, "bike_oneway": false, "bike_restricted": false, "bike_facility": "", "low_stress": false, "dem_gaps": [ ], "max_abs_grade": 0.12425410170617503, "elev_min": 277.65399169921875, "elev_max": 287.78976440429688, "cum_gain_fwd": 10.135772705078125, "cum_loss_fwd": 1.0677490234375, "net_change_fwd": 9.068023681640625, "avg_grade_fwd": 0.064215559891710891, "n_samples": 30, "d_abs_above_3": 111.99591827392578, "d_abs_above_5": 97.38775634765625, "d_abs_above_8": 77.910209655761719, "d_abs_above_10": 68.171432495117188, "d_abs_above_15": 0.0, "grade_reliable": true, "max_abs_grade_reliable": 0.12425410170617503, "shortest_use": 14, "flat_use": 5, "flat_use_per_objective": 1.6666666666666667, "unavoidability": 0.11904761904761905, "barrier_score": 2.4564681728601405, "neighborhood": "Collier Heights" }, "geometry": { "type": "LineString", "coordinates": [ [ -84.48324922709827, 33.762218591303601 ], [ -84.484436, 33.763017 ] ] } },
{ "type": "Feature", "properties": { "edge_id": 40126, "segment_id": "34def3f8-549a-4505-9d35-8f7304a17ae4", "u": "d38fba04-e826-45a3-b7a1-8c61db81af5d", "v": "4bfe2ce4-d634-4a81-acfa-c5e91268a318", "part": 3, "cls": "pedestrian", "subclass": null, "name": null, "length_m": 101.86069166798346, "is_bridge": false, "is_tunnel": false, "is_structure": false, "walk_ok": true, "walk_oneway": false, "walk_restricted": false, "bike_ok": true, "bike_oneway": false, "bike_restricted": false, "bike_facility": "car_free_street", "low_stress": true, "dem_gaps": [ ], "max_abs_grade": 0.080060965874996365, "elev_min": 299.72079467773438, "elev_max": 306.97616577148438, "cum_gain_fwd": 7.25537109375, "cum_loss_fwd": -0.0, "net_change_fwd": 7.25537109375, "avg_grade_fwd": 0.071228368331113165, "n_samples": 22, "d_abs_above_3": 101.86069488525391, "d_abs_above_5": 101.86069488525391, "d_abs_above_8": 4.8505058288574219, "d_abs_above_10": 0.0, "d_abs_above_15": 0.0, "grade_reliable": true, "max_abs_grade_reliable": 0.080060965874996365, "shortest_use": 30, "flat_use": 96, "flat_use_per_objective": 32.0, "unavoidability": 1.0, "barrier_score": 2.4465196078901847, "neighborhood": "Grant Park" }, "geometry": { "type": "LineString", "coordinates": [ [ -84.372103322744252, 33.741119622317534 ], [ -84.3714866, 33.7410504 ], [ -84.3710429, 33.7409507 ], [ -84.37102633876475, 33.740946980780798 ] ] } },
{ "type": "Feature", "properties": { "edge_id": 12474, "segment_id": "3fb7b05b-3f07-4577-9447-94d49c0e402a", "u": "ed9a7a9b-fcae-48b7-bef2-88456adbb068", "v": "abb03338-7fdc-4157-b29f-cf833f747c31", "part": 0, "cls": "tertiary", "subclass": null, "name": "Linkwood Road Northwest", "length_m": 45.472626786428151, "is_bridge": false, "is_tunnel": false, "is_structure": false, "walk_ok": true, "walk_oneway": false, "walk_restricted": false, "bike_ok": true, "bike_oneway": false, "bike_restricted": false, "bike_facility": "", "low_stress": false, "dem_gaps": "[25.46839579 45.47262679]", "max_abs_grade": 0.095372838522278028, "elev_min": 280.05743408203125, "elev_max": 282.70013427734375, "cum_gain_fwd": 2.6427001953125, "cum_loss_fwd": -0.0, "net_change_fwd": 2.6427001953125, "avg_grade_fwd": 0.058116287607035216, "n_samples": 11, "d_abs_above_3": 36.378100395202637, "d_abs_above_5": 27.283575057983398, "d_abs_above_8": 18.189052581787109, "d_abs_above_10": 0.0, "d_abs_above_15": 0.0, "grade_reliable": true, "max_abs_grade_reliable": 0.095372838522278028, "shortest_use": 56, "flat_use": 5, "flat_use_per_objective": 1.6666666666666667, "unavoidability": 0.029761904761904764, "barrier_score": 2.4286379553440627, "neighborhood": "Harland Terrace" }, "geometry": { "type": "LineString", "coordinates": [ [ -84.4818512, 33.754408399999988 ], [ -84.4819033, 33.7548159 ], [ -84.481903305108176, 33.754815937895529 ] ] } },
{ "type": "Feature", "properties": { "edge_id": 115365, "segment_id": "47a43f1f-0a0a-4306-9ad3-954556d360ca", "u": "b099fe63-7841-42ed-81d1-adf993f189fb", "v": "415d20c9-9ff7-46be-bad2-7c8d61367cbe", "part": 2, "cls": "tertiary", "subclass": null, "name": "Old Ivy Road Northeast", "length_m": 136.5547476071643, "is_bridge": false, "is_tunnel": false, "is_structure": false, "walk_ok": true, "walk_oneway": false, "walk_restricted": false, "bike_ok": true, "bike_oneway": false, "bike_restricted": false, "bike_facility": "", "low_stress": false, "dem_gaps": [ ], "max_abs_grade": 0.098499449339207054, "elev_min": 269.43704223632812, "elev_max": 281.04306030273438, "cum_gain_fwd": 0.0, "cum_loss_fwd": 11.60601806640625, "net_change_fwd": -11.60601806640625, "avg_grade_fwd": -0.084991684221206426, "n_samples": 29, "d_abs_above_3": 136.55474853515625, "d_abs_above_5": 136.55474853515625, "d_abs_above_8": 107.29301977157593, "d_abs_above_10": 0.0, "d_abs_above_15": 0.0, "grade_reliable": true, "max_abs_grade_reliable": 0.098499449339207054, "shortest_use": 18, "flat_use": 6, "flat_use_per_objective": 2.0, "unavoidability": 0.1111111111111111, "barrier_score": 2.4211021399128154, "neighborhood": "North Buckhead" }, "geometry": { "type": "LineString", "coordinates": [ [ -84.375477902869321, 33.857437763217085 ], [ -84.375256, 33.857497 ], [ -84.375011, 33.857532 ], [ -84.374856, 33.85754 ], [ -84.374701, 33.857537 ], [ -84.374266, 33.857494 ], [ -84.3740284, 33.8574518 ], [ -84.374026140982139, 33.857451398790694 ] ] } },
{ "type": "Feature", "properties": { "edge_id": 54634, "segment_id": "553cadf7-10b8-4346-8083-4cfe9c1983fa", "u": "db5d6008-bdf2-4be9-99f0-8f475dcca6d4", "v": "6eb1fcfd-7772-4664-8490-41783496cfa8", "part": 2, "cls": "service", "subclass": null, "name": null, "length_m": 269.38100926444707, "is_bridge": false, "is_tunnel": false, "is_structure": false, "walk_ok": true, "walk_oneway": false, "walk_restricted": false, "bike_ok": true, "bike_oneway": false, "bike_restricted": false, "bike_facility": "", "low_stress": false, "dem_gaps": [ ], "max_abs_grade": 0.14962927617090002, "elev_min": 269.197998046875, "elev_max": 278.57342529296875, "cum_gain_fwd": 9.888427734375, "cum_loss_fwd": 2.584625244140625, "net_change_fwd": 7.303802490234375, "avg_grade_fwd": 0.027113278835111554, "n_samples": 55, "d_abs_above_3": 154.6446418762207, "d_abs_above_5": 114.73633575439453, "d_abs_above_8": 59.862464904785156, "d_abs_above_10": 29.931228637695312, "d_abs_above_15": 0.0, "grade_reliable": true, "max_abs_grade_reliable": 0.14962927617090002, "shortest_use": 6, "flat_use": 0, "flat_use_per_objective": 0.0, "unavoidability": 0.0, "barrier_score": 2.4184371258255437, "neighborhood": "Grove Park" }, "geometry": { "type": "LineString", "coordinates": [ [ -84.430429121982996, 33.777737497185832 ], [ -84.430306, 33.7777537 ], [ -84.4301891, 33.7777921 ], [ -84.4300414, 33.7778969 ], [ -84.429926, 33.778015499999988 ], [ -84.4297753, 33.7782017 ], [ -84.4296401, 33.7783816 ], [ -84.4295493, 33.778541199999985 ], [ -84.4294773, 33.77868 ], [ -84.4294436, 33.7787821 ], [ -84.4294124, 33.7788836 ], [ -84.4293936, 33.7790279 ], [ -84.4294051, 33.7791179 ], [ -84.4294222, 33.7792168 ], [ -84.429434, 33.7793206 ], [ -84.4294441, 33.7793919 ], [ -84.4294508, 33.7794473 ], [ -84.4294615, 33.7795365 ], [ -84.4294587, 33.779643299999989 ], [ -84.4294201, 33.779678600000011 ], [ -84.4293038, 33.7797226 ], [ -84.429291553960496, 33.779723319845097 ] ] } },
{ "type": "Feature", "properties": { "edge_id": 79557, "segment_id": "00c5cdb5-3b7a-4f76-a78a-306fdcac59ef", "u": "c5f5d8ea-8396-467d-ba7e-ebced1c58b26", "v": "43899229-1d4d-426a-b0e5-d945250df41d", "part": 2, "cls": "footway", "subclass": null, "name": null, "length_m": 208.86170229482337, "is_bridge": false, "is_tunnel": false, "is_structure": false, "walk_ok": true, "walk_oneway": false, "walk_restricted": false, "bike_ok": true, "bike_oneway": false, "bike_restricted": false, "bike_facility": "shared_path", "low_stress": true, "dem_gaps": [ ], "max_abs_grade": 0.081999607246305659, "elev_min": 290.42251586914062, "elev_max": 297.8565673828125, "cum_gain_fwd": 1.92193603515625, "cum_loss_fwd": 7.434051513671875, "net_change_fwd": -5.512115478515625, "avg_grade_fwd": -0.026391220723086514, "n_samples": 43, "d_abs_above_3": 183.99722671508789, "d_abs_above_5": 69.620561599731445, "d_abs_above_8": 9.94580078125, "d_abs_above_10": 0.0, "d_abs_above_15": 0.0, "grade_reliable": true, "max_abs_grade_reliable": 0.081999607246305659, "shortest_use": 14, "flat_use": 0, "flat_use_per_objective": 0.0, "unavoidability": 0.0, "barrier_score": 2.3977208579758469, "neighborhood": "Old Fourth Ward" }, "geometry": { "type": "LineString", "coordinates": [ [ -84.378282233431392, 33.764227008241271 ], [ -84.3787078, 33.7642417 ], [ -84.3797402, 33.764271 ], [ -84.3802758, 33.7642824 ], [ -84.3804254, 33.7642838 ], [ -84.3804647, 33.7642783 ], [ -84.3804813, 33.76427910000001 ], [ -84.3805157, 33.7642806 ], [ -84.380534304120332, 33.764280496283639 ] ] } },
{ "type": "Feature", "properties": { "edge_id": 67662, "segment_id": "b7e07f87-2cf3-418b-9007-7ac2bf17ca64", "u": "d307af46-90d1-4a82-ab97-58cd0c7bb1ce", "v": "e07f53db-553f-4d1b-9c3c-140efe9f6b0e", "part": 1, "cls": "footway", "subclass": null, "name": null, "length_m": 98.339996132478745, "is_bridge": false, "is_tunnel": false, "is_structure": false, "walk_ok": true, "walk_oneway": false, "walk_restricted": false, "bike_ok": true, "bike_oneway": false, "bike_restricted": false, "bike_facility": "shared_path", "low_stress": true, "dem_gaps": [ ], "max_abs_grade": 0.12152414113061517, "elev_min": 299.2073974609375, "elev_max": 307.55831909179688, "cum_gain_fwd": 0.0, "cum_loss_fwd": 8.350921630859375, "net_change_fwd": -8.350921630859375, "avg_grade_fwd": -0.084918872705324125, "n_samples": 21, "d_abs_above_3": 98.339996337890625, "d_abs_above_5": 83.588996887207031, "d_abs_above_8": 54.086997985839844, "d_abs_above_10": 34.418998718261719, "d_abs_above_15": 0.0, "grade_reliable": true, "max_abs_grade_reliable": 0.12152414113061517, "shortest_use": 20, "flat_use": 0, "flat_use_per_objective": 0.0, "unavoidability": 0.0, "barrier_score": 2.3901367137574998, "neighborhood": "Downtown" }, "geometry": { "type": "LineString", "coordinates": [ [ -84.38770789170421, 33.769674686113483 ], [ -84.3877095, 33.7696746 ], [ -84.3878684, 33.769657 ], [ -84.3880043, 33.7696386 ], [ -84.3881138, 33.7696091 ], [ -84.3882115, 33.7695864 ], [ -84.3883764, 33.7695475 ], [ -84.3885517, 33.7695387 ], [ -84.3886732, 33.769536 ], [ -84.388749865195123, 33.769533893399924 ] ] } },
{ "type": "Feature", "properties": { "edge_id": 48697, "segment_id": "3943579a-bd49-4a54-9e97-216433ebeb79", "u": "64fa889e-332b-45bf-b1d8-3fff58a6d1bc", "v": "98a67706-0ecf-49a3-8297-0220ee847179", "part": 0, "cls": "residential", "subclass": null, "name": "North Avenue Northwest", "length_m": 69.126888815068128, "is_bridge": false, "is_tunnel": false, "is_structure": false, "walk_ok": true, "walk_oneway": false, "walk_restricted": false, "bike_ok": true, "bike_oneway": false, "bike_restricted": false, "bike_facility": "", "low_stress": true, "dem_gaps": [ ], "max_abs_grade": 0.086380113290460553, "elev_min": 262.48458862304688, "elev_max": 266.46334838867188, "cum_gain_fwd": 3.978759765625, "cum_loss_fwd": -0.0, "net_change_fwd": 3.978759765625, "avg_grade_fwd": 0.057557336158753282, "n_samples": 15, "d_abs_above_3": 64.189257144927979, "d_abs_above_5": 39.501083374023438, "d_abs_above_8": 9.875274658203125, "d_abs_above_10": 0.0, "d_abs_above_15": 0.0, "grade_reliable": true, "max_abs_grade_reliable": 0.086380113290460553, "shortest_use": 40, "flat_use": 7, "flat_use_per_objective": 2.3333333333333335, "unavoidability": 0.058333333333333334, "barrier_score": 2.3884753949050621, "neighborhood": "Grove Park" }, "geometry": { "type": "LineString", "coordinates": [ [ -84.438846, 33.768043 ], [ -84.439592, 33.768046 ] ] } },
{ "type": "Feature", "properties": { "edge_id": 7261, "segment_id": "29326fcd-9ad0-4fbb-9421-248911317371", "u": "4ce9bf87-6fcc-476d-9e8d-70343521f31a", "v": "18287e5f-9277-4d61-89d9-1d62d60710fd", "part": 1, "cls": "tertiary", "subclass": null, "name": "Johnson Road", "length_m": 138.89883343269855, "is_bridge": false, "is_tunnel": false, "is_structure": false, "walk_ok": true, "walk_oneway": false, "walk_restricted": false, "bike_ok": true, "bike_oneway": false, "bike_restricted": false, "bike_facility": "", "low_stress": false, "dem_gaps": [ ], "max_abs_grade": 0.12220742349347745, "elev_min": 260.239501953125, "elev_max": 269.90679931640625, "cum_gain_fwd": 9.66729736328125, "cum_loss_fwd": 0.483062744140625, "net_change_fwd": 9.184234619140625, "avg_grade_fwd": 0.06612175451401392, "n_samples": 29, "d_abs_above_3": 109.13479709625244, "d_abs_above_5": 89.292106628417969, "d_abs_above_8": 69.449417114257812, "d_abs_above_10": 59.528068542480469, "d_abs_above_15": 0.0, "grade_reliable": true, "max_abs_grade_reliable": 0.12220742349347745, "shortest_use": 14, "flat_use": 5, "flat_use_per_objective": 1.6666666666666667, "unavoidability": 0.11904761904761905, "barrier_score": 2.3764255984083689, "neighborhood": "Rockdale" }, "geometry": { "type": "LineString", "coordinates": [ [ -84.448042702852419, 33.785242272919852 ], [ -84.447883300000015, 33.7852881 ], [ -84.447689, 33.785344 ], [ -84.447348, 33.785409 ], [ -84.446943, 33.785446 ], [ -84.4467018, 33.7854453 ], [ -84.446575, 33.785445 ] ] } },
{ "type": "Feature", "properties": { "edge_id": 50862, "segment_id": "d9a07ab3-53b7-4aa5-90de-a76f2cf3db84", "u": "1c9dfc17-ac17-462b-8faa-6fd197f78dc5", "v": "5903ce31-d0ff-4ff4-aa88-019196be8f2e", "part": 0, "cls": "footway", "subclass": null, "name": null, "length_m": 93.172840308753109, "is_bridge": false, "is_tunnel": false, "is_structure": false, "walk_ok": true, "walk_oneway": false, "walk_restricted": false, "bike_ok": true, "bike_oneway": false, "bike_restricted": false, "bike_facility": "shared_path", "low_stress": true, "dem_gaps": [ ], "max_abs_grade": 0.12488733805681303, "elev_min": 291.56036376953125, "elev_max": 301.780029296875, "cum_gain_fwd": 0.0, "cum_loss_fwd": 10.21966552734375, "net_change_fwd": -10.21966552734375, "avg_grade_fwd": -0.10968502297387292, "n_samples": 20, "d_abs_above_3": 93.172843933105469, "d_abs_above_5": 93.172843933105469, "d_abs_above_8": 83.36517333984375, "d_abs_above_10": 78.461341857910156, "d_abs_above_15": 0.0, "grade_reliable": true, "max_abs_grade_reliable": 0.12488733805681303, "shortest_use": 20, "flat_use": 0, "flat_use_per_objective": 0.0, "unavoidability": 0.0, "barrier_score": 2.3272216010705411, "neighborhood": "Vine City" }, "geometry": { "type": "LineString", "coordinates": [ [ -84.4098865, 33.7589009 ], [ -84.4098596, 33.7588904 ], [ -84.4098269, 33.758885799999987 ], [ -84.4089296, 33.7588258 ], [ -84.4088876, 33.7588241 ], [ -84.408887289743049, 33.758824067255198 ] ] } },
{ "type": "Feature", "properties": { "edge_id": 77994, "segment_id": "e66237c5-58ff-43b1-990d-02c0c2763147", "u": "cee35631-01da-4a06-b669-66db79dbba2f", "v": "c5b631a1-dfb2-403c-9403-31528b1b01ee", "part": 1, "cls": "tertiary", "subclass": null, "name": "Ellis Street Northeast", "length_m": 59.433859709105924, "is_bridge": false, "is_tunnel": false, "is_structure": false, "walk_ok": true, "walk_oneway": true, "walk_restricted": false, "bike_ok": true, "bike_oneway": true, "bike_restricted": false, "bike_facility": "", "low_stress": false, "dem_gaps": [ ], "max_abs_grade": 0.08055134508977535, "elev_min": 324.244384765625, "elev_max": 327.52838134765625, "cum_gain_fwd": 0.0830078125, "cum_loss_fwd": 3.28399658203125, "net_change_fwd": -3.20098876953125, "avg_grade_fwd": -0.053857998245212042, "n_samples": 13, "d_abs_above_3": 44.575395584106445, "d_abs_above_5": 39.622573852539062, "d_abs_above_8": 9.9056434631347656, "d_abs_above_10": 0.0, "d_abs_above_15": 0.0, "grade_reliable": true, "max_abs_grade_reliable": 0.08055134508977535, "shortest_use": 48, "flat_use": 2, "flat_use_per_objective": 0.66666666666666663, "unavoidability": 0.013888888888888888, "barrier_score": 2.2979891248538333, "neighborhood": "Downtown" }, "geometry": { "type": "LineString", "coordinates": [ [ -84.387512673978705, 33.758434200010505 ], [ -84.3872649, 33.7584343 ], [ -84.3870052, 33.7584316 ], [ -84.3869473, 33.758431 ], [ -84.3868714, 33.7584302 ], [ -84.386871391872077, 33.758430199915246 ] ] } },
{ "type": "Feature", "properties": { "edge_id": 79256, "segment_id": "c3ba32dd-4a88-4ea8-a94c-c1ebc3b82564", "u": "1bef5d4a-4d04-408b-b969-041005b80abe", "v": "a43d7134-68c3-452d-96ac-69445258a838", "part": 1, "cls": "tertiary", "subclass": null, "name": "Andrew Young International Boulevard Northeast", "length_m": 155.51722615670147, "is_bridge": false, "is_tunnel": false, "is_structure": false, "walk_ok": true, "walk_oneway": true, "walk_restricted": false, "bike_ok": true, "bike_oneway": true, "bike_restricted": false, "bike_facility": "", "low_stress": false, "dem_gaps": [ ], "max_abs_grade": 0.10462816933082077, "elev_min": 307.838623046875, "elev_max": 318.52566528320312, "cum_gain_fwd": 10.687042236328125, "cum_loss_fwd": -0.0, "net_change_fwd": 10.687042236328125, "avg_grade_fwd": 0.068719346599781378, "n_samples": 33, "d_abs_above_3": 145.79739379882812, "d_abs_above_5": 126.35774993896484, "d_abs_above_8": 48.599132061004639, "d_abs_above_10": 9.7198266983032227, "d_abs_above_15": 0.0, "grade_reliable": true, "max_abs_grade_reliable": 0.10462816933082077, "shortest_use": 14, "flat_use": 33, "flat_use_per_objective": 11.0, "unavoidability": 0.7857142857142857, "barrier_score": 2.2780075741056076, "neighborhood": "Downtown" }, "geometry": { "type": "LineString", "coordinates": [ [ -84.384307306471939, 33.759668100066499 ], [ -84.3846577, 33.7596717 ], [ -84.3854883, 33.7596804 ], [ -84.3859853, 33.7596844 ], [ -84.385985300836197, 33.759684400006549 ] ] } },
{ "type": "Feature", "properties": { "edge_id": 52230, "segment_id": "48320fcf-077d-4745-895a-96f9fa6e7627", "u": "c5be8ede-489c-4ad7-92a4-d34c1f367ed3", "v": "3f6d8f73-f47f-417e-9adc-1f9687b40932", "part": 0, "cls": "residential", "subclass": null, "name": "Paines Avenue Northwest", "length_m": 87.451439058291655, "is_bridge": false, "is_tunnel": false, "is_structure": false, "walk_ok": true, "walk_oneway": false, "walk_restricted": false, "bike_ok": true, "bike_oneway": false, "bike_restricted": false, "bike_facility": "", "low_stress": true, "dem_gaps": [ ], "max_abs_grade": 0.081375436458613865, "elev_min": 289.0546875, "elev_max": 292.24758911132812, "cum_gain_fwd": 3.192901611328125, "cum_loss_fwd": 0.09539794921875, "net_change_fwd": 3.097503662109375, "avg_grade_fwd": 0.035419699217487381, "n_samples": 19, "d_abs_above_3": 48.584133148193359, "d_abs_above_5": 38.867305755615234, "d_abs_above_8": 4.8584098815917969, "d_abs_above_10": 0.0, "d_abs_above_15": 0.0, "grade_reliable": true, "max_abs_grade_reliable": 0.081375436458613865, "shortest_use": 32, "flat_use": 0, "flat_use_per_objective": 0.0, "unavoidability": 0.0, "barrier_score": 2.2772476871367537, "neighborhood": "English Avenue" }, "geometry": { "type": "LineString", "coordinates": [ [ -84.414462, 33.771338 ], [ -84.414441300002707, 33.772125999896851 ] ] } },
{ "type": "Feature", "properties": { "edge_id": 85428, "segment_id": "677a267f-c294-48bc-b2f5-0a6eaa818865", "u": "f8dfa521-7de6-4f1d-aebe-e15d17779922", "v": "b1a2b355-a58d-4b0b-b269-456e89fe252d", "part": 1, "cls": "residential", "subclass": null, "name": "Hardee Street Northeast", "length_m": 82.563295441544085, "is_bridge": false, "is_tunnel": false, "is_structure": false, "walk_ok": true, "walk_oneway": false, "walk_restricted": false, "bike_ok": true, "bike_oneway": false, "bike_restricted": false, "bike_facility": "", "low_stress": true, "dem_gaps": [ ], "max_abs_grade": 0.09801240235794037, "elev_min": 294.41806030273438, "elev_max": 299.098876953125, "cum_gain_fwd": 4.680816650390625, "cum_loss_fwd": 0.2220458984375, "net_change_fwd": 4.458770751953125, "avg_grade_fwd": 0.054004274360416847, "n_samples": 18, "d_abs_above_3": 58.279972076416016, "d_abs_above_5": 53.423307418823242, "d_abs_above_8": 29.139984130859375, "d_abs_above_10": 0.0, "d_abs_above_15": 0.0, "grade_reliable": true, "max_abs_grade_reliable": 0.09801240235794037, "shortest_use": 28, "flat_use": 0, "flat_use_per_objective": 0.0, "unavoidability": 0.0, "barrier_score": 2.2658235411879541, "neighborhood": "Edgewood" }, "geometry": { "type": "LineString", "coordinates": [ [ -84.339621848838789, 33.755422402024294 ], [ -84.339354, 33.755433 ], [ -84.3387314, 33.755425099999989 ], [ -84.338731388297347, 33.755425099850996 ] ] } },
{ "type": "Feature", "properties": { "edge_id": 51339, "segment_id": "e053267d-8c3a-4510-a8a5-da75c046eb67", "u": "258f421a-b9a4-4446-a192-7f554efc90e8", "v": "fc385b78-eed9-4455-a6ba-9e50c6e7b20a", "part": 0, "cls": "residential", "subclass": null, "name": "Oliver Street Northwest", "length_m": 50.817452703852986, "is_bridge": false, "is_tunnel": false, "is_structure": false, "walk_ok": true, "walk_oneway": false, "walk_restricted": false, "bike_ok": true, "bike_oneway": false, "bike_restricted": false, "bike_facility": "", "low_stress": true, "dem_gaps": [ ], "max_abs_grade": 0.13401329761759276, "elev_min": 283.29818725585938, "elev_max": 289.10202026367188, "cum_gain_fwd": 0.0, "cum_loss_fwd": 5.8038330078125, "net_change_fwd": -5.8038330078125, "avg_grade_fwd": -0.11420944654088995, "n_samples": 12, "d_abs_above_3": 50.817451477050781, "d_abs_above_5": 50.817451477050781, "d_abs_above_8": 50.817451477050781, "d_abs_above_10": 36.958146095275879, "d_abs_above_15": 0.0, "grade_reliable": true, "max_abs_grade_reliable": 0.13401329761759276, "shortest_use": 32, "flat_use": 0, "flat_use_per_objective": 0.0, "unavoidability": 0.0, "barrier_score": 2.1792686122782059, "neighborhood": "English Avenue" }, "geometry": { "type": "LineString", "coordinates": [ [ -84.415505, 33.768251 ], [ -84.415501, 33.768709 ] ] } },
{ "type": "Feature", "properties": { "edge_id": 45991, "segment_id": "ea1c38fa-cdbe-4c37-8e98-022a614c2eda", "u": "f28cdeb8-94b8-4f31-ab0d-88b0ed0d18ff", "v": "7a76f848-2995-4dc7-9aad-3d8cc08f1406", "part": 0, "cls": "residential", "subclass": null, "name": "Van Epps Avenue Southeast", "length_m": 372.57838986170918, "is_bridge": false, "is_tunnel": false, "is_structure": false, "walk_ok": true, "walk_oneway": false, "walk_restricted": false, "bike_ok": true, "bike_oneway": false, "bike_restricted": false, "bike_facility": "", "low_stress": true, "dem_gaps": [ ], "max_abs_grade": 0.09661387622710127, "elev_min": 293.42724609375, "elev_max": 309.98068237304688, "cum_gain_fwd": 1.347747802734375, "cum_loss_fwd": 16.553436279296875, "net_change_fwd": -15.2056884765625, "avg_grade_fwd": -0.040812050538925317, "n_samples": 76, "d_abs_above_3": 288.12728977203369, "d_abs_above_5": 149.03135108947754, "d_abs_above_8": 39.741695404052734, "d_abs_above_10": 0.0, "d_abs_above_15": 0.0, "grade_reliable": true, "max_abs_grade_reliable": 0.09661387622710127, "shortest_use": 6, "flat_use": 2, "flat_use_per_objective": 0.66666666666666663, "unavoidability": 0.1111111111111111, "barrier_score": 2.1597745465795111, "neighborhood": "East Atlanta" }, "geometry": { "type": "LineString", "coordinates": [ [ -84.339065, 33.737043 ], [ -84.338913, 33.73709 ], [ -84.338721, 33.737138 ], [ -84.338458, 33.737173 ], [ -84.338228, 33.737177 ], [ -84.337808, 33.737175 ], [ -84.336773, 33.737151 ], [ -84.336437, 33.737134 ], [ -84.33588, 33.737062 ], [ -84.335372, 33.737043 ], [ -84.335162, 33.737042 ], [ -84.335076, 33.737038 ] ] } },
{ "type": "Feature", "properties": { "edge_id": 18828, "segment_id": "465fd21e-f1b6-4e87-8590-7eb0f04c82a7", "u": "c19ffc58-f766-4b0c-ad29-0e69c2d5c0d2", "v": "d560bc29-19b9-4867-9723-951666799ea3", "part": 1, "cls": "secondary", "subclass": null, "name": "Ralph David Abernathy Boulevard", "length_m": 39.799351126939086, "is_bridge": false, "is_tunnel": false, "is_structure": false, "walk_ok": true, "walk_oneway": false, "walk_restricted": false, "bike_ok": true, "bike_oneway": false, "bike_restricted": false, "bike_facility": "", "low_stress": false, "dem_gaps": [ ], "max_abs_grade": 0.24635910884142484, "elev_min": 309.8748779296875, "elev_max": 312.85809326171875, "cum_gain_fwd": 2.98321533203125, "cum_loss_fwd": 2.947784423828125, "net_change_fwd": 0.035430908203125, "avg_grade_fwd": 0.00089023834674841114, "n_samples": 9, "d_abs_above_3": 34.824432373046875, "d_abs_above_5": 34.824432373046875, "d_abs_above_8": 29.849514007568359, "d_abs_above_10": 29.849514007568359, "d_abs_above_15": 24.874593734741211, "grade_reliable": true, "max_abs_grade_reliable": 0.24635910884142484, "shortest_use": 22, "flat_use": 4, "flat_use_per_objective": 1.3333333333333333, "unavoidability": 0.060606060606060601, "barrier_score": 2.1570851887419273, "neighborhood": "West End" }, "geometry": { "type": "LineString", "coordinates": [ [ -84.433273102839152, 33.738910659180945 ], [ -84.433213, 33.738928699999988 ], [ -84.4329815, 33.738998199999983 ], [ -84.4328694, 33.7390328 ] ] } },
{ "type": "Feature", "properties": { "edge_id": 32778, "segment_id": "56a40e1e-c4db-4796-80b1-7a8117a85ce2", "u": "143ea6cf-800f-4dba-b373-f4e1fa54399e", "v": "5944e996-e78a-48b1-bace-40b4ab08561f", "part": 1, "cls": "secondary", "subclass": null, "name": "Capitol Avenue Southeast", "length_m": 44.503961531713855, "is_bridge": true, "is_tunnel": false, "is_structure": true, "walk_ok": true, "walk_oneway": false, "walk_restricted": false, "bike_ok": true, "bike_oneway": false, "bike_restricted": false, "bike_facility": "", "low_stress": false, "dem_gaps": [ ], "max_abs_grade": 0.083173901773701819, "elev_min": 313.561767578125, "elev_max": 317.2630615234375, "cum_gain_fwd": 3.7012939453125, "cum_loss_fwd": -0.0, "net_change_fwd": 3.7012939453125, "avg_grade_fwd": 0.083167744487052872, "n_samples": 10, "d_abs_above_3": 44.503959655761719, "d_abs_above_5": 44.503959655761719, "d_abs_above_8": 44.503959655761719, "d_abs_above_10": 0.0, "d_abs_above_15": 0.0, "grade_reliable": true, "max_abs_grade_reliable": 0.083173901773701819, "shortest_use": 58, "flat_use": 60, "flat_use_per_objective": 20.0, "unavoidability": 0.34482758620689657, "barrier_score": 2.146909512488036, "neighborhood": "Downtown" }, "geometry": { "type": "LineString", "coordinates": [ [ -84.387710800005252, 33.747524799089902 ], [ -84.3877108, 33.7475248 ], [ -84.387709, 33.747866 ], [ -84.3877088, 33.7479259 ] ] } },
{ "type": "Feature", "properties": { "edge_id": 101857, "segment_id": "f22075e0-c484-4fa8-8e79-d290855f1981", "u": "630335cc-d7fc-4c16-9ecf-781336084222", "v": "23511faf-da3d-4993-a275-6927f35f03f5", "part": 1, "cls": "tertiary", "subclass": null, "name": "West Wesley Road Northwest", "length_m": 161.47983395703002, "is_bridge": false, "is_tunnel": false, "is_structure": false, "walk_ok": true, "walk_oneway": false, "walk_restricted": false, "bike_ok": true, "bike_oneway": false, "bike_restricted": false, "bike_facility": "", "low_stress": false, "dem_gaps": [ ], "max_abs_grade": 0.08267823342864894, "elev_min": 259.65731811523438, "elev_max": 271.04421997070312, "cum_gain_fwd": 0.0, "cum_loss_fwd": 11.38690185546875, "net_change_fwd": -11.38690185546875, "avg_grade_fwd": -0.070515940008742534, "n_samples": 34, "d_abs_above_3": 161.47982788085938, "d_abs_above_5": 161.47982788085938, "d_abs_above_8": 29.359970092773438, "d_abs_above_10": 0.0, "d_abs_above_15": 0.0, "grade_reliable": true, "max_abs_grade_reliable": 0.08267823342864894, "shortest_use": 16, "flat_use": 3, "flat_use_per_objective": 1.0, "unavoidability": 0.0625, "barrier_score": 2.1361387849470082, "neighborhood": "Margaret Mitchell" }, "geometry": { "type": "LineString", "coordinates": [ [ -84.434607195763803, 33.837030246226476 ], [ -84.434784, 33.837136 ], [ -84.434972, 33.837231 ], [ -84.435125, 33.837288 ], [ -84.435678, 33.837464 ], [ -84.436192, 33.837621 ] ] } },
{ "type": "Feature", "properties": { "edge_id": 7407, "segment_id": "be627bd8-4ea7-490c-b06d-c916cd6318ca", "u": "79c61871-1e3d-4a1b-b719-9ce4eb7d0a39", "v": "53187caf-7d19-4d57-bdc3-4fe97a01396d", "part": 0, "cls": "residential", "subclass": null, "name": "Hollywood Drive Northwest", "length_m": 94.142287933428648, "is_bridge": false, "is_tunnel": false, "is_structure": false, "walk_ok": true, "walk_oneway": false, "walk_restricted": false, "bike_ok": true, "bike_oneway": false, "bike_restricted": false, "bike_facility": "", "low_stress": true, "dem_gaps": [ ], "max_abs_grade": 0.086406351288719721, "elev_min": 260.72293090820312, "elev_max": 266.86117553710938, "cum_gain_fwd": 6.13824462890625, "cum_loss_fwd": -0.0, "net_change_fwd": 6.13824462890625, "avg_grade_fwd": 0.065201778560382673, "n_samples": 20, "d_abs_above_3": 94.142288208007812, "d_abs_above_5": 79.277717590332031, "d_abs_above_8": 9.9097156524658203, "d_abs_above_10": 0.0, "d_abs_above_15": 0.0, "grade_reliable": true, "max_abs_grade_reliable": 0.086406351288719721, "shortest_use": 26, "flat_use": 0, "flat_use_per_objective": 0.0, "unavoidability": 0.0, "barrier_score": 2.1149678165979053, "neighborhood": "Grove Park" }, "geometry": { "type": "LineString", "coordinates": [ [ -84.454295, 33.782683 ], [ -84.4552436, 33.7829872 ], [ -84.455243605947402, 33.782987201906288 ] ] } },
{ "type": "Feature", "properties": { "edge_id": 50465, "segment_id": "3b50997d-6371-4619-9c4b-e17db148048c", "u": "b3fccb18-b02b-4039-878e-5f8e9df9cb29", "v": "2733deda-a3c9-4407-bdd2-9a1174c29259", "part": 1, "cls": "residential", "subclass": null, "name": "Carter Street Northwest", "length_m": 85.679490092278328, "is_bridge": false, "is_tunnel": false, "is_structure": false, "walk_ok": true, "walk_oneway": false, "walk_restricted": false, "bike_ok": true, "bike_oneway": false, "bike_restricted": false, "bike_facility": "", "low_stress": true, "dem_gaps": [ ], "max_abs_grade": 0.088097592719334386, "elev_min": 300.57186889648438, "elev_max": 304.28466796875, "cum_gain_fwd": 3.712799072265625, "cum_loss_fwd": 0.50848388671875, "net_change_fwd": 3.204315185546875, "avg_grade_fwd": 0.037398859608864757, "n_samples": 19, "d_abs_above_3": 61.879631042480469, "d_abs_above_5": 42.839744567871094, "d_abs_above_8": 19.039886474609375, "d_abs_above_10": 0.0, "d_abs_above_15": 0.0, "grade_reliable": true, "max_abs_grade_reliable": 0.088097592719334386, "shortest_use": 28, "flat_use": 2, "flat_use_per_objective": 0.66666666666666663, "unavoidability": 0.023809523809523808, "barrier_score": 2.1134839103139389, "neighborhood": "Vine City" }, "geometry": { "type": "LineString", "coordinates": [ [ -84.412691199776134, 33.756436799995214 ], [ -84.411767, 33.756417 ] ] } },
{ "type": "Feature", "properties": { "edge_id": 8665, "segment_id": "eef71f1a-108e-458a-af34-74f77f9940e7", "u": "6292b9d2-36ba-447e-b21d-221fce35509b", "v": "751de0f7-b09b-4e28-9a87-162c91399d2d", "part": 0, "cls": "residential", "subclass": null, "name": "Washington Street Northwest", "length_m": 116.19403287916174, "is_bridge": false, "is_tunnel": false, "is_structure": false, "walk_ok": true, "walk_oneway": false, "walk_restricted": false, "bike_ok": true, "bike_oneway": false, "bike_restricted": false, "bike_facility": "", "low_stress": true, "dem_gaps": [ ], "max_abs_grade": 0.082379642728963559, "elev_min": 292.0169677734375, "elev_max": 295.852294921875, "cum_gain_fwd": 1.922271728515625, "cum_loss_fwd": 3.8353271484375, "net_change_fwd": -1.913055419921875, "avg_grade_fwd": -0.016464317550399926, "n_samples": 25, "d_abs_above_3": 101.66977691650391, "d_abs_above_5": 53.255596160888672, "d_abs_above_8": 4.8414173126220703, "d_abs_above_10": 0.0, "d_abs_above_15": 0.0, "grade_reliable": true, "max_abs_grade_reliable": 0.082379642728963559, "shortest_use": 22, "flat_use": 0, "flat_use_per_objective": 0.0, "unavoidability": 0.0, "barrier_score": 2.1058450414810137, "neighborhood": "Collier Heights" }, "geometry": { "type": "LineString", "coordinates": [ [ -84.473601, 33.773677 ], [ -84.474855, 33.773687 ] ] } },
{ "type": "Feature", "properties": { "edge_id": 78637, "segment_id": "fafa8f28-2686-4b97-9191-e8f6498075d7", "u": "b7b8cf2d-86cb-4e6c-b392-41b82b1b908b", "v": "72c79d95-368a-441d-a3a2-2f3d87403e56", "part": 0, "cls": "tertiary", "subclass": "link", "name": null, "length_m": 115.39741862075741, "is_bridge": false, "is_tunnel": false, "is_structure": false, "walk_ok": true, "walk_oneway": true, "walk_restricted": false, "bike_ok": true, "bike_oneway": true, "bike_restricted": false, "bike_facility": "", "low_stress": false, "dem_gaps": [ ], "max_abs_grade": 0.22809042026740503, "elev_min": 298.54397583007812, "elev_max": 305.80123901367188, "cum_gain_fwd": 7.25726318359375, "cum_loss_fwd": 3.258453369140625, "net_change_fwd": 3.998809814453125, "avg_grade_fwd": 0.03465250767419243, "n_samples": 25, "d_abs_above_3": 100.97274208068848, "d_abs_above_5": 57.698711395263672, "d_abs_above_8": 48.082256317138672, "d_abs_above_10": 43.274030685424805, "d_abs_above_15": 28.849353790283203, "grade_reliable": true, "max_abs_grade_reliable": 0.22809042026740503, "shortest_use": 8, "flat_use": 0, "flat_use_per_objective": 0.0, "unavoidability": 0.0, "barrier_score": 2.1056836568785782, "neighborhood": "Downtown" }, "geometry": { "type": "LineString", "coordinates": [ [ -84.3889113, 33.7684733 ], [ -84.3888599, 33.7683116 ], [ -84.3888294, 33.7682313 ], [ -84.3887382, 33.7680752 ], [ -84.388593, 33.767933 ], [ -84.3882558, 33.7676108 ] ] } },
{ "type": "Feature", "properties": { "edge_id": 28177, "segment_id": "37be79c1-2c58-42b5-9653-6954828275d5", "u": "58b78acd-64c5-4acf-81bc-68e964c1a729", "v": "94a4285f-85ae-46c7-adf4-daeb6d84490b", "part": 0, "cls": "residential", "subclass": null, "name": "Dora Street Southwest", "length_m": 166.00885116626648, "is_bridge": false, "is_tunnel": false, "is_structure": false, "walk_ok": true, "walk_oneway": true, "walk_restricted": false, "bike_ok": true, "bike_oneway": true, "bike_restricted": false, "bike_facility": "", "low_stress": true, "dem_gaps": [ ], "max_abs_grade": 0.10171667197287389, "elev_min": 310.11550903320312, "elev_max": 317.52493286132812, "cum_gain_fwd": 7.409423828125, "cum_loss_fwd": 2.2645263671875, "net_change_fwd": 5.1448974609375, "avg_grade_fwd": 0.030991705911528007, "n_samples": 35, "d_abs_above_3": 141.59578704833984, "d_abs_above_5": 78.121810913085938, "d_abs_above_8": 53.708745002746582, "d_abs_above_10": 4.8826122283935547, "d_abs_above_15": 0.0, "grade_reliable": true, "max_abs_grade_reliable": 0.10171667197287389, "shortest_use": 12, "flat_use": 0, "flat_use_per_objective": 0.0, "unavoidability": 0.0, "barrier_score": 2.0263041430407323, "neighborhood": "The Villages at Castleberry Hill" }, "geometry": { "type": "LineString", "coordinates": [ [ -84.409054, 33.748046 ], [ -84.4090518, 33.7474192 ], [ -84.408502, 33.746681 ] ] } },
{ "type": "Feature", "properties": { "edge_id": 85425, "segment_id": "9ea5f4e5-4507-4d07-b7fa-c7ef3d69fb77", "u": "3ffebfec-6bef-4099-9187-27c773585cc5", "v": "4014a96b-39fa-44f9-b7c7-17b191697fad", "part": 1, "cls": "residential", "subclass": null, "name": "Hardee Street Northeast", "length_m": 79.632746213980198, "is_bridge": false, "is_tunnel": false, "is_structure": false, "walk_ok": true, "walk_oneway": false, "walk_restricted": false, "bike_ok": true, "bike_oneway": false, "bike_restricted": false, "bike_facility": "", "low_stress": true, "dem_gaps": [ ], "max_abs_grade": 0.089743029639695784, "elev_min": 295.47897338867188, "elev_max": 301.77783203125, "cum_gain_fwd": 0.0, "cum_loss_fwd": 6.298858642578125, "net_change_fwd": -6.298858642578125, "avg_grade_fwd": -0.079098852296159761, "n_samples": 17, "d_abs_above_3": 79.632743835449219, "d_abs_above_5": 79.632743835449219, "d_abs_above_8": 49.770466804504395, "d_abs_above_10": 0.0, "d_abs_above_15": 0.0, "grade_reliable": true, "max_abs_grade_reliable": 0.089743029639695784, "shortest_use": 28, "flat_use": 0, "flat_use_per_objective": 0.0, "unavoidability": 0.0, "barrier_score": 2.0010154930560473, "neighborhood": "Edgewood" }, "geometry": { "type": "LineString", "coordinates": [ [ -84.340670899967265, 33.755411100000153 ], [ -84.3398117, 33.7554151 ], [ -84.339811699972145, 33.755415100000121 ] ] } },
{ "type": "Feature", "properties": { "edge_id": 42647, "segment_id": "d0709e89-b868-43f1-9787-a7e06c744729", "u": "119ec02a-56e1-4414-a997-952bb4b74c93", "v": "aeae1ca6-2bcc-4a66-8161-187ae9ab054e", "part": 0, "cls": "residential", "subclass": null, "name": "Mercer Street Southeast", "length_m": 136.07410790369769, "is_bridge": false, "is_tunnel": false, "is_structure": false, "walk_ok": true, "walk_oneway": false, "walk_restricted": false, "bike_ok": true, "bike_oneway": false, "bike_restricted": false, "bike_facility": "", "low_stress": true, "dem_gaps": [ ], "max_abs_grade": 0.12249630091878505, "elev_min": 289.91787719726562, "elev_max": 295.03521728515625, "cum_gain_fwd": 5.117340087890625, "cum_loss_fwd": 2.521942138671875, "net_change_fwd": 2.59539794921875, "avg_grade_fwd": 0.019073414569791291, "n_samples": 29, "d_abs_above_3": 111.77516317367554, "d_abs_above_5": 58.317474365234375, "d_abs_above_8": 29.158735275268555, "d_abs_above_10": 19.439159393310547, "d_abs_above_15": 0.0, "grade_reliable": true, "max_abs_grade_reliable": 0.12249630091878505, "shortest_use": 12, "flat_use": 0, "flat_use_per_objective": 0.0, "unavoidability": 0.0, "barrier_score": 2.0002289842831895, "neighborhood": "Ormewood Park" }, "geometry": { "type": "LineString", "coordinates": [ [ -84.3592945, 33.7355256 ], [ -84.3589103, 33.7355117 ], [ -84.358533, 33.735514 ], [ -84.3580049, 33.7355125 ], [ -84.3579197, 33.7355123 ], [ -84.357827, 33.735512 ] ] } },
{ "type": "Feature", "properties": { "edge_id": 40107, "segment_id": "e368bac3-0e01-46ce-baa6-9f1e0ed58482", "u": "194707f5-c1bb-406a-9f96-459cd8b2dbec", "v": "3cae9522-5c8c-4d98-83a0-f1634922d617", "part": 0, "cls": "footway", "subclass": null, "name": null, "length_m": 113.38316076489201, "is_bridge": false, "is_tunnel": false, "is_structure": false, "walk_ok": true, "walk_oneway": false, "walk_restricted": false, "bike_ok": true, "bike_oneway": false, "bike_restricted": false, "bike_facility": "shared_path", "low_stress": true, "dem_gaps": [ ], "max_abs_grade": 0.0878934482299666, "elev_min": 288.7518310546875, "elev_max": 295.15850830078125, "cum_gain_fwd": 0.0, "cum_loss_fwd": 6.40667724609375, "net_change_fwd": -6.40667724609375, "avg_grade_fwd": -0.056504661283309374, "n_samples": 24, "d_abs_above_3": 113.38316345214844, "d_abs_above_5": 54.226730346679688, "d_abs_above_8": 19.71881103515625, "d_abs_above_10": 0.0, "d_abs_above_15": 0.0, "grade_reliable": true, "max_abs_grade_reliable": 0.0878934482299666, "shortest_use": 20, "flat_use": 11, "flat_use_per_objective": 3.6666666666666665, "unavoidability": 0.18333333333333332, "barrier_score": 1.9931273941678032, "neighborhood": "Grant Park" }, "geometry": { "type": "LineString", "coordinates": [ [ -84.3717024, 33.7375427 ], [ -84.3717281, 33.7374077 ], [ -84.3717694, 33.737353 ], [ -84.371872400000015, 33.7372959 ], [ -84.3719411, 33.7372959 ], [ -84.372044, 33.7373387 ], [ -84.3721728, 33.7374387 ], [ -84.3723359, 33.73758140000001 ], [ -84.372467, 33.7376821 ], [ -84.3725204, 33.7376931 ], [ -84.37254929975434, 33.737699057249991 ] ] } },
{ "type": "Feature", "properties": { "edge_id": 51451, "segment_id": "aa1a05b5-9dfa-48b8-bfec-4e390c0b3db8", "u": "68b66b20-3ec9-4640-b268-258fab88c545", "v": "17a0322d-aec3-4a39-93b5-d0449c9511f2", "part": 0, "cls": "residential", "subclass": null, "name": "Oliver Street Northwest", "length_m": 75.041562997870301, "is_bridge": false, "is_tunnel": false, "is_structure": false, "walk_ok": true, "walk_oneway": false, "walk_restricted": false, "bike_ok": true, "bike_oneway": false, "bike_restricted": false, "bike_facility": "", "low_stress": true, "dem_gaps": [ ], "max_abs_grade": 0.081985746842979407, "elev_min": 274.16778564453125, "elev_max": 276.73184204101562, "cum_gain_fwd": 2.564056396484375, "cum_loss_fwd": -0.0, "net_change_fwd": 2.564056396484375, "avg_grade_fwd": 0.034168482473498983, "n_samples": 17, "d_abs_above_3": 28.140586853027344, "d_abs_above_5": 14.070293426513672, "d_abs_above_8": 4.6901016235351562, "d_abs_above_10": 0.0, "d_abs_above_15": 0.0, "grade_reliable": true, "max_abs_grade_reliable": 0.081985746842979407, "shortest_use": 32, "flat_use": 0, "flat_use_per_objective": 0.0, "unavoidability": 0.0, "barrier_score": 1.9687483477263632, "neighborhood": "English Avenue" }, "geometry": { "type": "LineString", "coordinates": [ [ -84.415581, 33.765465 ], [ -84.415572000000267, 33.766141299979196 ] ] } },
{ "type": "Feature", "properties": { "edge_id": 89874, "segment_id": "740afbdc-b5b0-4a35-b065-1c4e72bfc7b3", "u": "50b3a07d-7cfe-458f-b5c1-be3559980443", "v": "b8dfdfe8-788a-4082-973f-f1fe0f2ee460", "part": 0, "cls": "secondary", "subclass": null, "name": "North Avenue Northeast", "length_m": 55.717322225542119, "is_bridge": false, "is_tunnel": false, "is_structure": false, "walk_ok": true, "walk_oneway": false, "walk_restricted": false, "bike_ok": true, "bike_oneway": false, "bike_restricted": false, "bike_facility": "", "low_stress": false, "dem_gaps": [ ], "max_abs_grade": 0.1104140898079839, "elev_min": 282.60910034179688, "elev_max": 287.476318359375, "cum_gain_fwd": 0.0, "cum_loss_fwd": 4.867218017578125, "net_change_fwd": -4.867218017578125, "avg_grade_fwd": -0.087355560695009341, "n_samples": 13, "d_abs_above_3": 55.717323303222656, "d_abs_above_5": 55.717323303222656, "d_abs_above_8": 37.144882202148438, "d_abs_above_10": 13.929330825805664, "d_abs_above_15": 0.0, "grade_reliable": true, "max_abs_grade_reliable": 0.1104140898079839, "shortest_use": 32, "flat_use": 0, "flat_use_per_objective": 0.0, "unavoidability": 0.0, "barrier_score": 1.9686327744228429, "neighborhood": "Old Fourth Ward" }, "geometry": { "type": "LineString", "coordinates": [ [ -84.368937, 33.771148 ], [ -84.368553, 33.7711424 ], [ -84.3683358, 33.7711392 ], [ -84.368335799661153, 33.771139199995083 ] ] } },
{ "type": "Feature", "properties": { "edge_id": 84923, "segment_id": "e4de2246-a3c0-4ce7-ba8a-da2aab341db5", "u": "edbc1bba-d08c-4d44-82d2-b9da880142f7", "v": "46ffc0b6-7638-40bd-b5ba-f00588b1ad64", "part": 0, "cls": "residential", "subclass": null, "name": "Hardee Street Northeast", "length_m": 73.72930930943339, "is_bridge": false, "is_tunnel": false, "is_structure": false, "walk_ok": true, "walk_oneway": false, "walk_restricted": false, "bike_ok": true, "bike_oneway": false, "bike_restricted": false, "bike_facility": "", "low_stress": true, "dem_gaps": [ ], "max_abs_grade": 0.094850420601111513, "elev_min": 300.1910400390625, "elev_max": 306.35055541992188, "cum_gain_fwd": 6.159515380859375, "cum_loss_fwd": -0.0, "net_change_fwd": 6.159515380859375, "avg_grade_fwd": 0.083542290814176717, "n_samples": 16, "d_abs_above_3": 73.72930908203125, "d_abs_above_5": 73.72930908203125, "d_abs_above_8": 54.068161010742188, "d_abs_above_10": 0.0, "d_abs_above_15": 0.0, "grade_reliable": true, "max_abs_grade_reliable": 0.094850420601111513, "shortest_use": 28, "flat_use": 0, "flat_use_per_objective": 0.0, "unavoidability": 0.0, "barrier_score": 1.958111679616177, "neighborhood": "Edgewood" }, "geometry": { "type": "LineString", "coordinates": [ [ -84.3446811, 33.755415 ], [ -84.3446121, 33.7554148 ], [ -84.3439377, 33.7554135 ], [ -84.3438856, 33.7554124 ] ] } },
{ "type": "Feature", "properties": { "edge_id": 5177, "segment_id": "3ea9b97e-2fcc-4628-b67d-4fece7fa9783", "u": "cc0ffff5-13e6-4558-8740-af95a05afaee", "v": "886d8d81-69f9-43cf-9c01-7c653a2e66a3", "part": 1, "cls": "tertiary", "subclass": null, "name": "Ridgewood Road Northwest", "length_m": 78.904108575846251, "is_bridge": false, "is_tunnel": false, "is_structure": false, "walk_ok": true, "walk_oneway": false, "walk_restricted": false, "bike_ok": true, "bike_oneway": false, "bike_restricted": false, "bike_facility": "", "low_stress": false, "dem_gaps": [ ], "max_abs_grade": 0.09508301972903041, "elev_min": 249.50892639160156, "elev_max": 253.80265808105469, "cum_gain_fwd": 4.293731689453125, "cum_loss_fwd": 0.1462860107421875, "net_change_fwd": 4.1474456787109375, "avg_grade_fwd": 0.052563115933978326, "n_samples": 17, "d_abs_above_3": 54.246572494506836, "d_abs_above_5": 49.315065383911133, "d_abs_above_8": 24.657535552978516, "d_abs_above_10": 0.0, "d_abs_above_15": 0.0, "grade_reliable": true, "max_abs_grade_reliable": 0.09508301972903041, "shortest_use": 26, "flat_use": 143, "flat_use_per_objective": 47.666666666666664, "unavoidability": 1.0, "barrier_score": 1.9506346372288741, "neighborhood": "Ridgewood Heights" }, "geometry": { "type": "LineString", "coordinates": [ [ -84.44822923582494, 33.82360119266459 ], [ -84.4482452, 33.8236323 ], [ -84.4483132, 33.8236723 ], [ -84.448908655700762, 33.824022356951303 ] ] } },
{ "type": "Feature", "properties": { "edge_id": 79855, "segment_id": "a5700bf0-2473-48c4-bdc4-861d11b587bb", "u": "2105214c-94b1-4a11-86b5-ee3ed4d3aeac", "v": "bf1ebbea-7abf-4591-afd5-b54908b35bb5", "part": 0, "cls": "trunk", "subclass": null, "name": "John Lewis Freedom Parkway Northeast", "length_m": 162.32043287642989, "is_bridge": false, "is_tunnel": false, "is_structure": false, "walk_ok": true, "walk_oneway": true, "walk_restricted": false, "bike_ok": true, "bike_oneway": true, "bike_restricted": false, "bike_facility": "", "low_stress": false, "dem_gaps": "[125.91458755 162.32043288]", "max_abs_grade": 0.085761659766998538, "elev_min": 307.15484619140625, "elev_max": 316.47317504882812, "cum_gain_fwd": 0.05010986328125, "cum_loss_fwd": 9.318328857421875, "net_change_fwd": -9.268218994140625, "avg_grade_fwd": -0.057098288448247728, "n_samples": 34, "d_abs_above_3": 122.97002410888672, "d_abs_above_5": 113.13242340087891, "d_abs_above_8": 49.188010215759277, "d_abs_above_10": 0.0, "d_abs_above_15": 0.0, "grade_reliable": true, "max_abs_grade_reliable": 0.085761659766998538, "shortest_use": 14, "flat_use": 0, "flat_use_per_objective": 0.0, "unavoidability": 0.0, "barrier_score": 1.9489217632612426, "neighborhood": "Old Fourth Ward" }, "geometry": { "type": "LineString", "coordinates": [ [ -84.3726477, 33.7602406 ], [ -84.3743991, 33.7602577 ] ] } },
{ "type": "Feature", "properties": { "edge_id": 23991, "segment_id": "e695d4a5-d179-47d2-8fc9-62d876c1d975", "u": "42b6cb32-82b0-4117-a6ee-25d40613ec9c", "v": "c145ebc5-7bdf-4ac6-b54b-72afcf993f92", "part": 0, "cls": "residential", "subclass": null, "name": "Sylvan Place Southwest", "length_m": 106.93231858723766, "is_bridge": false, "is_tunnel": false, "is_structure": false, "walk_ok": true, "walk_oneway": false, "walk_restricted": false, "bike_ok": true, "bike_oneway": false, "bike_restricted": false, "bike_facility": "", "low_stress": true, "dem_gaps": [ ], "max_abs_grade": 0.11282674314021877, "elev_min": 290.5361328125, "elev_max": 296.85171508789062, "cum_gain_fwd": 6.315582275390625, "cum_loss_fwd": -0.0, "net_change_fwd": 6.315582275390625, "avg_grade_fwd": 0.059061491386205874, "n_samples": 23, "d_abs_above_3": 77.768960952758789, "d_abs_above_5": 63.187278747558594, "d_abs_above_8": 34.023918151855469, "d_abs_above_10": 14.581680297851562, "d_abs_above_15": 0.0, "grade_reliable": true, "max_abs_grade_reliable": 0.11282674314021877, "shortest_use": 16, "flat_use": 44, "flat_use_per_objective": 14.666666666666666, "unavoidability": 0.91666666666666663, "barrier_score": 1.930372038820849, "neighborhood": "Sylvan Hills" }, "geometry": { "type": "LineString", "coordinates": [ [ -84.414775, 33.704959 ], [ -84.415928, 33.704974 ] ] } },
{ "type": "Feature", "properties": { "edge_id": 78350, "segment_id": "eabdce2c-5bdb-44ad-acfd-d3efb887f9f7", "u": "bbd960c2-dd73-48bc-b449-46034c40c1e7", "v": "3746a503-e5d8-47b5-90d0-abc03272155e", "part": 2, "cls": "tertiary", "subclass": null, "name": "Andrew Young International Boulevard Northeast", "length_m": 123.53514901120838, "is_bridge": false, "is_tunnel": false, "is_structure": false, "walk_ok": true, "walk_oneway": true, "walk_restricted": false, "bike_ok": true, "bike_oneway": true, "bike_restricted": false, "bike_facility": "", "low_stress": false, "dem_gaps": [ ], "max_abs_grade": 0.110449604743083, "elev_min": 318.94097900390625, "elev_max": 324.21612548828125, "cum_gain_fwd": 5.275146484375, "cum_loss_fwd": 1.05206298828125, "net_change_fwd": 4.22308349609375, "avg_grade_fwd": 0.034185278791086883, "n_samples": 26, "d_abs_above_3": 59.296871185302734, "d_abs_above_5": 54.355464935302734, "d_abs_above_8": 39.531247138977051, "d_abs_above_10": 24.707028388977051, "d_abs_above_15": 0.0, "grade_reliable": true, "max_abs_grade_reliable": 0.110449604743083, "shortest_use": 14, "flat_use": 6, "flat_use_per_objective": 2.0, "unavoidability": 0.14285714285714285, "barrier_score": 1.9102171732232158, "neighborhood": "Downtown" }, "geometry": { "type": "LineString", "coordinates": [ [ -84.386161065217436, 33.759686000689875 ], [ -84.3866904, 33.7596916 ], [ -84.3867446, 33.7596922 ], [ -84.387114, 33.759696 ], [ -84.387493981031454, 33.759698999850244 ] ] } },
{ "type": "Feature", "properties": { "edge_id": 49001, "segment_id": "3216e48e-3582-4c58-9094-d3c0e1b9b28c", "u": "b3c0d477-d6be-40de-ae3f-683d1cc57e44", "v": "b409e9d2-2d97-488a-b7ff-91d1327dfce9", "part": 0, "cls": "cycleway", "subclass": null, "name": "Atlanta Beltline Westside Trail", "length_m": 85.458815219894561, "is_bridge": false, "is_tunnel": false, "is_structure": false, "walk_ok": true, "walk_oneway": false, "walk_restricted": false, "bike_ok": true, "bike_oneway": false, "bike_restricted": false, "bike_facility": "dedicated_cycleway", "low_stress": true, "dem_gaps": [ ], "max_abs_grade": 0.10996764582228966, "elev_min": 288.23403930664062, "elev_max": 291.53494262695312, "cum_gain_fwd": 0.30120849609375, "cum_loss_fwd": 3.3009033203125, "net_change_fwd": -2.99969482421875, "avg_grade_fwd": -0.035101057399088566, "n_samples": 19, "d_abs_above_3": 52.224826812744141, "d_abs_above_5": 33.233985900878906, "d_abs_above_8": 14.243135452270508, "d_abs_above_10": 4.7477121353149414, "d_abs_above_15": 0.0, "grade_reliable": true, "max_abs_grade_reliable": 0.10996764582228966, "shortest_use": 20, "flat_use": 0, "flat_use_per_objective": 0.0, "unavoidability": 0.0, "barrier_score": 1.8795409448987723, "neighborhood": "Washington Park" }, "geometry": { "type": "LineString", "coordinates": [ [ -84.4245419, 33.7588448 ], [ -84.4245149, 33.7589027 ], [ -84.424466400000014, 33.7589447 ], [ -84.4244099, 33.7589714 ], [ -84.4243419, 33.7589839 ], [ -84.424293, 33.7589869 ], [ -84.4242358, 33.7589783 ], [ -84.4241824, 33.7589563 ], [ -84.4240621, 33.7588847 ], [ -84.4239835, 33.7588608 ], [ -84.4238798, 33.7588504 ], [ -84.4237739, 33.7588641 ], [ -84.423741408487004, 33.758871545971729 ] ] } },
{ "type": "Feature", "properties": { "edge_id": 50865, "segment_id": "003700c9-f5fa-4314-89dc-e5b25f0684cb", "u": "500ffa7b-1df2-4dc8-8f59-3c93e9c4a0f1", "v": "5659b735-0065-4513-81ad-adad5beed738", "part": 1, "cls": "residential", "subclass": null, "name": "Lester Street Northwest", "length_m": 92.666570153182278, "is_bridge": false, "is_tunnel": false, "is_structure": false, "walk_ok": true, "walk_oneway": false, "walk_restricted": false, "bike_ok": true, "bike_oneway": false, "bike_restricted": false, "bike_facility": "", "low_stress": true, "dem_gaps": [ ], "max_abs_grade": 0.099840030535181062, "elev_min": 290.95333862304688, "elev_max": 295.40704345703125, "cum_gain_fwd": 0.415283203125, "cum_loss_fwd": 4.453704833984375, "net_change_fwd": -4.038421630859375, "avg_grade_fwd": -0.043580133793918702, "n_samples": 20, "d_abs_above_3": 63.403446197509766, "d_abs_above_5": 48.771877288818359, "d_abs_above_8": 24.385940551757812, "d_abs_above_10": 0.0, "d_abs_above_15": 0.0, "grade_reliable": true, "max_abs_grade_reliable": 0.099840030535181062, "shortest_use": 20, "flat_use": 0, "flat_use_per_objective": 0.0, "unavoidability": 0.0, "barrier_score": 1.8503666387368434, "neighborhood": "Vine City" }, "geometry": { "type": "LineString", "coordinates": [ [ -84.40789165815508, 33.758711397876375 ], [ -84.4078917, 33.7587114 ], [ -84.408888, 33.758782 ] ] } },
{ "type": "Feature", "properties": { "edge_id": 102391, "segment_id": "f824e14b-5fbb-4786-95ba-3725992e678e", "u": "1fe19b8b-528c-4b1d-a3e5-d76783d21fe2", "v": "70285ba4-d568-4c48-bbb6-4449a4f7718b", "part": 3, "cls": "residential", "subclass": null, "name": "Garraux Road Northwest", "length_m": 22.059895723776769, "is_bridge": false, "is_tunnel": false, "is_structure": false, "walk_ok": true, "walk_oneway": false, "walk_restricted": false, "bike_ok": true, "bike_oneway": false, "bike_restricted": false, "bike_facility": "", "low_stress": true, "dem_gaps": [ ], "max_abs_grade": 0.11862623129024076, "elev_min": 267.70303344726562, "elev_max": 269.64266967773438, "cum_gain_fwd": 0.0, "cum_loss_fwd": 1.93963623046875, "net_change_fwd": -1.93963623046875, "avg_grade_fwd": -0.087925899071386621, "n_samples": 6, "d_abs_above_3": 22.059896469116211, "d_abs_above_5": 22.059896469116211, "d_abs_above_8": 13.235937118530273, "d_abs_above_10": 8.8239583969116211, "d_abs_above_15": 0.0, "grade_reliable": true, "max_abs_grade_reliable": 0.11862623129024076, "shortest_use": 70, "flat_use": 178, "flat_use_per_objective": 59.333333333333336, "unavoidability": 0.84761904761904761, "barrier_score": 1.8318176046571353, "neighborhood": "Paces" }, "geometry": { "type": "LineString", "coordinates": [ [ -84.444625204427538, 33.853857381057701 ], [ -84.4448596, 33.8538619 ], [ -84.4448634475266, 33.853861965212317 ] ] } },
{ "type": "Feature", "properties": { "edge_id": 50510, "segment_id": "e479d814-748b-4743-9bb2-735c25880ed8", "u": "eaba634e-1206-49a7-bb53-2b43cba9aebb", "v": "79ffe211-fc06-4f7a-8bcb-0e122d65aed5", "part": 1, "cls": "residential", "subclass": null, "name": "James P Brawley Drive Northwest", "length_m": 100.74061526007695, "is_bridge": false, "is_tunnel": false, "is_structure": false, "walk_ok": true, "walk_oneway": false, "walk_restricted": false, "bike_ok": true, "bike_oneway": false, "bike_restricted": false, "bike_facility": "", "low_stress": true, "dem_gaps": [ ], "max_abs_grade": 0.090569758657707444, "elev_min": 300.93161010742188, "elev_max": 308.26318359375, "cum_gain_fwd": 7.331573486328125, "cum_loss_fwd": -0.0, "net_change_fwd": 7.331573486328125, "avg_grade_fwd": 0.072776738804420454, "n_samples": 22, "d_abs_above_3": 95.943443298339844, "d_abs_above_5": 86.349098205566406, "d_abs_above_8": 43.17455005645752, "d_abs_above_10": 0.0, "d_abs_above_15": 0.0, "grade_reliable": true, "max_abs_grade_reliable": 0.090569758657707444, "shortest_use": 20, "flat_use": 0, "flat_use_per_objective": 0.0, "unavoidability": 0.0, "barrier_score": 1.824810642226826, "neighborhood": "Vine City" }, "geometry": { "type": "LineString", "coordinates": [ [ -84.412746800000221, 33.756382099983689 ], [ -84.4127597, 33.7554742 ], [ -84.412759700008706, 33.75547419940164 ] ] } },
{ "type": "Feature", "properties": { "edge_id": 62095, "segment_id": "ab6d5ff9-0a37-4366-b97f-481aa9aa8de6", "u": "8f6ecc92-e22b-4fbd-9935-d8d573d34f8d", "v": "4ec68cc3-660e-4890-8508-b66df385f0b8", "part": 1, "cls": "footway", "subclass": null, "name": null, "length_m": 120.27763460342614, "is_bridge": false, "is_tunnel": false, "is_structure": false, "walk_ok": true, "walk_oneway": false, "walk_restricted": false, "bike_ok": true, "bike_oneway": false, "bike_restricted": false, "bike_facility": "shared_path", "low_stress": true, "dem_gaps": [ ], "max_abs_grade": 0.094519355345139, "elev_min": 249.045166015625, "elev_max": 255.81283569335938, "cum_gain_fwd": 0.369659423828125, "cum_loss_fwd": 6.767669677734375, "net_change_fwd": -6.39801025390625, "avg_grade_fwd": -0.053193682473170051, "n_samples": 26, "d_abs_above_3": 86.599894523620605, "d_abs_above_5": 72.166582107543945, "d_abs_above_8": 52.922155380249023, "d_abs_above_10": 0.0, "d_abs_above_15": 0.0, "grade_reliable": true, "max_abs_grade_reliable": 0.094519355345139, "shortest_use": 16, "flat_use": 0, "flat_use_per_objective": 0.0, "unavoidability": 0.0, "barrier_score": 1.8189703176246435, "neighborhood": "Collier Hills" }, "geometry": { "type": "LineString", "coordinates": [ [ -84.406452590971597, 33.812387358634396 ], [ -84.4063989, 33.8123868 ], [ -84.4062943, 33.8123896 ], [ -84.405154138910888, 33.81237377648992 ] ] } },
{ "type": "Feature", "properties": { "edge_id": 49223, "segment_id": "18bfaf5f-5775-47e1-96ee-deda2ca33b3b", "u": "fbf9e06a-6235-465d-b899-8d3596a4b02e", "v": "13173287-21f5-47f2-935d-d1bed6301912", "part": 0, "cls": "tertiary", "subclass": null, "name": "Fair Street Southwest", "length_m": 115.85657193306203, "is_bridge": false, "is_tunnel": false, "is_structure": false, "walk_ok": true, "walk_oneway": false, "walk_restricted": false, "bike_ok": true, "bike_oneway": false, "bike_restricted": false, "bike_facility": "", "low_stress": false, "dem_gaps": [ ], "max_abs_grade": 0.11180097719174721, "elev_min": 294.0455322265625, "elev_max": 306.43136596679688, "cum_gain_fwd": 0.0, "cum_loss_fwd": 12.385833740234375, "net_change_fwd": -12.385833740234375, "avg_grade_fwd": -0.1069066105132951, "n_samples": 25, "d_abs_above_3": 115.85657501220703, "d_abs_above_5": 115.85657501220703, "d_abs_above_8": 115.85657501220703, "d_abs_above_10": 96.547145843505859, "d_abs_above_15": 0.0, "grade_reliable": true, "max_abs_grade_reliable": 0.11180097719174721, "shortest_use": 14, "flat_use": 0, "flat_use_per_objective": 0.0, "unavoidability": 0.0, "barrier_score": 1.8134029138683203, "neighborhood": "Ashview Heights" }, "geometry": { "type": "LineString", "coordinates": [ [ -84.419658, 33.749063 ], [ -84.420908, 33.749057 ] ] } },
{ "type": "Feature", "properties": { "edge_id": 47193, "segment_id": "0cd6ab73-faf2-4021-82ab-163e53ade766", "u": "aed4ce7a-f0f5-487d-bd6b-dae43443fbe9", "v": "e5ffdff9-b384-47c5-b2ab-b40cad2ec707", "part": 0, "cls": "primary", "subclass": null, "name": "Memorial Drive Southeast", "length_m": 48.406866003886044, "is_bridge": false, "is_tunnel": false, "is_structure": false, "walk_ok": true, "walk_oneway": false, "walk_restricted": false, "bike_ok": true, "bike_oneway": false, "bike_restricted": false, "bike_facility": "", "low_stress": false, "dem_gaps": [ ], "max_abs_grade": 0.087605805397661232, "elev_min": 294.01510620117188, "elev_max": 298.13888549804688, "cum_gain_fwd": 4.123779296875, "cum_loss_fwd": -0.0, "net_change_fwd": 4.123779296875, "avg_grade_fwd": 0.085189969809061281, "n_samples": 11, "d_abs_above_3": 48.406864166259766, "d_abs_above_5": 48.406864166259766, "d_abs_above_8": 48.406864166259766, "d_abs_above_10": 0.0, "d_abs_above_15": 0.0, "grade_reliable": true, "max_abs_grade_reliable": 0.087605805397661232, "shortest_use": 42, "flat_use": 0, "flat_use_per_objective": 0.0, "unavoidability": 0.0, "barrier_score": 1.7811034428797836, "neighborhood": null }, "geometry": { "type": "LineString", "coordinates": [ [ -84.3285741, 33.7474168 ], [ -84.328051902703081, 33.74742259996998 ] ] } },
{ "type": "Feature", "properties": { "edge_id": 8963, "segment_id": "955984c8-95cb-47e8-808a-edb2294b5739", "u": "2c1c97d3-cb1a-4390-adb5-51b0b252a3b0", "v": "1ca9c3f1-6c1c-41b6-9493-55f201d1d68c", "part": 0, "cls": "residential", "subclass": null, "name": "Baker Ridge Drive Northwest", "length_m": 120.55108367020605, "is_bridge": false, "is_tunnel": false, "is_structure": false, "walk_ok": true, "walk_oneway": false, "walk_restricted": false, "bike_ok": true, "bike_oneway": false, "bike_restricted": false, "bike_facility": "", "low_stress": true, "dem_gaps": [ ], "max_abs_grade": 0.12291101197798537, "elev_min": 275.39236450195312, "elev_max": 286.03781127929688, "cum_gain_fwd": 10.64544677734375, "cum_loss_fwd": -0.0, "net_change_fwd": 10.64544677734375, "avg_grade_fwd": 0.088306518779469892, "n_samples": 26, "d_abs_above_3": 115.72904205322266, "d_abs_above_5": 96.440866470336914, "d_abs_above_8": 77.152690887451172, "d_abs_above_10": 67.508604049682617, "d_abs_above_15": 0.0, "grade_reliable": true, "max_abs_grade_reliable": 0.12291101197798537, "shortest_use": 12, "flat_use": 0, "flat_use_per_objective": 0.0, "unavoidability": 0.0, "barrier_score": 1.7780466826737376, "neighborhood": "Collier Heights" }, "geometry": { "type": "LineString", "coordinates": [ [ -84.476623, 33.768169 ], [ -84.477924, 33.768168 ] ] } },
{ "type": "Feature", "properties": { "edge_id": 7230, "segment_id": "236ffc0c-ef3a-4d5d-b008-989ec3ac4a41", "u": "9f2c55f1-725f-4a80-80b6-d6c798dfcaf8", "v": "b49c97ee-1ae6-4f77-b1e8-71e538022347", "part": 1, "cls": "residential", "subclass": null, "name": "Drew Drive", "length_m": 203.53880326828772, "is_bridge": false, "is_tunnel": false, "is_structure": false, "walk_ok": true, "walk_oneway": false, "walk_restricted": false, "bike_ok": true, "bike_oneway": false, "bike_restricted": false, "bike_facility": "", "low_stress": true, "dem_gaps": [ ], "max_abs_grade": 0.08732883554380734, "elev_min": 263.98263549804688, "elev_max": 275.35049438476562, "cum_gain_fwd": 0.636688232421875, "cum_loss_fwd": 11.36785888671875, "net_change_fwd": -10.731170654296875, "avg_grade_fwd": -0.052722972184294926, "n_samples": 42, "d_abs_above_3": 173.75263595581055, "d_abs_above_5": 143.96647644042969, "d_abs_above_8": 24.821807861328125, "d_abs_above_10": 0.0, "d_abs_above_15": 0.0, "grade_reliable": true, "max_abs_grade_reliable": 0.08732883554380734, "shortest_use": 10, "flat_use": 0, "flat_use_per_objective": 0.0, "unavoidability": 0.0, "barrier_score": 1.7774806677399653, "neighborhood": "Rockdale" }, "geometry": { "type": "LineString", "coordinates": [ [ -84.442732601710617, 33.785890555499513 ], [ -84.4427245, 33.7860207 ], [ -84.4427905, 33.7862285 ], [ -84.4431174, 33.7868177 ], [ -84.4432988, 33.7870483 ], [ -84.4435468, 33.7872359 ], [ -84.4436708, 33.7873187 ], [ -84.443816, 33.7874103 ] ] } },
{ "type": "Feature", "properties": { "edge_id": 83507, "segment_id": "708459b1-5d17-4207-aa2e-b5a1dc9c94bb", "u": "ba109b3e-4690-4aa0-94a8-1fc13069b6a4", "v": "becdcf2a-c80c-4582-a1e5-e520870c7efa", "part": 1, "cls": "residential", "subclass": null, "name": "Elizabeth Street Northeast", "length_m": 36.572609491589532, "is_bridge": false, "is_tunnel": false, "is_structure": false, "walk_ok": true, "walk_oneway": false, "walk_restricted": false, "bike_ok": true, "bike_oneway": false, "bike_restricted": false, "bike_facility": "", "low_stress": true, "dem_gaps": [ ], "max_abs_grade": 0.094631955432661369, "elev_min": 290.09075927734375, "elev_max": 292.89508056640625, "cum_gain_fwd": 2.8043212890625, "cum_loss_fwd": -0.0, "net_change_fwd": 2.8043212890625, "avg_grade_fwd": 0.076678185389197573, "n_samples": 9, "d_abs_above_3": 36.572608947753906, "d_abs_above_5": 32.001033782958984, "d_abs_above_8": 22.857881546020508, "d_abs_above_10": 0.0, "d_abs_above_15": 0.0, "grade_reliable": true, "max_abs_grade_reliable": 0.094631955432661369, "shortest_use": 50, "flat_use": 47, "flat_use_per_objective": 15.666666666666666, "unavoidability": 0.3133333333333333, "barrier_score": 1.7304687757321144, "neighborhood": "Inman Park" }, "geometry": { "type": "LineString", "coordinates": [ [ -84.357980954635934, 33.762581683793798 ], [ -84.3579906, 33.7627024 ], [ -84.358001, 33.762832 ], [ -84.35802, 33.762893 ], [ -84.3580275, 33.7629057 ], [ -84.358028318066445, 33.762907089108893 ] ] } },
{ "type": "Feature", "properties": { "edge_id": 19458, "segment_id": "c5846c2f-656e-4aa0-be91-8dece3496544", "u": "15e29cec-79d0-41b5-8f4a-49301c70a0cf", "v": "9a1e0219-ebaa-4aec-80ac-6976abd50cf2", "part": 0, "cls": "residential", "subclass": null, "name": "Oakland Drive Southwest", "length_m": 117.06783669319344, "is_bridge": false, "is_tunnel": false, "is_structure": false, "walk_ok": true, "walk_oneway": false, "walk_restricted": false, "bike_ok": true, "bike_oneway": false, "bike_restricted": false, "bike_facility": "", "low_stress": true, "dem_gaps": [ ], "max_abs_grade": 0.092043985538358311, "elev_min": 301.4537353515625, "elev_max": 310.99465942382812, "cum_gain_fwd": 0.0, "cum_loss_fwd": 9.540924072265625, "net_change_fwd": -9.540924072265625, "avg_grade_fwd": -0.081499108953381111, "n_samples": 25, "d_abs_above_3": 117.06783294677734, "d_abs_above_5": 107.31217956542969, "d_abs_above_8": 87.800874710083008, "d_abs_above_10": 0.0, "d_abs_above_15": 0.0, "grade_reliable": true, "max_abs_grade_reliable": 0.092043985538358311, "shortest_use": 16, "flat_use": 0, "flat_use_per_objective": 0.0, "unavoidability": 0.0, "barrier_score": 1.7240624428152305, "neighborhood": "Oakland City" }, "geometry": { "type": "LineString", "coordinates": [ [ -84.427217, 33.730722 ], [ -84.427237, 33.729667 ] ] } },
{ "type": "Feature", "properties": { "edge_id": 48569, "segment_id": "ac004ab1-2f47-491a-a03f-0401cd902efb", "u": "afc62a4e-01cd-4c3c-83e9-5ae543ec3821", "v": "a8f54d97-ff55-41e0-82fb-eaebf2a6e496", "part": 0, "cls": "residential", "subclass": null, "name": "Mathewson Place Southwest", "length_m": 238.89414568130064, "is_bridge": false, "is_tunnel": false, "is_structure": false, "walk_ok": true, "walk_oneway": false, "walk_restricted": false, "bike_ok": true, "bike_oneway": false, "bike_restricted": false, "bike_facility": "", "low_stress": true, "dem_gaps": [ ], "max_abs_grade": 0.089940828402366862, "elev_min": 296.5889892578125, "elev_max": 304.08489990234375, "cum_gain_fwd": 7.49591064453125, "cum_loss_fwd": 5.78363037109375, "net_change_fwd": 1.7122802734375, "avg_grade_fwd": 0.0071675270198638015, "n_samples": 49, "d_abs_above_3": 174.19364166259766, "d_abs_above_5": 149.308837890625, "d_abs_above_8": 44.792655944824219, "d_abs_above_10": 0.0, "d_abs_above_15": 0.0, "grade_reliable": true, "max_abs_grade_reliable": 0.089940828402366862, "shortest_use": 8, "flat_use": 0, "flat_use_per_objective": 0.0, "unavoidability": 0.0, "barrier_score": 1.7189069890441513, "neighborhood": "Mozley Park" }, "geometry": { "type": "LineString", "coordinates": [ [ -84.436302, 33.749646 ], [ -84.436382799980393, 33.74749390052223 ] ] } },
{ "type": "Feature", "properties": { "edge_id": 8961, "segment_id": "27fa83af-0e78-425d-9295-aed0e22a63ea", "u": "a5140acf-e3e7-43ff-a9f7-60239430c358", "v": "c9b50cd4-eb82-41b7-ad76-e1ee7b6177b5", "part": 0, "cls": "residential", "subclass": null, "name": "Baker Ridge Drive Northwest", "length_m": 134.83916421239005, "is_bridge": false, "is_tunnel": false, "is_structure": false, "walk_ok": true, "walk_oneway": false, "walk_restricted": false, "bike_ok": true, "bike_oneway": false, "bike_restricted": false, "bike_facility": "", "low_stress": true, "dem_gaps": [ ], "max_abs_grade": 0.10608956290990086, "elev_min": 263.98281860351562, "elev_max": 277.24127197265625, "cum_gain_fwd": 0.0, "cum_loss_fwd": 13.258453369140625, "net_change_fwd": -13.258453369140625, "avg_grade_fwd": -0.098327916414266262, "n_samples": 28, "d_abs_above_3": 134.83915710449219, "d_abs_above_5": 134.83915710449219, "d_abs_above_8": 129.84511375427246, "d_abs_above_10": 84.898727416992188, "d_abs_above_15": 0.0, "grade_reliable": true, "max_abs_grade_reliable": 0.10608956290990086, "shortest_use": 12, "flat_use": 0, "flat_use_per_objective": 0.0, "unavoidability": 0.0, "barrier_score": 1.7166033593314569, "neighborhood": "Collier Heights" }, "geometry": { "type": "LineString", "coordinates": [ [ -84.479318, 33.768012 ], [ -84.479617, 33.76789 ], [ -84.480597, 33.767433 ] ] } },
{ "type": "Feature", "properties": { "edge_id": 16024, "segment_id": "5fc8ec4a-8883-4580-a711-8288235257e8", "u": "9cc69150-34d5-4363-ab6b-08ce0195d7a1", "v": "8692e6c9-56ca-4443-9317-95e0a54e8c6d", "part": 1, "cls": "residential", "subclass": null, "name": "Harbin Road Southwest", "length_m": 525.32865966930478, "is_bridge": false, "is_tunnel": false, "is_structure": false, "walk_ok": true, "walk_oneway": false, "walk_restricted": false, "bike_ok": true, "bike_oneway": false, "bike_restricted": false, "bike_facility": "", "low_stress": true, "dem_gaps": [ ], "max_abs_grade": 0.081522943914874746, "elev_min": 254.21905517578125, "elev_max": 265.0916748046875, "cum_gain_fwd": 11.94415283203125, "cum_loss_fwd": 6.0772705078125, "net_change_fwd": 5.86688232421875, "avg_grade_fwd": 0.011168022251694408, "n_samples": 107, "d_abs_above_3": 183.36944580078125, "d_abs_above_5": 128.85421752929688, "d_abs_above_8": 9.911865234375, "d_abs_above_10": 0.0, "d_abs_above_15": 0.0, "grade_reliable": true, "max_abs_grade_reliable": 0.081522943914874746, "shortest_use": 4, "flat_use": 44, "flat_use_per_objective": 14.666666666666666, "unavoidability": 1.0, "barrier_score": 1.7130535543638823, "neighborhood": "Southwest" }, "geometry": { "type": "LineString", "coordinates": [ [ -84.4837042765771, 33.719651337898085 ], [ -84.484021, 33.718105 ], [ -84.484123, 33.717608 ], [ -84.48412, 33.7172 ], [ -84.484112, 33.716086 ], [ -84.484069, 33.715802 ], [ -84.4838572, 33.7149767 ], [ -84.483854816149972, 33.714967410233072 ] ] } },
{ "type": "Feature", "properties": { "edge_id": 26330, "segment_id": "465b0385-04a2-459d-87e0-6ef7350420aa", "u": "31432d57-917b-4275-b73f-288b2476b64a", "v": "3e4e1198-3f85-4377-9d9c-3d1208b5383b", "part": 12, "cls": "footway", "subclass": null, "name": null, "length_m": 175.56446235657211, "is_bridge": false, "is_tunnel": false, "is_structure": false, "walk_ok": true, "walk_oneway": false, "walk_restricted": false, "bike_ok": true, "bike_oneway": false, "bike_restricted": false, "bike_facility": "shared_path", "low_stress": true, "dem_gaps": [ ], "max_abs_grade": 0.097545302698024736, "elev_min": 267.25372314453125, "elev_max": 273.30426025390625, "cum_gain_fwd": 1.20489501953125, "cum_loss_fwd": 6.050537109375, "net_change_fwd": -4.84564208984375, "avg_grade_fwd": -0.027600357489483775, "n_samples": 37, "d_abs_above_3": 102.41260528564453, "d_abs_above_5": 58.521480560302734, "d_abs_above_8": 24.383953094482422, "d_abs_above_10": 0.0, "d_abs_above_15": 0.0, "grade_reliable": true, "max_abs_grade_reliable": 0.097545302698024736, "shortest_use": 10, "flat_use": 0, "flat_use_per_objective": 0.0, "unavoidability": 0.0, "barrier_score": 1.7125488623587797, "neighborhood": "Perkerson" }, "geometry": { "type": "LineString", "coordinates": [ [ -84.407032520234949, 33.68136930383978 ], [ -84.406411, 33.6813582 ], [ -84.4051466, 33.6813668 ], [ -84.405139975222923, 33.681366843840429 ] ] } },
{ "type": "Feature", "properties": { "edge_id": 8965, "segment_id": "ae584d7d-68a8-4191-a6b6-5c5979b5ef3f", "u": "aeb36e76-da81-4094-9bf1-bbc528894a54", "v": "d1a6561e-2a9c-4d6a-bfd5-d4e9eb46ec01", "part": 1, "cls": "residential", "subclass": null, "name": "Collier Ridge Drive Northwest", "length_m": 114.07995722713436, "is_bridge": false, "is_tunnel": false, "is_structure": false, "walk_ok": true, "walk_oneway": false, "walk_restricted": false, "bike_ok": true, "bike_oneway": false, "bike_restricted": false, "bike_facility": "", "low_stress": true, "dem_gaps": [ ], "max_abs_grade": 0.10698384040561937, "elev_min": 282.43524169921875, "elev_max": 291.84152221679688, "cum_gain_fwd": 9.406280517578125, "cum_loss_fwd": -0.0, "net_change_fwd": 9.406280517578125, "avg_grade_fwd": 0.082453402358157943, "n_samples": 24, "d_abs_above_3": 114.0799560546875, "d_abs_above_5": 114.0799560546875, "d_abs_above_8": 74.399971008300781, "d_abs_above_10": 24.799991607666016, "d_abs_above_15": 0.0, "grade_reliable": true, "max_abs_grade_reliable": 0.10698384040561937, "shortest_use": 14, "flat_use": 50, "flat_use_per_objective": 16.666666666666668, "unavoidability": 1.0, "barrier_score": 1.7086596712454676, "neighborhood": "Collier Heights" }, "geometry": { "type": "LineString", "coordinates": [ [ -84.477016841626664, 33.768886178348886 ], [ -84.477021, 33.768899 ], [ -84.477081, 33.769084 ], [ -84.477112, 33.769281 ], [ -84.477115, 33.76948 ], [ -84.477089, 33.769677 ], [ -84.477025, 33.769898 ] ] } },
{ "type": "Feature", "properties": { "edge_id": 99960, "segment_id": "f0fcf6b0-f9f3-46a4-b529-6ce4e6bb5825", "u": "31a1cce9-a5ee-4035-a793-2ec0c314789a", "v": "fc61556f-b612-4d82-9c98-c9696ffb4376", "part": 4, "cls": "residential", "subclass": null, "name": "Lakeshore Drive Northeast", "length_m": 188.42033281289119, "is_bridge": false, "is_tunnel": false, "is_structure": false, "walk_ok": true, "walk_oneway": false, "walk_restricted": false, "bike_ok": true, "bike_oneway": false, "bike_restricted": false, "bike_facility": "", "low_stress": true, "dem_gaps": [ ], "max_abs_grade": 0.090387621708785185, "elev_min": 291.05712890625, "elev_max": 296.74859619140625, "cum_gain_fwd": 4.730865478515625, "cum_loss_fwd": 5.69146728515625, "net_change_fwd": -0.960601806640625, "avg_grade_fwd": -0.0050981854609313095, "n_samples": 39, "d_abs_above_3": 153.71132659912109, "d_abs_above_5": 114.04388809204102, "d_abs_above_8": 34.709014892578125, "d_abs_above_10": 0.0, "d_abs_above_15": 0.0, "grade_reliable": true, "max_abs_grade_reliable": 0.090387621708785185, "shortest_use": 10, "flat_use": 0, "flat_use_per_objective": 0.0, "unavoidability": 0.0, "barrier_score": 1.7030865764535015, "neighborhood": "Lake Claire" }, "geometry": { "type": "LineString", "coordinates": [ [ -84.325518915058154, 33.766632257264391 ], [ -84.32549, 33.766684 ], [ -84.3254675, 33.7667176 ], [ -84.3254085, 33.7668248 ], [ -84.325149, 33.767125 ], [ -84.324933, 33.767443 ], [ -84.3247938, 33.7678666 ], [ -84.324690507917936, 33.768163749714596 ] ] } },
{ "type": "Feature", "properties": { "edge_id": 90081, "segment_id": "58bddc47-e102-4740-b07a-8a5b4de63cbe", "u": "ba50c6b3-82a6-48c5-a795-2afff4d0b35b", "v": "d551575d-8ea1-47fc-901a-8fb08f8e2786", "part": 5, "cls": "secondary", "subclass": null, "name": "North Avenue Northeast", "length_m": 63.540223659953604, "is_bridge": false, "is_tunnel": false, "is_structure": false, "walk_ok": true, "walk_oneway": false, "walk_restricted": false, "bike_ok": true, "bike_oneway": false, "bike_restricted": false, "bike_facility": "", "low_stress": false, "dem_gaps": [ ], "max_abs_grade": 0.083522531712353951, "elev_min": 301.01763916015625, "elev_max": 303.653076171875, "cum_gain_fwd": 0.0008544921875, "cum_loss_fwd": 2.63543701171875, "net_change_fwd": -2.63458251953125, "avg_grade_fwd": -0.041463224861989369, "n_samples": 14, "d_abs_above_3": 39.101675033569336, "d_abs_above_5": 24.438545227050781, "d_abs_above_8": 4.8877067565917969, "d_abs_above_10": 0.0, "d_abs_above_15": 0.0, "grade_reliable": true, "max_abs_grade_reliable": 0.083522531712353951, "shortest_use": 32, "flat_use": 0, "flat_use_per_objective": 0.0, "unavoidability": 0.0, "barrier_score": 1.6982529106075321, "neighborhood": "Old Fourth Ward" }, "geometry": { "type": "LineString", "coordinates": [ [ -84.371006696933534, 33.771169399980316 ], [ -84.370321, 33.771165 ] ] } },
{ "type": "Feature", "properties": { "edge_id": 91710, "segment_id": "af059956-b2f2-42b0-a3ef-3b5a423fe03b", "u": "51cbc3a0-b0b4-409f-83da-da23c9b8f7e5", "v": "61f07114-d389-49d9-b0c2-9362df419665", "part": 1, "cls": "residential", "subclass": null, "name": "Plymouth Road Northeast", "length_m": 109.89605253884137, "is_bridge": false, "is_tunnel": false, "is_structure": false, "walk_ok": true, "walk_oneway": false, "walk_restricted": false, "bike_ok": true, "bike_oneway": false, "bike_restricted": false, "bike_facility": "", "low_stress": true, "dem_gaps": [ ], "max_abs_grade": 0.10983274302357726, "elev_min": 271.79727172851562, "elev_max": 276.97015380859375, "cum_gain_fwd": 0.32073974609375, "cum_loss_fwd": 5.172882080078125, "net_change_fwd": -4.852142333984375, "avg_grade_fwd": -0.044152108798105008, "n_samples": 23, "d_abs_above_3": 54.948024749755859, "d_abs_above_5": 49.952747344970703, "d_abs_above_8": 39.962196350097656, "d_abs_above_10": 34.966926574707031, "d_abs_above_15": 0.0, "grade_reliable": true, "max_abs_grade_reliable": 0.10983274302357726, "shortest_use": 14, "flat_use": 30, "flat_use_per_objective": 10.0, "unavoidability": 0.7142857142857143, "barrier_score": 1.6898258856925752, "neighborhood": "Morningside/Lenox Park" }, "geometry": { "type": "LineString", "coordinates": [ [ -84.35601480477564, 33.798923047153529 ], [ -84.3560139, 33.7989229 ], [ -84.355757, 33.798881 ], [ -84.355446, 33.7988 ], [ -84.355167, 33.7987 ], [ -84.354907681474799, 33.798583873860728 ] ] } },
{ "type": "Feature", "properties": { "edge_id": 50849, "segment_id": "6899f059-84b3-4796-b72e-7f8235a2811a", "u": "0e4beb05-6db7-4b4f-aaa2-d72d2949dd02", "v": "4c374d3d-6d43-42f7-b4d4-52e292ad9d45", "part": 0, "cls": "residential", "subclass": null, "name": "Spencer Street Northwest", "length_m": 91.543431201395066, "is_bridge": false, "is_tunnel": false, "is_structure": false, "walk_ok": true, "walk_oneway": false, "walk_restricted": false, "bike_ok": true, "bike_oneway": false, "bike_restricted": false, "bike_facility": "", "low_stress": true, "dem_gaps": [ ], "max_abs_grade": 0.13065094679102904, "elev_min": 298.92855834960938, "elev_max": 304.37393188476562, "cum_gain_fwd": 5.44537353515625, "cum_loss_fwd": 0.10040283203125, "net_change_fwd": 5.344970703125, "avg_grade_fwd": 0.058387264506286098, "n_samples": 20, "d_abs_above_3": 62.634979248046875, "d_abs_above_5": 52.998828887939453, "d_abs_above_8": 33.726528167724609, "d_abs_above_10": 24.090375900268555, "d_abs_above_15": 0.0, "grade_reliable": true, "max_abs_grade_reliable": 0.13065094679102904, "shortest_use": 14, "flat_use": 0, "flat_use_per_objective": 0.0, "unavoidability": 0.0, "barrier_score": 1.6744330342546372, "neighborhood": "Vine City" }, "geometry": { "type": "LineString", "coordinates": [ [ -84.408873, 33.760086 ], [ -84.4098608, 33.7600909 ], [ -84.409860800243564, 33.760090900000435 ] ] } },
{ "type": "Feature", "properties": { "edge_id": 92253, "segment_id": "ca138441-bf73-42de-8604-92bba9b81313", "u": "b6dbddf3-8ef6-40d3-a583-8d15e259c0a3", "v": "6dbe54d9-4815-4fe5-ad06-c9c8743c9179", "part": 2, "cls": "tertiary", "subclass": null, "name": "Rock Springs Road Northeast", "length_m": 38.02559049208034, "is_bridge": false, "is_tunnel": false, "is_structure": false, "walk_ok": true, "walk_oneway": false, "walk_restricted": false, "bike_ok": true, "bike_oneway": false, "bike_restricted": false, "bike_facility": "", "low_stress": false, "dem_gaps": [ ], "max_abs_grade": 0.11003974647327797, "elev_min": 273.46563720703125, "elev_max": 277.29769897460938, "cum_gain_fwd": 0.0, "cum_loss_fwd": 3.832061767578125, "net_change_fwd": -3.832061767578125, "avg_grade_fwd": -0.10077586881456796, "n_samples": 9, "d_abs_above_3": 38.025588989257812, "d_abs_above_5": 38.025588989257812, "d_abs_above_8": 38.025588989257812, "d_abs_above_10": 23.765993118286133, "d_abs_above_15": 0.0, "grade_reliable": true, "max_abs_grade_reliable": 0.11003974647327797, "shortest_use": 40, "flat_use": 43, "flat_use_per_objective": 14.333333333333334, "unavoidability": 0.35833333333333334, "barrier_score": 1.673730534898084, "neighborhood": "Morningside/Lenox Park" }, "geometry": { "type": "LineString", "coordinates": [ [ -84.367135939637265, 33.805387540365068 ], [ -84.3671142, 33.8053777 ], [ -84.36692840000002, 33.8052907 ], [ -84.366780606701269, 33.805216007132245 ] ] } },
{ "type": "Feature", "properties": { "edge_id": 62327, "segment_id": "3ccbeeb9-be33-4871-83fa-d9d9d4781e7d", "u": "a1be0908-5115-4734-95a6-0cf283797220", "v": "28792eff-2d4d-4141-90ba-9ca298b2eee6", "part": 3, "cls": "residential", "subclass": null, "name": "Dellwood Drive Northwest", "length_m": 60.004613436757872, "is_bridge": false, "is_tunnel": false, "is_structure": false, "walk_ok": true, "walk_oneway": false, "walk_restricted": false, "bike_ok": true, "bike_oneway": false, "bike_restricted": false, "bike_facility": "", "low_stress": true, "dem_gaps": [ ], "max_abs_grade": 0.10249357844871189, "elev_min": 255.43907165527344, "elev_max": 261.0350341796875, "cum_gain_fwd": 5.5959625244140625, "cum_loss_fwd": -0.0, "net_change_fwd": 5.5959625244140625, "avg_grade_fwd": 0.093258873623008082, "n_samples": 14, "d_abs_above_3": 60.004611968994141, "d_abs_above_5": 60.004611968994141, "d_abs_above_8": 60.004611968994141, "d_abs_above_10": 9.231475830078125, "d_abs_above_15": 0.0, "grade_reliable": true, "max_abs_grade_reliable": 0.10249357844871189, "shortest_use": 26, "flat_use": 0, "flat_use_per_objective": 0.0, "unavoidability": 0.0, "barrier_score": 1.5990227641868933, "neighborhood": "Peachtree Battle Alliance" }, "geometry": { "type": "LineString", "coordinates": [ [ -84.398251900006628, 33.820930998854855 ], [ -84.3982519, 33.820931 ], [ -84.3982495, 33.821471799999983 ], [ -84.39824949999236, 33.821471800943122 ] ] } },
{ "type": "Feature", "properties": { "edge_id": 51149, "segment_id": "1b49075b-bdef-4b99-8fb3-ff6191208ee5", "u": "3ce9bd53-d9cb-445e-97d4-9b9756c776fc", "v": "6573c25d-a804-4b96-b9bb-bd629d39c78a", "part": 1, "cls": "residential", "subclass": null, "name": "Elm Street Northwest", "length_m": 98.790138943016586, "is_bridge": false, "is_tunnel": false, "is_structure": false, "walk_ok": true, "walk_oneway": true, "walk_restricted": false, "bike_ok": true, "bike_oneway": true, "bike_restricted": false, "bike_facility": "", "low_stress": true, "dem_gaps": [ ], "max_abs_grade": 0.11470565975370349, "elev_min": 285.78399658203125, "elev_max": 290.114990234375, "cum_gain_fwd": 4.33099365234375, "cum_loss_fwd": 2.299468994140625, "net_change_fwd": 2.031524658203125, "avg_grade_fwd": 0.020564043074548247, "n_samples": 21, "d_abs_above_3": 88.911121368408203, "d_abs_above_5": 74.092601299285889, "d_abs_above_8": 39.516055107116699, "d_abs_above_10": 19.758028030395508, "d_abs_above_15": 0.0, "grade_reliable": true, "max_abs_grade_reliable": 0.11470565975370349, "shortest_use": 14, "flat_use": 0, "flat_use_per_objective": 0.0, "unavoidability": 0.0, "barrier_score": 1.5864503290466254, "neighborhood": "English Avenue" }, "geometry": { "type": "LineString", "coordinates": [ [ -84.408781199992276, 33.768176100250763 ], [ -84.4087812, 33.7681761 ], [ -84.408808, 33.767286 ] ] } },
{ "type": "Feature", "properties": { "edge_id": 57127, "segment_id": "47a00eb3-df75-49a4-bce3-f2a1cf8e599c", "u": "44aae1a3-a380-48a5-b1c6-0623c6ef7ff6", "v": "c9e46255-63c2-448e-a0b4-b142c5087326", "part": 1, "cls": "tertiary", "subclass": null, "name": "West Wesley Road", "length_m": 156.93182896552725, "is_bridge": false, "is_tunnel": false, "is_structure": false, "walk_ok": true, "walk_oneway": false, "walk_restricted": false, "bike_ok": true, "bike_oneway": false, "bike_restricted": false, "bike_facility": "", "low_stress": false, "dem_gaps": "[ 54.97612111 124.59427112]", "max_abs_grade": 0.083974189192395216, "elev_min": 244.94203186035156, "elev_max": 248.46376037597656, "cum_gain_fwd": 0.847259521484375, "cum_loss_fwd": 3.521728515625, "net_change_fwd": -2.674468994140625, "avg_grade_fwd": -0.017042234841634415, "n_samples": 33, "d_abs_above_3": 49.04119873046875, "d_abs_above_5": 29.424718856811523, "d_abs_above_8": 14.712359428405762, "d_abs_above_10": 0.0, "d_abs_above_15": 0.0, "grade_reliable": true, "max_abs_grade_reliable": 0.083974189192395216, "shortest_use": 12, "flat_use": 17, "flat_use_per_objective": 5.666666666666667, "unavoidability": 0.47222222222222227, "barrier_score": 1.5813867715031753, "neighborhood": "Brandon" }, "geometry": { "type": "LineString", "coordinates": [ [ -84.424217385357252, 33.828775902262862 ], [ -84.424636, 33.828787 ], [ -84.4259118, 33.8287966 ], [ -84.425911896269014, 33.828796600724488 ] ] } },
{ "type": "Feature", "properties": { "edge_id": 51346, "segment_id": "4b18fe55-f26a-4ad9-b28e-8094bc67cfa8", "u": "4a727a1e-8944-4fe1-b7e7-48452d6c5b65", "v": "ee167d95-19ae-456f-a273-4ff1eb5957bc", "part": 1, "cls": "residential", "subclass": null, "name": "Oliver Street Northwest", "length_m": 45.637242926358311, "is_bridge": false, "is_tunnel": false, "is_structure": false, "walk_ok": true, "walk_oneway": false, "walk_restricted": false, "bike_ok": true, "bike_oneway": false, "bike_restricted": false, "bike_facility": "", "low_stress": true, "dem_gaps": [ ], "max_abs_grade": 0.10828246691506056, "elev_min": 280.17935180664062, "elev_max": 283.97543334960938, "cum_gain_fwd": 3.79608154296875, "cum_loss_fwd": -0.0, "net_change_fwd": 3.79608154296875, "avg_grade_fwd": 0.083179469870470493, "n_samples": 11, "d_abs_above_3": 45.637241363525391, "d_abs_above_5": 45.637241363525391, "d_abs_above_8": 27.382347106933594, "d_abs_above_10": 9.1274480819702148, "d_abs_above_15": 0.0, "grade_reliable": true, "max_abs_grade_reliable": 0.10828246691506056, "shortest_use": 32, "flat_use": 0, "flat_use_per_objective": 0.0, "unavoidability": 0.0, "barrier_score": 1.5813482391257523, "neighborhood": "English Avenue" }, "geometry": { "type": "LineString", "coordinates": [ [ -84.415567299997647, 33.76650070018313 ], [ -84.415562, 33.766912 ] ] } },
{ "type": "Feature", "properties": { "edge_id": 9855, "segment_id": "2944fb73-e41a-4922-b7e5-6ddcb116f29b", "u": "bf1bbdfd-7cf4-461d-99bf-b81364a9c5c3", "v": "13d4639a-0d7a-4eb1-ad1a-ab5baff5ce61", "part": 0, "cls": "residential", "subclass": null, "name": "North Avenue Northwest", "length_m": 107.22039264770774, "is_bridge": false, "is_tunnel": false, "is_structure": false, "walk_ok": true, "walk_oneway": false, "walk_restricted": false, "bike_ok": true, "bike_oneway": false, "bike_restricted": false, "bike_facility": "", "low_stress": true, "dem_gaps": [ ], "max_abs_grade": 0.081721978710081397, "elev_min": 282.95413208007812, "elev_max": 287.693115234375, "cum_gain_fwd": 0.187713623046875, "cum_loss_fwd": 4.738983154296875, "net_change_fwd": -4.55126953125, "avg_grade_fwd": -0.042447798573332612, "n_samples": 23, "d_abs_above_3": 73.104812622070312, "d_abs_above_5": 53.610195159912109, "d_abs_above_8": 9.7473068237304688, "d_abs_above_10": 0.0, "d_abs_above_15": 0.0, "grade_reliable": true, "max_abs_grade_reliable": 0.081721978710081397, "shortest_use": 18, "flat_use": 0, "flat_use_per_objective": 0.0, "unavoidability": 0.0, "barrier_score": 1.5772072761436571, "neighborhood": "Grove Park" }, "geometry": { "type": "LineString", "coordinates": [ [ -84.449282, 33.768472 ], [ -84.450439, 33.768486 ] ] } },
{ "type": "Feature", "properties": { "edge_id": 106759, "segment_id": "0fa571bb-bdd0-4ebf-9945-0337fb9777eb", "u": "2d193653-b14f-41c6-9965-e681c85c96f6", "v": "20890c3f-c7f1-47c1-b79d-c8d6ed9a38b3", "part": 3, "cls": "tertiary", "subclass": null, "name": "West Wesley Road", "length_m": 120.39839064742341, "is_bridge": false, "is_tunnel": false, "is_structure": false, "walk_ok": true, "walk_oneway": false, "walk_restricted": false, "bike_ok": true, "bike_oneway": false, "bike_restricted": false, "bike_facility": "", "low_stress": false, "dem_gaps": [ ], "max_abs_grade": 0.080730759116270673, "elev_min": 253.88931274414062, "elev_max": 258.8092041015625, "cum_gain_fwd": 4.919891357421875, "cum_loss_fwd": 0.016357421875, "net_change_fwd": 4.903533935546875, "avg_grade_fwd": 0.040727570072552455, "n_samples": 26, "d_abs_above_3": 77.054969787597656, "d_abs_above_5": 38.527488708496094, "d_abs_above_8": 9.6318740844726562, "d_abs_above_10": 0.0, "d_abs_above_15": 0.0, "grade_reliable": true, "max_abs_grade_reliable": 0.080730759116270673, "shortest_use": 16, "flat_use": 3, "flat_use_per_objective": 1.0, "unavoidability": 0.0625, "barrier_score": 1.5551765557350072, "neighborhood": "Wesley Battle" }, "geometry": { "type": "LineString", "coordinates": [ [ -84.43037800236533, 33.829311824452468 ], [ -84.4304075, 33.8293419 ], [ -84.431102, 33.83005 ], [ -84.431190351348135, 33.83015852816505 ] ] } },
{ "type": "Feature", "properties": { "edge_id": 75428, "segment_id": "ef9e0721-2de9-4cca-8c61-902b2cf36b2e", "u": "036f4daf-98b6-4fa3-89c3-99bd928c5a07", "v": "84792bf5-158b-4eee-b9b0-0811bc252ff1", "part": 0, "cls": "secondary", "subclass": null, "name": "Martin Luther King Junior Drive Southwest", "length_m": 62.599674298238511, "is_bridge": false, "is_tunnel": false, "is_structure": false, "walk_ok": true, "walk_oneway": false, "walk_restricted": false, "bike_ok": true, "bike_oneway": false, "bike_restricted": false, "bike_facility": "", "low_stress": false, "dem_gaps": [ ], "max_abs_grade": 0.10295982360224115, "elev_min": 314.92462158203125, "elev_max": 319.38467407226562, "cum_gain_fwd": 0.0, "cum_loss_fwd": 4.460052490234375, "net_change_fwd": -4.460052490234375, "avg_grade_fwd": -0.071247215667835401, "n_samples": 14, "d_abs_above_3": 62.599674224853516, "d_abs_above_5": 48.153594970703125, "d_abs_above_8": 24.076797485351562, "d_abs_above_10": 4.8153595924377441, "d_abs_above_15": 0.0, "grade_reliable": true, "max_abs_grade_reliable": 0.10295982360224115, "shortest_use": 24, "flat_use": 12, "flat_use_per_objective": 4.0, "unavoidability": 0.16666666666666666, "barrier_score": 1.5468603415930529, "neighborhood": "Castleberry Hill" }, "geometry": { "type": "LineString", "coordinates": [ [ -84.4002717, 33.7540524 ], [ -84.4003836, 33.7539982 ], [ -84.4004502, 33.7539666 ], [ -84.4005074, 33.7539505 ], [ -84.4005974, 33.7539306 ], [ -84.400706, 33.7539146 ], [ -84.4009093, 33.7538881 ] ] } },
{ "type": "Feature", "properties": { "edge_id": 19467, "segment_id": "e8d99f4f-5727-4885-8009-520615666872", "u": "9a1e0219-ebaa-4aec-80ac-6976abd50cf2", "v": "43dcdacc-f775-488e-9fd9-9511bcdadd4b", "part": 0, "cls": "residential", "subclass": null, "name": "Oakland Drive Southwest", "length_m": 106.52587606115323, "is_bridge": false, "is_tunnel": false, "is_structure": false, "walk_ok": true, "walk_oneway": false, "walk_restricted": false, "bike_ok": true, "bike_oneway": false, "bike_restricted": false, "bike_facility": "", "low_stress": true, "dem_gaps": [ ], "max_abs_grade": 0.090593129864734057, "elev_min": 296.08261108398438, "elev_max": 301.4537353515625, "cum_gain_fwd": 0.0, "cum_loss_fwd": 5.371124267578125, "net_change_fwd": -5.371124267578125, "avg_grade_fwd": -0.05042083973139596, "n_samples": 23, "d_abs_above_3": 77.473365783691406, "d_abs_above_5": 58.105022430419922, "d_abs_above_8": 14.52625560760498, "d_abs_above_10": 0.0, "d_abs_above_15": 0.0, "grade_reliable": true, "max_abs_grade_reliable": 0.090593129864734057, "shortest_use": 16, "flat_use": 0, "flat_use_per_objective": 0.0, "unavoidability": 0.0, "barrier_score": 1.5440820038340193, "neighborhood": "Oakland City" }, "geometry": { "type": "LineString", "coordinates": [ [ -84.427237, 33.729667 ], [ -84.427255, 33.728707 ] ] } },
{ "type": "Feature", "properties": { "edge_id": 90063, "segment_id": "1b3144da-6756-4261-a622-95964ead1c2c", "u": "d551575d-8ea1-47fc-901a-8fb08f8e2786", "v": "bf822e01-9431-444e-a23b-22664dcebe77", "part": 0, "cls": "secondary", "subclass": null, "name": "North Avenue Northeast", "length_m": 45.020364507057579, "is_bridge": false, "is_tunnel": false, "is_structure": false, "walk_ok": true, "walk_oneway": false, "walk_restricted": false, "bike_ok": true, "bike_oneway": false, "bike_restricted": false, "bike_facility": "", "low_stress": false, "dem_gaps": [ ], "max_abs_grade": 0.1070411173869793, "elev_min": 296.41754150390625, "elev_max": 301.01763916015625, "cum_gain_fwd": 0.0, "cum_loss_fwd": 4.60009765625, "net_change_fwd": -4.60009765625, "avg_grade_fwd": -0.10217815594173711, "n_samples": 11, "d_abs_above_3": 45.020362854003906, "d_abs_above_5": 45.020362854003906, "d_abs_above_8": 45.020362854003906, "d_abs_above_10": 31.514253616333008, "d_abs_above_15": 0.0, "grade_reliable": true, "max_abs_grade_reliable": 0.1070411173869793, "shortest_use": 32, "flat_use": 0, "flat_use_per_objective": 0.0, "unavoidability": 0.0, "barrier_score": 1.5420896390414549, "neighborhood": "Old Fourth Ward" }, "geometry": { "type": "LineString", "coordinates": [ [ -84.370321, 33.771165 ], [ -84.3698352, 33.771159 ], [ -84.369835199856254, 33.771158999998242 ] ] } },
{ "type": "Feature", "properties": { "edge_id": 8958, "segment_id": "4848b974-1a49-4dac-8964-ff32b8940c4b", "u": "1ca9c3f1-6c1c-41b6-9493-55f201d1d68c", "v": "d0118055-081d-457b-a52a-360f43546a55", "part": 0, "cls": "residential", "subclass": null, "name": "Baker Ridge Drive Northwest", "length_m": 128.03360189430057, "is_bridge": false, "is_tunnel": false, "is_structure": false, "walk_ok": true, "walk_oneway": false, "walk_restricted": false, "bike_ok": true, "bike_oneway": false, "bike_restricted": false, "bike_facility": "", "low_stress": true, "dem_gaps": [ ], "max_abs_grade": 0.098294670205299584, "elev_min": 277.80609130859375, "elev_max": 286.03781127929688, "cum_gain_fwd": 0.0, "cum_loss_fwd": 8.231719970703125, "net_change_fwd": -8.231719970703125, "avg_grade_fwd": -0.06429343531792521, "n_samples": 27, "d_abs_above_3": 108.33612251281738, "d_abs_above_5": 88.638645172119141, "d_abs_above_8": 49.243690490722656, "d_abs_above_10": 0.0, "d_abs_above_15": 0.0, "grade_reliable": true, "max_abs_grade_reliable": 0.098294670205299584, "shortest_use": 12, "flat_use": 0, "flat_use_per_objective": 0.0, "unavoidability": 0.0, "barrier_score": 1.5102024808076273, "neighborhood": "Collier Heights" }, "geometry": { "type": "LineString", "coordinates": [ [ -84.477924, 33.768168 ], [ -84.478438, 33.768179 ], [ -84.478701, 33.768164 ], [ -84.479016, 33.768108 ], [ -84.479279482901816, 33.768024264335367 ] ] } },
{ "type": "Feature", "properties": { "edge_id": 14666, "segment_id": "2a8ea9a5-8047-4cee-b585-3c3ee2342488", "u": "e46b3c57-3db4-4565-92f0-b50bcbd1044d", "v": "498d31a2-4c88-4c04-ad83-1947382bb13b", "part": 4, "cls": "residential", "subclass": null, "name": "Niskey Lake Road Southwest", "length_m": 23.304239240479824, "is_bridge": false, "is_tunnel": false, "is_structure": false, "walk_ok": true, "walk_oneway": false, "walk_restricted": false, "bike_ok": true, "bike_oneway": false, "bike_restricted": false, "bike_facility": "", "low_stress": true, "dem_gaps": [ ], "max_abs_grade": 0.092014043059763212, "elev_min": 270.45095825195312, "elev_max": 272.44894409179688, "cum_gain_fwd": 1.99798583984375, "cum_loss_fwd": -0.0, "net_change_fwd": 1.99798583984375, "avg_grade_fwd": 0.085734866366244333, "n_samples": 6, "d_abs_above_3": 23.304239273071289, "d_abs_above_5": 23.304239273071289, "d_abs_above_8": 18.643391609191895, "d_abs_above_10": 0.0, "d_abs_above_15": 0.0, "grade_reliable": true, "max_abs_grade_reliable": 0.092014043059763212, "shortest_use": 70, "flat_use": 0, "flat_use_per_objective": 0.0, "unavoidability": 0.0, "barrier_score": 1.501022091063974, "neighborhood": "Niskey Lake" }, "geometry": { "type": "LineString", "coordinates": [ [ -84.533527400394377, 33.718455414038011 ], [ -84.5335222, 33.7184423 ], [ -84.5334492, 33.7182575 ], [ -84.533448589023038, 33.718255952281808 ] ] } },
{ "type": "Feature", "properties": { "edge_id": 14249, "segment_id": "c94763a8-0ea2-4b84-bd31-970e1ed94eec", "u": "c7e1602a-2fc7-47c1-b30e-c10e80656eea", "v": "e6ef9a6e-b09e-4279-ae53-664f6af37176", "part": 1, "cls": "residential", "subclass": null, "name": "Utoy Springs Road Southwest", "length_m": 62.785256223909798, "is_bridge": false, "is_tunnel": false, "is_structure": false, "walk_ok": true, "walk_oneway": false, "walk_restricted": false, "bike_ok": true, "bike_oneway": false, "bike_restricted": false, "bike_facility": "", "low_stress": true, "dem_gaps": [ ], "max_abs_grade": 0.085316660082920645, "elev_min": 262.97589111328125, "elev_max": 266.28045654296875, "cum_gain_fwd": 3.3045654296875, "cum_loss_fwd": -0.0, "net_change_fwd": 3.3045654296875, "avg_grade_fwd": 0.052632826082227975, "n_samples": 14, "d_abs_above_3": 53.125984191894531, "d_abs_above_5": 33.807445526123047, "d_abs_above_8": 9.6592702865600586, "d_abs_above_10": 0.0, "d_abs_above_15": 0.0, "grade_reliable": true, "max_abs_grade_reliable": 0.085316660082920645, "shortest_use": 28, "flat_use": 131, "flat_use_per_objective": 43.666666666666664, "unavoidability": 1.0, "barrier_score": 1.4998559417728294, "neighborhood": null }, "geometry": { "type": "LineString", "coordinates": [ [ -84.507683097571828, 33.720725507802001 ], [ -84.5077346, 33.7204837 ], [ -84.5078464, 33.7203384 ], [ -84.5079782, 33.7202402 ] ] } },
{ "type": "Feature", "properties": { "edge_id": 28974, "segment_id": "c9a8bfc1-3b81-4006-877d-e718c814967b", "u": "8ebceac6-3eda-4e5f-af2d-d31a2f4d4f5e", "v": "1a1a4378-7d6d-450f-9227-950c7b6aa78e", "part": 1, "cls": "residential", "subclass": null, "name": "Arthur Street Southwest", "length_m": 100.40526362905726, "is_bridge": false, "is_tunnel": false, "is_structure": false, "walk_ok": true, "walk_oneway": false, "walk_restricted": false, "bike_ok": true, "bike_oneway": false, "bike_restricted": false, "bike_facility": "", "low_stress": true, "dem_gaps": [ ], "max_abs_grade": 0.081489495469791701, "elev_min": 300.7442626953125, "elev_max": 306.93798828125, "cum_gain_fwd": 6.1937255859375, "cum_loss_fwd": -0.0, "net_change_fwd": 6.1937255859375, "avg_grade_fwd": 0.061687258492746262, "n_samples": 22, "d_abs_above_3": 100.40526580810547, "d_abs_above_5": 66.936843872070312, "d_abs_above_8": 9.562408447265625, "d_abs_above_10": 0.0, "d_abs_above_15": 0.0, "grade_reliable": true, "max_abs_grade_reliable": 0.081489495469791701, "shortest_use": 18, "flat_use": 36, "flat_use_per_objective": 12.0, "unavoidability": 0.66666666666666663, "barrier_score": 1.4727553696157942, "neighborhood": "Pittsburgh" }, "geometry": { "type": "LineString", "coordinates": [ [ -84.40489199990563, 33.728120399999383 ], [ -84.404892, 33.7281204 ], [ -84.405975, 33.728128 ] ] } },
{ "type": "Feature", "properties": { "edge_id": 9272, "segment_id": "a596c607-1bd9-4f12-9feb-3f64864e0452", "u": "20751585-5f36-4316-93fa-362b0b59628a", "v": "a0357706-4413-4620-b5ad-780dd2ba6b94", "part": 0, "cls": "residential", "subclass": null, "name": "Woods Drive Northwest", "length_m": 280.69040585047253, "is_bridge": false, "is_tunnel": false, "is_structure": false, "walk_ok": true, "walk_oneway": false, "walk_restricted": false, "bike_ok": true, "bike_oneway": false, "bike_restricted": false, "bike_facility": "", "low_stress": true, "dem_gaps": [ ], "max_abs_grade": 0.087343713688124561, "elev_min": 274.4400634765625, "elev_max": 287.28070068359375, "cum_gain_fwd": 12.84063720703125, "cum_loss_fwd": 0.376220703125, "net_change_fwd": 12.46441650390625, "avg_grade_fwd": 0.044406280160514684, "n_samples": 58, "d_abs_above_3": 231.44648599624634, "d_abs_above_5": 113.26104354858398, "d_abs_above_8": 19.69757080078125, "d_abs_above_10": 0.0, "d_abs_above_15": 0.0, "grade_reliable": true, "max_abs_grade_reliable": 0.087343713688124561, "shortest_use": 6, "flat_use": 0, "flat_use_per_objective": 0.0, "unavoidability": 0.0, "barrier_score": 1.4709925466164293, "neighborhood": "Center Hill" }, "geometry": { "type": "LineString", "coordinates": [ [ -84.46827, 33.773009 ], [ -84.468624, 33.773925 ], [ -84.469187091033461, 33.775420176191147 ] ] } },
{ "type": "Feature", "properties": { "edge_id": 109245, "segment_id": "29f12575-0884-4165-b9bb-acffdd9f225d", "u": "d863db48-f88e-46cb-b2b6-00bd75f4dc68", "v": "3badf6e3-2be4-4044-b3bb-f27ac410f118", "part": 0, "cls": "residential", "subclass": null, "name": "Slaton Drive Northwest", "length_m": 162.64691412176865, "is_bridge": false, "is_tunnel": false, "is_structure": false, "walk_ok": true, "walk_oneway": false, "walk_restricted": false, "bike_ok": true, "bike_oneway": false, "bike_restricted": false, "bike_facility": "", "low_stress": true, "dem_gaps": [ ], "max_abs_grade": 0.11280870074023164, "elev_min": 276.9588623046875, "elev_max": 290.0823974609375, "cum_gain_fwd": 13.12353515625, "cum_loss_fwd": 0.126800537109375, "net_change_fwd": 12.996734619140625, "avg_grade_fwd": 0.079907663106558932, "n_samples": 34, "d_abs_above_3": 142.9321346282959, "d_abs_above_5": 133.07474517822266, "d_abs_above_8": 123.21735763549805, "d_abs_above_10": 44.358249664306641, "d_abs_above_15": 0.0, "grade_reliable": true, "max_abs_grade_reliable": 0.11280870074023164, "shortest_use": 8, "flat_use": 0, "flat_use_per_objective": 0.0, "unavoidability": 0.0, "barrier_score": 1.4678389649187804, "neighborhood": "Peachtree Heights West" }, "geometry": { "type": "LineString", "coordinates": [ [ -84.387799, 33.836321 ], [ -84.387197, 33.836262 ], [ -84.387019, 33.836276 ], [ -84.386862, 33.836316 ], [ -84.386768, 33.836355 ], [ -84.38668, 33.836402 ], [ -84.3866, 33.836458 ], [ -84.386539, 33.836512 ], [ -84.386476, 33.836582 ], [ -84.386423, 33.836657 ], [ -84.386382, 33.836738 ], [ -84.386356, 33.83681 ] ] } },
{ "type": "Feature", "properties": { "edge_id": 38765, "segment_id": "0a7fdddd-0b8d-420c-b381-06620c92a813", "u": "815edac4-ef8d-4701-b8a6-2459be4c717c", "v": "4e3a2f78-560d-4a26-b0e0-022ce90a4bfa", "part": 0, "cls": "residential", "subclass": null, "name": "Harbour Drive Southeast", "length_m": 77.525339459785172, "is_bridge": false, "is_tunnel": false, "is_structure": false, "walk_ok": true, "walk_oneway": false, "walk_restricted": false, "bike_ok": true, "bike_oneway": false, "bike_restricted": false, "bike_facility": "", "low_stress": true, "dem_gaps": [ ], "max_abs_grade": 0.13474689294537598, "elev_min": 292.095703125, "elev_max": 295.22946166992188, "cum_gain_fwd": 1.8585205078125, "cum_loss_fwd": 3.133758544921875, "net_change_fwd": -1.275238037109375, "avg_grade_fwd": -0.016449306547394401, "n_samples": 17, "d_abs_above_3": 67.834671020507812, "d_abs_above_5": 58.144004344940186, "d_abs_above_8": 14.535999298095703, "d_abs_above_10": 9.6906661987304688, "d_abs_above_15": 0.0, "grade_reliable": true, "max_abs_grade_reliable": 0.13474689294537598, "shortest_use": 14, "flat_use": 0, "flat_use_per_objective": 0.0, "unavoidability": 0.0, "barrier_score": 1.4624818063438247, "neighborhood": "Chosewood Park" }, "geometry": { "type": "LineString", "coordinates": [ [ -84.3735743, 33.7154136 ], [ -84.3727383, 33.7154027 ] ] } },
{ "type": "Feature", "properties": { "edge_id": 16923, "segment_id": "6c413d52-3727-42ae-a944-70367794a935", "u": "ef2d6a3e-e98d-416c-b07c-2248d91caf9d", "v": "2cd26e5f-1ba1-4d50-bd73-494e0d076856", "part": 0, "cls": "tertiary", "subclass": null, "name": "Centra Villa Drive Southwest", "length_m": 80.753212609593035, "is_bridge": false, "is_tunnel": false, "is_structure": false, "walk_ok": true, "walk_oneway": false, "walk_restricted": false, "bike_ok": true, "bike_oneway": false, "bike_restricted": false, "bike_facility": "", "low_stress": false, "dem_gaps": [ ], "max_abs_grade": 0.090097122307935693, "elev_min": 302.11029052734375, "elev_max": 306.4317626953125, "cum_gain_fwd": 0.0, "cum_loss_fwd": 4.32147216796875, "net_change_fwd": -4.32147216796875, "avg_grade_fwd": -0.053514554557921333, "n_samples": 18, "d_abs_above_3": 61.752456665039062, "d_abs_above_5": 42.751701354980469, "d_abs_above_8": 14.250572204589844, "d_abs_above_10": 0.0, "d_abs_above_15": 0.0, "grade_reliable": true, "max_abs_grade_reliable": 0.090097122307935693, "shortest_use": 20, "flat_use": 16, "flat_use_per_objective": 5.333333333333333, "unavoidability": 0.26666666666666666, "barrier_score": 1.4551264146490479, "neighborhood": "Adams Park" }, "geometry": { "type": "LineString", "coordinates": [ [ -84.455641, 33.7086907 ], [ -84.4556582, 33.707963 ], [ -84.455658200005175, 33.70796299978354 ] ] } },
{ "type": "Feature", "properties": { "edge_id": 16478, "segment_id": "84ea28c5-41a3-4925-b1ea-de5638e0b93e", "u": "baafe13a-3446-4705-9022-46e1667aa2b5", "v": "f63c9a80-767d-4bcf-9cf9-f413c12c0fad", "part": 0, "cls": "tertiary", "subclass": null, "name": "Avon Avenue Southwest", "length_m": 211.07868521569034, "is_bridge": false, "is_tunnel": false, "is_structure": false, "walk_ok": true, "walk_oneway": false, "walk_restricted": false, "bike_ok": true, "bike_oneway": false, "bike_restricted": false, "bike_facility": "", "low_stress": false, "dem_gaps": [ ], "max_abs_grade": 0.085861537313803998, "elev_min": 289.97314453125, "elev_max": 295.49990844726562, "cum_gain_fwd": 5.526763916015625, "cum_loss_fwd": 3.4530029296875, "net_change_fwd": 2.073760986328125, "avg_grade_fwd": 0.0098245871741086503, "n_samples": 44, "d_abs_above_3": 166.89943695068359, "d_abs_above_5": 58.905685424804688, "d_abs_above_8": 39.270462036132812, "d_abs_above_10": 0.0, "d_abs_above_15": 0.0, "grade_reliable": true, "max_abs_grade_reliable": 0.085861537313803998, "shortest_use": 8, "flat_use": 0, "flat_use_per_objective": 0.0, "unavoidability": 0.0, "barrier_score": 1.4498832325436546, "neighborhood": "Cascade Avenue/Road" }, "geometry": { "type": "LineString", "coordinates": [ [ -84.4398953, 33.722503 ], [ -84.440835, 33.7225073 ], [ -84.441213, 33.722509 ], [ -84.4413377, 33.7225095 ], [ -84.442172, 33.722513 ] ] } },
{ "type": "Feature", "properties": { "edge_id": 49743, "segment_id": "3e16e234-f914-4216-9837-f4c9f29b5335", "u": "8d219c1d-d366-4d5c-8219-4f20bcf1a686", "v": "fbf9e06a-6235-465d-b899-8d3596a4b02e", "part": 2, "cls": "tertiary", "subclass": null, "name": "Fair Street Southwest", "length_m": 122.86231134190626, "is_bridge": false, "is_tunnel": false, "is_structure": false, "walk_ok": true, "walk_oneway": false, "walk_restricted": false, "bike_ok": true, "bike_oneway": false, "bike_restricted": false, "bike_facility": "", "low_stress": false, "dem_gaps": [ ], "max_abs_grade": 0.084005017449297684, "elev_min": 306.43136596679688, "elev_max": 314.34085083007812, "cum_gain_fwd": 0.0, "cum_loss_fwd": 7.90948486328125, "net_change_fwd": -7.90948486328125, "avg_grade_fwd": -0.064376819173650165, "n_samples": 26, "d_abs_above_3": 122.86231231689453, "d_abs_above_5": 113.03332614898682, "d_abs_above_8": 14.743476867675781, "d_abs_above_10": 0.0, "d_abs_above_15": 0.0, "grade_reliable": true, "max_abs_grade_reliable": 0.084005017449297684, "shortest_use": 14, "flat_use": 0, "flat_use_per_objective": 0.0, "unavoidability": 0.0, "barrier_score": 1.4449470851393034, "neighborhood": "Ashview Heights" }, "geometry": { "type": "LineString", "coordinates": [ [ -84.418332400033407, 33.749066699999915 ], [ -84.419658, 33.749063 ] ] } },
{ "type": "Feature", "properties": { "edge_id": 101862, "segment_id": "eacf00f9-7ae9-4f0d-ae0f-88e4bd195158", "u": "23511faf-da3d-4993-a275-6927f35f03f5", "v": "d72d03aa-eedd-4acb-b1c8-89c29e3a80b7", "part": 0, "cls": "tertiary", "subclass": null, "name": "West Wesley Road Northwest", "length_m": 103.78405932502139, "is_bridge": false, "is_tunnel": false, "is_structure": false, "walk_ok": true, "walk_oneway": false, "walk_restricted": false, "bike_ok": true, "bike_oneway": false, "bike_restricted": false, "bike_facility": "", "low_stress": false, "dem_gaps": [ ], "max_abs_grade": 0.086990685744411017, "elev_min": 252.79609680175781, "elev_max": 259.65731811523438, "cum_gain_fwd": 0.0, "cum_loss_fwd": 6.8612213134765625, "net_change_fwd": -6.8612213134765625, "avg_grade_fwd": -0.06611055176493974, "n_samples": 22, "d_abs_above_3": 88.957763671875, "d_abs_above_5": 74.1314697265625, "d_abs_above_8": 59.30517578125, "d_abs_above_10": 0.0, "d_abs_above_15": 0.0, "grade_reliable": true, "max_abs_grade_reliable": 0.086990685744411017, "shortest_use": 16, "flat_use": 3, "flat_use_per_objective": 1.0, "unavoidability": 0.0625, "barrier_score": 1.4445194384035593, "neighborhood": "Margaret Mitchell" }, "geometry": { "type": "LineString", "coordinates": [ [ -84.436192, 33.837621 ], [ -84.436634, 33.837757 ], [ -84.437247, 33.837937 ] ] } },
{ "type": "Feature", "properties": { "edge_id": 55857, "segment_id": "1305e8ef-bbc5-4fb9-8972-d0cffeb39a57", "u": "ca72df21-8beb-49b1-b405-ad69a356c076", "v": "578096d0-d883-4cb6-a12b-606dc74c5f1e", "part": 0, "cls": "residential", "subclass": null, "name": "Rhomboid Street Northwest", "length_m": 170.95426986781689, "is_bridge": false, "is_tunnel": false, "is_structure": false, "walk_ok": true, "walk_oneway": false, "walk_restricted": false, "bike_ok": true, "bike_oneway": false, "bike_restricted": false, "bike_facility": "", "low_stress": true, "dem_gaps": [ ], "max_abs_grade": 0.10558427013678345, "elev_min": 271.17062377929688, "elev_max": 282.45684814453125, "cum_gain_fwd": 11.286224365234375, "cum_loss_fwd": 0.45013427734375, "net_change_fwd": 10.836090087890625, "avg_grade_fwd": 0.063385899195968029, "n_samples": 36, "d_abs_above_3": 131.87901306152344, "d_abs_above_5": 126.99459838867188, "d_abs_above_8": 83.034934520721436, "d_abs_above_10": 14.653221130371094, "d_abs_above_15": 0.0, "grade_reliable": true, "max_abs_grade_reliable": 0.10558427013678345, "shortest_use": 8, "flat_use": 0, "flat_use_per_objective": 0.0, "unavoidability": 0.0, "barrier_score": 1.4440065448608126, "neighborhood": "Underwood Hills" }, "geometry": { "type": "LineString", "coordinates": [ [ -84.423105, 33.807735 ], [ -84.423234, 33.807722 ], [ -84.424041, 33.807713 ], [ -84.424948094517887, 33.807667300276186 ] ] } },
{ "type": "Feature", "properties": { "edge_id": 54670, "segment_id": "e319b741-71cf-4b76-b65e-ffd0bc5ab365", "u": "b24dd765-5cdd-4c4f-9067-cbb574919be7", "v": "b44f96fd-783e-44f2-9150-95cbbbc4ad02", "part": 0, "cls": "residential", "subclass": null, "name": "Elbridge Drive Northwest", "length_m": 176.27160114590271, "is_bridge": false, "is_tunnel": false, "is_structure": false, "walk_ok": true, "walk_oneway": false, "walk_restricted": false, "bike_ok": true, "bike_oneway": false, "bike_restricted": false, "bike_facility": "", "low_stress": true, "dem_gaps": [ ], "max_abs_grade": 0.13492368939753968, "elev_min": 271.36370849609375, "elev_max": 286.72021484375, "cum_gain_fwd": 0.27618408203125, "cum_loss_fwd": 15.35650634765625, "net_change_fwd": -15.080322265625, "avg_grade_fwd": -0.085551624392233613, "n_samples": 37, "d_abs_above_3": 156.68587350845337, "d_abs_above_5": 146.89300537109375, "d_abs_above_8": 122.41082763671875, "d_abs_above_10": 88.13580322265625, "d_abs_above_15": 0.0, "grade_reliable": true, "max_abs_grade_reliable": 0.13492368939753968, "shortest_use": 6, "flat_use": 0, "flat_use_per_objective": 0.0, "unavoidability": 0.0, "barrier_score": 1.4269928857570064, "neighborhood": "Historic Westin Heights/Bankhead" }, "geometry": { "type": "LineString", "coordinates": [ [ -84.432644, 33.769849 ], [ -84.43264, 33.771437 ], [ -84.432640178065299, 33.771437712261175 ] ] } },
{ "type": "Feature", "properties": { "edge_id": 106374, "segment_id": "facfb21d-b729-4448-bf49-90b042858ac1", "u": "57a76fef-16bc-47d9-a175-f31170edbaa2", "v": "60690cfd-eb00-4df3-99cc-c6d8b29ef091", "part": 8, "cls": "secondary", "subclass": null, "name": "Howell Mill Road Northwest", "length_m": 94.315776778018318, "is_bridge": false, "is_tunnel": false, "is_structure": false, "walk_ok": true, "walk_oneway": false, "walk_restricted": false, "bike_ok": true, "bike_oneway": false, "bike_restricted": false, "bike_facility": "", "low_stress": false, "dem_gaps": [ ], "max_abs_grade": 0.083800597796245921, "elev_min": 270.10653686523438, "elev_max": 276.66867065429688, "cum_gain_fwd": 6.5621337890625, "cum_loss_fwd": -0.0, "net_change_fwd": 6.5621337890625, "avg_grade_fwd": 0.069576207453116795, "n_samples": 20, "d_abs_above_3": 94.315773010253906, "d_abs_above_5": 94.315773010253906, "d_abs_above_8": 19.855953216552734, "d_abs_above_10": 0.0, "d_abs_above_15": 0.0, "grade_reliable": true, "max_abs_grade_reliable": 0.083800597796245921, "shortest_use": 18, "flat_use": 12, "flat_use_per_objective": 4.0, "unavoidability": 0.22222222222222221, "barrier_score": 1.4226693256107403, "neighborhood": null }, "geometry": { "type": "LineString", "coordinates": [ [ -84.427698961053522, 33.841868100989522 ], [ -84.4276938, 33.8418508 ], [ -84.4276872, 33.8418286 ], [ -84.4275531, 33.8413794 ], [ -84.4274865, 33.8411811 ], [ -84.427435162719348, 33.841047305928797 ] ] } },
{ "type": "Feature", "properties": { "edge_id": 49279, "segment_id": "03e112ab-b612-4676-8837-49297c068c59", "u": "02aeeae4-bd65-4812-af71-fc4f1f47bd17", "v": "e12a9dc5-6399-4481-91d5-dabd3c15647f", "part": 1, "cls": "residential", "subclass": null, "name": "Ollie Street Northwest", "length_m": 96.553171664773799, "is_bridge": false, "is_tunnel": false, "is_structure": false, "walk_ok": true, "walk_oneway": false, "walk_restricted": false, "bike_ok": true, "bike_oneway": false, "bike_restricted": false, "bike_facility": "", "low_stress": true, "dem_gaps": [ ], "max_abs_grade": 0.12228120441676373, "elev_min": 286.46981811523438, "elev_max": 290.84634399414062, "cum_gain_fwd": 4.37652587890625, "cum_loss_fwd": 1.583587646484375, "net_change_fwd": 2.792938232421875, "avg_grade_fwd": 0.028926427315670435, "n_samples": 21, "d_abs_above_3": 77.242536544799805, "d_abs_above_5": 67.587217330932617, "d_abs_above_8": 33.793605804443359, "d_abs_above_10": 19.310630798339844, "d_abs_above_15": 0.0, "grade_reliable": true, "max_abs_grade_reliable": 0.12228120441676373, "shortest_use": 12, "flat_use": 0, "flat_use_per_objective": 0.0, "unavoidability": 0.0, "barrier_score": 1.4167965745712501, "neighborhood": "Washington Park" }, "geometry": { "type": "LineString", "coordinates": [ [ -84.421316300000669, 33.754864799932889 ], [ -84.4213163, 33.7548648 ], [ -84.421308, 33.755735 ] ] } },
{ "type": "Feature", "properties": { "edge_id": 15623, "segment_id": "e5fead5a-bdba-41c9-b035-e1d10d844f41", "u": "ee5ef056-183b-4b8b-b2e0-363a1046307d", "v": "7098ccb9-7f04-4a91-967a-e8e7acf12656", "part": 0, "cls": "residential", "subclass": null, "name": "Dodson Drive Southwest", "length_m": 98.408954848620468, "is_bridge": true, "is_tunnel": false, "is_structure": true, "walk_ok": true, "walk_oneway": false, "walk_restricted": false, "bike_ok": true, "bike_oneway": false, "bike_restricted": false, "bike_facility": "", "low_stress": true, "dem_gaps": [ ], "max_abs_grade": 0.089702410717400663, "elev_min": 266.79534912109375, "elev_max": 275.62258911132812, "cum_gain_fwd": 0.0, "cum_loss_fwd": 8.827239990234375, "net_change_fwd": -8.827239990234375, "avg_grade_fwd": -0.08969955714000967, "n_samples": 21, "d_abs_above_3": 98.408958435058594, "d_abs_above_5": 98.408958435058594, "d_abs_above_8": 98.408958435058594, "d_abs_above_10": 0.0, "d_abs_above_15": 0.0, "grade_reliable": true, "max_abs_grade_reliable": 0.089702410717400663, "shortest_use": 16, "flat_use": 10, "flat_use_per_objective": 3.3333333333333335, "unavoidability": 0.20833333333333334, "barrier_score": 1.4124032777761744, "neighborhood": "Laurens Valley" }, "geometry": { "type": "LineString", "coordinates": [ [ -84.474552, 33.712444 ], [ -84.4745957, 33.7115962 ], [ -84.474597677572262, 33.711557836954917 ] ] } },
{ "type": "Feature", "properties": { "edge_id": 89020, "segment_id": "eeb308bf-a535-4873-9f42-4b562e2e3359", "u": "82b45049-8f9f-4e54-afae-dca70395229a", "v": "d39f8520-8531-43fc-803e-6f1d1f333fd6", "part": 0, "cls": "steps", "subclass": null, "name": "Beltline Access Line", "length_m": 17.505513731255871, "is_bridge": false, "is_tunnel": false, "is_structure": false, "walk_ok": true, "walk_oneway": false, "walk_restricted": false, "bike_ok": false, "bike_oneway": false, "bike_restricted": false, "bike_facility": "", "low_stress": false, "dem_gaps": [ ], "max_abs_grade": 0.364205832447422, "elev_min": 280.16522216796875, "elev_max": 286.46408081054688, "cum_gain_fwd": 0.0, "cum_loss_fwd": 6.298858642578125, "net_change_fwd": -6.298858642578125, "avg_grade_fwd": -0.35982140201315527, "n_samples": 5, "d_abs_above_3": 17.505514144897461, "d_abs_above_5": 17.505514144897461, "d_abs_above_8": 17.505514144897461, "d_abs_above_10": 17.505514144897461, "d_abs_above_15": 17.505514144897461, "grade_reliable": true, "max_abs_grade_reliable": 0.364205832447422, "shortest_use": 22, "flat_use": 0, "flat_use_per_objective": 0.0, "unavoidability": 0.0, "barrier_score": 1.4026342442006003, "neighborhood": "Old Fourth Ward" }, "geometry": { "type": "LineString", "coordinates": [ [ -84.3630275, 33.7693053 ], [ -84.3631899, 33.7692247 ] ] } },
{ "type": "Feature", "properties": { "edge_id": 91469, "segment_id": "0ecaadca-e61f-4ac8-b715-63d6b5acc9cc", "u": "70fa4b7b-1e61-4be5-a60c-6ec3a540237d", "v": "b60ab550-9d46-4937-9ddd-ac4834edaa9f", "part": 1, "cls": "residential", "subclass": null, "name": "Yorkshire Road Northeast", "length_m": 353.93748409079251, "is_bridge": false, "is_tunnel": false, "is_structure": false, "walk_ok": true, "walk_oneway": false, "walk_restricted": false, "bike_ok": true, "bike_oneway": false, "bike_restricted": false, "bike_facility": "", "low_stress": true, "dem_gaps": [ ], "max_abs_grade": 0.098959517048171977, "elev_min": 254.6246337890625, "elev_max": 272.41278076171875, "cum_gain_fwd": 18.56982421875, "cum_loss_fwd": 3.845703125, "net_change_fwd": 14.72412109375, "avg_grade_fwd": 0.041600910791620115, "n_samples": 72, "d_abs_above_3": 284.14695739746094, "d_abs_above_5": 229.31158447265625, "d_abs_above_8": 154.53609085083008, "d_abs_above_10": 0.0, "d_abs_above_15": 0.0, "grade_reliable": true, "max_abs_grade_reliable": 0.098959517048171977, "shortest_use": 4, "flat_use": 0, "flat_use_per_objective": 0.0, "unavoidability": 0.0, "barrier_score": 1.401019299634795, "neighborhood": "Morningside/Lenox Park" }, "geometry": { "type": "LineString", "coordinates": [ [ -84.367348136044441, 33.795262156615316 ], [ -84.367317, 33.795267 ], [ -84.363528, 33.795254 ] ] } },
{ "type": "Feature", "properties": { "edge_id": 84803, "segment_id": "1c655837-632c-4a14-b824-2bbaf53dac17", "u": "29717690-d0a2-4666-af91-96f5adea86b8", "v": "b4427e1f-8e9f-4082-834c-3bb027184edd", "part": 1, "cls": "service", "subclass": null, "name": null, "length_m": 49.270368714938911, "is_bridge": false, "is_tunnel": false, "is_structure": false, "walk_ok": true, "walk_oneway": false, "walk_restricted": false, "bike_ok": true, "bike_oneway": false, "bike_restricted": false, "bike_facility": "", "low_stress": false, "dem_gaps": [ ], "max_abs_grade": 0.11766550389112364, "elev_min": 296.60061645507812, "elev_max": 300.86126708984375, "cum_gain_fwd": 4.260650634765625, "cum_loss_fwd": -0.0, "net_change_fwd": 4.260650634765625, "avg_grade_fwd": 0.086474905566241753, "n_samples": 11, "d_abs_above_3": 49.270370483398438, "d_abs_above_5": 49.270370483398438, "d_abs_above_8": 24.635183334350586, "d_abs_above_10": 19.708147048950195, "d_abs_above_15": 0.0, "grade_reliable": true, "max_abs_grade_reliable": 0.11766550389112364, "shortest_use": 24, "flat_use": 0, "flat_use_per_objective": 0.0, "unavoidability": 0.0, "barrier_score": 1.391381462818738, "neighborhood": "Edgewood" }, "geometry": { "type": "LineString", "coordinates": [ [ -84.347131011921718, 33.75548030204682 ], [ -84.3471312, 33.7554898 ], [ -84.3471346, 33.7556684 ], [ -84.3471467, 33.7557386 ], [ -84.347232483616253, 33.755909167423454 ] ] } },
{ "type": "Feature", "properties": { "edge_id": 110411, "segment_id": "4349e255-d0c9-485a-94e6-f6a7eefd6732", "u": "5ad38258-cb75-4914-bc17-4c2b4492b15f", "v": "fae00b2c-b49a-4828-80e8-d3058954f4c5", "part": 4, "cls": "footway", "subclass": null, "name": null, "length_m": 60.679541585884031, "is_bridge": false, "is_tunnel": false, "is_structure": false, "walk_ok": true, "walk_oneway": false, "walk_restricted": false, "bike_ok": true, "bike_oneway": false, "bike_restricted": false, "bike_facility": "shared_path", "low_stress": true, "dem_gaps": [ ], "max_abs_grade": 0.088185807719159459, "elev_min": 295.27545166015625, "elev_max": 299.4093017578125, "cum_gain_fwd": 4.13385009765625, "cum_loss_fwd": -0.0, "net_change_fwd": 4.13385009765625, "avg_grade_fwd": 0.068125927199084571, "n_samples": 14, "d_abs_above_3": 51.344226837158203, "d_abs_above_5": 46.676570892333984, "d_abs_above_8": 32.673598289489746, "d_abs_above_10": 0.0, "d_abs_above_15": 0.0, "grade_reliable": true, "max_abs_grade_reliable": 0.088185807719159459, "shortest_use": 26, "flat_use": 0, "flat_use_per_objective": 0.0, "unavoidability": 0.0, "barrier_score": 1.3912793405626727, "neighborhood": "Buckhead Village" }, "geometry": { "type": "LineString", "coordinates": [ [ -84.372434998987444, 33.837115797489453 ], [ -84.3724351, 33.8371158 ], [ -84.37299920000001, 33.8371312 ], [ -84.3730895, 33.837139300000011 ], [ -84.373089526084343, 33.837139301565067 ] ] } },
{ "type": "Feature", "properties": { "edge_id": 54667, "segment_id": "a9995a49-365b-4a86-b204-db66f5fce1a8", "u": "28142956-81cb-4d0c-ba73-21575a2cbdaf", "v": "b24dd765-5cdd-4c4f-9067-cbb574919be7", "part": 0, "cls": "residential", "subclass": null, "name": "Elbridge Drive Northwest", "length_m": 194.32573596112979, "is_bridge": false, "is_tunnel": false, "is_structure": false, "walk_ok": true, "walk_oneway": false, "walk_restricted": false, "bike_ok": true, "bike_oneway": false, "bike_restricted": false, "bike_facility": "", "low_stress": true, "dem_gaps": [ ], "max_abs_grade": 0.11908852324473966, "elev_min": 279.23184204101562, "elev_max": 286.44403076171875, "cum_gain_fwd": 7.212188720703125, "cum_loss_fwd": 3.245758056640625, "net_change_fwd": 3.9664306640625, "avg_grade_fwd": 0.020411248046870552, "n_samples": 40, "d_abs_above_3": 134.53319549560547, "d_abs_above_5": 79.723373413085938, "d_abs_above_8": 54.809814453125, "d_abs_above_10": 34.878982543945312, "d_abs_above_15": 0.0, "grade_reliable": true, "max_abs_grade_reliable": 0.11908852324473966, "shortest_use": 6, "flat_use": 0, "flat_use_per_objective": 0.0, "unavoidability": 0.0, "barrier_score": 1.3885178954434889, "neighborhood": "Historic Westin Heights/Bankhead" }, "geometry": { "type": "LineString", "coordinates": [ [ -84.433166, 33.768354 ], [ -84.433103, 33.768385 ], [ -84.432781, 33.768482 ], [ -84.432711, 33.768535 ], [ -84.43266, 33.768615 ], [ -84.432647, 33.768676 ], [ -84.432644, 33.769849 ] ] } },
{ "type": "Feature", "properties": { "edge_id": 89723, "segment_id": "4f7a4a51-6094-4c66-b5ce-a0bdbf24d6a7", "u": "6f0c7508-10bd-4d9d-9ad5-2b3849c74013", "v": "521ab648-28ff-442a-8f26-07f035d8b68a", "part": 2, "cls": "secondary", "subclass": null, "name": "North Avenue Northeast", "length_m": 98.538530211529505, "is_bridge": false, "is_tunnel": false, "is_structure": false, "walk_ok": true, "walk_oneway": false, "walk_restricted": false, "bike_ok": true, "bike_oneway": false, "bike_restricted": false, "bike_facility": "", "low_stress": false, "dem_gaps": "[ 0.64787542 56.75410949]", "max_abs_grade": 0.10020099662115078, "elev_min": 276.80078125, "elev_max": 283.58200073242188, "cum_gain_fwd": 6.781219482421875, "cum_loss_fwd": -0.0, "net_change_fwd": 6.781219482421875, "avg_grade_fwd": 0.068817949583923121, "n_samples": 21, "d_abs_above_3": 98.538528442382812, "d_abs_above_5": 98.538528442382812, "d_abs_above_8": 29.561553955078125, "d_abs_above_10": 4.9269256591796875, "d_abs_above_15": 0.0, "grade_reliable": true, "max_abs_grade_reliable": 0.10020099662115078, "shortest_use": 14, "flat_use": 0, "flat_use_per_objective": 0.0, "unavoidability": 0.0, "barrier_score": 1.3823122505890086, "neighborhood": "Poncey-Highland" }, "geometry": { "type": "LineString", "coordinates": [ [ -84.364158493604876, 33.771131400043444 ], [ -84.363923, 33.771133 ], [ -84.3630951, 33.7711355 ], [ -84.36309509740434, 33.771135499991786 ] ] } },
{ "type": "Feature", "properties": { "edge_id": 106372, "segment_id": "facfb21d-b729-4448-bf49-90b042858ac1", "u": "ba0ae928-3923-4ce0-841f-90eccdd06b76", "v": "63dff411-1361-49cf-93c6-2e6a9e214302", "part": 6, "cls": "secondary", "subclass": null, "name": "Howell Mill Road Northwest", "length_m": 91.582412185025049, "is_bridge": false, "is_tunnel": false, "is_structure": false, "walk_ok": true, "walk_oneway": false, "walk_restricted": false, "bike_ok": true, "bike_oneway": false, "bike_restricted": false, "bike_facility": "", "low_stress": false, "dem_gaps": [ ], "max_abs_grade": 0.082585220021882483, "elev_min": 260.13067626953125, "elev_max": 267.4068603515625, "cum_gain_fwd": 7.27618408203125, "cum_loss_fwd": -0.0, "net_change_fwd": 7.27618408203125, "avg_grade_fwd": 0.079449578428326145, "n_samples": 20, "d_abs_above_3": 91.582412719726562, "d_abs_above_5": 91.582412719726562, "d_abs_above_8": 62.661648750305176, "d_abs_above_10": 0.0, "d_abs_above_15": 0.0, "grade_reliable": true, "max_abs_grade_reliable": 0.082585220021882483, "shortest_use": 18, "flat_use": 12, "flat_use_per_objective": 4.0, "unavoidability": 0.22222222222222221, "barrier_score": 1.3614036588783045, "neighborhood": null }, "geometry": { "type": "LineString", "coordinates": [ [ -84.428040572431328, 33.842991917435484 ], [ -84.4280296, 33.8429508 ], [ -84.4280173, 33.8429047 ], [ -84.4278973, 33.842518 ], [ -84.427796826239856, 33.842191995705029 ] ] } },
{ "type": "Feature", "properties": { "edge_id": 99920, "segment_id": "ec604bb6-726f-4433-9c43-c1c464bb64d0", "u": "9974e87f-8b13-4e09-86af-165b29daa37c", "v": "04b095ce-9a6b-4eb7-99d9-7e13ffae5ac9", "part": 2, "cls": "tertiary", "subclass": null, "name": "Howard Circle Northeast", "length_m": 121.46124998326562, "is_bridge": false, "is_tunnel": false, "is_structure": false, "walk_ok": true, "walk_oneway": false, "walk_restricted": false, "bike_ok": true, "bike_oneway": false, "bike_restricted": false, "bike_facility": "", "low_stress": false, "dem_gaps": [ ], "max_abs_grade": 0.093152278929204191, "elev_min": 299.94570922851562, "elev_max": 307.86221313476562, "cum_gain_fwd": 0.0, "cum_loss_fwd": 7.91650390625, "net_change_fwd": -7.91650390625, "avg_grade_fwd": -0.065177197553618935, "n_samples": 26, "d_abs_above_3": 121.46125030517578, "d_abs_above_5": 106.88590240478516, "d_abs_above_8": 9.7168998718261719, "d_abs_above_10": 0.0, "d_abs_above_15": 0.0, "grade_reliable": true, "max_abs_grade_reliable": 0.093152278929204191, "shortest_use": 12, "flat_use": 0, "flat_use_per_objective": 0.0, "unavoidability": 0.0, "barrier_score": 1.3577270685037148, "neighborhood": "Lake Claire" }, "geometry": { "type": "LineString", "coordinates": [ [ -84.320768255636196, 33.763887443352104 ], [ -84.3207724, 33.7638886 ], [ -84.321003, 33.763953 ], [ -84.32133, 33.764054 ], [ -84.321674, 33.764217 ], [ -84.3219485, 33.764352700000011 ] ] } },
{ "type": "Feature", "properties": { "edge_id": 10093, "segment_id": "38cc775c-b3c3-414c-93bf-eb03378fda36", "u": "53d46f6b-e3c7-4609-a36e-8d7d4bad91c3", "v": "e13761ee-1711-461b-a01b-fceaff0fd8b6", "part": 1, "cls": "tertiary", "subclass": null, "name": "West Lake Avenue Northwest", "length_m": 76.773663499575605, "is_bridge": false, "is_tunnel": false, "is_structure": false, "walk_ok": true, "walk_oneway": false, "walk_restricted": false, "bike_ok": true, "bike_oneway": false, "bike_restricted": false, "bike_facility": "", "low_stress": false, "dem_gaps": [ ], "max_abs_grade": 0.088079824527232384, "elev_min": 295.15402221679688, "elev_max": 298.33694458007812, "cum_gain_fwd": 0.0, "cum_loss_fwd": 3.18292236328125, "net_change_fwd": -3.18292236328125, "avg_grade_fwd": -0.041458517135952555, "n_samples": 17, "d_abs_above_3": 52.781896591186523, "d_abs_above_5": 28.790122985839844, "d_abs_above_8": 14.395061492919922, "d_abs_above_10": 0.0, "d_abs_above_15": 0.0, "grade_reliable": true, "max_abs_grade_reliable": 0.088079824527232384, "shortest_use": 20, "flat_use": 52, "flat_use_per_objective": 17.333333333333332, "unavoidability": 0.86666666666666659, "barrier_score": 1.3524421618710809, "neighborhood": "West Lake" }, "geometry": { "type": "LineString", "coordinates": [ [ -84.444250569390036, 33.756302676604719 ], [ -84.4442506, 33.7563029 ], [ -84.44428, 33.756518 ], [ -84.444319, 33.756992 ], [ -84.444318994294079, 33.756992124425857 ] ] } },
{ "type": "Feature", "properties": { "edge_id": 90066, "segment_id": "1b3144da-6756-4261-a622-95964ead1c2c", "u": "e4c2b2db-f34e-43b9-82ae-0e9b921d77ad", "v": "50b3a07d-7cfe-458f-b5c1-be3559980443", "part": 3, "cls": "secondary", "subclass": null, "name": "North Avenue Northeast", "length_m": 38.579558282215729, "is_bridge": false, "is_tunnel": false, "is_structure": false, "walk_ok": true, "walk_oneway": false, "walk_restricted": false, "bike_ok": true, "bike_oneway": false, "bike_restricted": false, "bike_facility": "", "low_stress": false, "dem_gaps": [ ], "max_abs_grade": 0.1095354677952024, "elev_min": 287.476318359375, "elev_max": 291.66543579101562, "cum_gain_fwd": 0.0, "cum_loss_fwd": 4.189117431640625, "net_change_fwd": -4.189117431640625, "avg_grade_fwd": -0.10858385903850337, "n_samples": 9, "d_abs_above_3": 38.579559326171875, "d_abs_above_5": 38.579559326171875, "d_abs_above_8": 38.579559326171875, "d_abs_above_10": 38.579559326171875, "d_abs_above_15": 0.0, "grade_reliable": true, "max_abs_grade_reliable": 0.1095354677952024, "shortest_use": 32, "flat_use": 0, "flat_use_per_objective": 0.0, "unavoidability": 0.0, "barrier_score": 1.352265588407928, "neighborhood": "Old Fourth Ward" }, "geometry": { "type": "LineString", "coordinates": [ [ -84.36935329995633, 33.771153099999459 ], [ -84.368937, 33.771148 ] ] } },
{ "type": "Feature", "properties": { "edge_id": 73225, "segment_id": "fd85fc53-cb76-4a73-b9a9-10f91232cb6d", "u": "431d1d23-2dc8-41b2-b6c1-87dc5892d8aa", "v": "810fec77-1612-4aee-a4ba-fd0e2bdf740e", "part": 1, "cls": "tertiary", "subclass": null, "name": "Fifth Street Northwest", "length_m": 145.29893396980009, "is_bridge": false, "is_tunnel": false, "is_structure": false, "walk_ok": true, "walk_oneway": false, "walk_restricted": false, "bike_ok": true, "bike_oneway": false, "bike_restricted": false, "bike_facility": "", "low_stress": false, "dem_gaps": [ ], "max_abs_grade": 0.23132820117796984, "elev_min": 284.19686889648438, "elev_max": 291.43414306640625, "cum_gain_fwd": 7.237274169921875, "cum_loss_fwd": 9.5374755859375, "net_change_fwd": -2.300201416015625, "avg_grade_fwd": -0.015830820900514592, "n_samples": 31, "d_abs_above_3": 135.61233901977539, "d_abs_above_5": 121.08244705200195, "d_abs_above_8": 72.649463653564453, "d_abs_above_10": 62.962865829467773, "d_abs_above_15": 48.432977676391602, "grade_reliable": true, "max_abs_grade_reliable": 0.23132820117796984, "shortest_use": 4, "flat_use": 0, "flat_use_per_objective": 0.0, "unavoidability": 0.0, "barrier_score": 1.3444696411324188, "neighborhood": "Georgia Tech" }, "geometry": { "type": "LineString", "coordinates": [ [ -84.390457223280592, 33.776873800363376 ], [ -84.3916937, 33.7768931 ], [ -84.392025097350015, 33.776899099952026 ] ] } },
{ "type": "Feature", "properties": { "edge_id": 54618, "segment_id": "56801c00-10b0-4bfa-86ea-6d860ae92024", "u": "286d8269-e509-4e70-a067-d9e5c10d2cd6", "v": "771446d7-b85e-4b20-9ea9-1beddfac41c8", "part": 0, "cls": "residential", "subclass": null, "name": "Gary Avenue Northwest", "length_m": 162.03265355123122, "is_bridge": false, "is_tunnel": false, "is_structure": false, "walk_ok": true, "walk_oneway": false, "walk_restricted": false, "bike_ok": true, "bike_oneway": false, "bike_restricted": false, "bike_facility": "", "low_stress": true, "dem_gaps": [ ], "max_abs_grade": 0.13792974856038312, "elev_min": 267.72601318359375, "elev_max": 275.87274169921875, "cum_gain_fwd": 8.4727783203125, "cum_loss_fwd": 0.642730712890625, "net_change_fwd": 7.830047607421875, "avg_grade_fwd": 0.048323886718978068, "n_samples": 34, "d_abs_above_3": 83.471366882324219, "d_abs_above_5": 73.651206970214844, "d_abs_above_8": 54.010887145996094, "d_abs_above_10": 39.280647277832031, "d_abs_above_15": 0.0, "grade_reliable": true, "max_abs_grade_reliable": 0.13792974856038312, "shortest_use": 6, "flat_use": 0, "flat_use_per_objective": 0.0, "unavoidability": 0.0, "barrier_score": 1.3409473897735795, "neighborhood": "Grove Park" }, "geometry": { "type": "LineString", "coordinates": [ [ -84.4295114, 33.7725468 ], [ -84.4295019, 33.7727035 ], [ -84.4294788, 33.7730628 ], [ -84.4294301, 33.7739585 ], [ -84.429423262917382, 33.774005204015147 ] ] } },
{ "type": "Feature", "properties": { "edge_id": 50857, "segment_id": "8be13d16-6b87-4267-8c6b-31d49e7cc462", "u": "f027f577-0f51-4f5d-88b6-a5c38845d6fe", "v": "37ca4a62-f2ec-4c4f-b442-91ee0b182175", "part": 1, "cls": "residential", "subclass": null, "name": "Foundry Street Northwest", "length_m": 92.102147602139382, "is_bridge": false, "is_tunnel": false, "is_structure": false, "walk_ok": true, "walk_oneway": false, "walk_restricted": false, "bike_ok": true, "bike_oneway": false, "bike_restricted": false, "bike_facility": "", "low_stress": true, "dem_gaps": [ ], "max_abs_grade": 0.14464665414900632, "elev_min": 292.7794189453125, "elev_max": 303.5386962890625, "cum_gain_fwd": 0.0, "cum_loss_fwd": 10.75927734375, "net_change_fwd": -10.75927734375, "avg_grade_fwd": -0.116818959687999, "n_samples": 20, "d_abs_above_3": 92.102149963378906, "d_abs_above_5": 92.102149963378906, "d_abs_above_8": 77.55970573425293, "d_abs_above_10": 72.712224960327148, "d_abs_above_15": 0.0, "grade_reliable": true, "max_abs_grade_reliable": 0.14464665414900632, "shortest_use": 10, "flat_use": 0, "flat_use_per_objective": 0.0, "unavoidability": 0.0, "barrier_score": 1.3322267490587387, "neighborhood": "Vine City" }, "geometry": { "type": "LineString", "coordinates": [ [ -84.409876799848277, 33.759280499998901 ], [ -84.408883, 33.7592733 ] ] } },
{ "type": "Feature", "properties": { "edge_id": 23978, "segment_id": "dc6cdba0-403e-4450-80ca-c6fd84abb0ea", "u": "87ce9dce-f1a0-41f4-a12d-b868368ff5dd", "v": "3a116f15-ca7e-496b-8fd7-250c69bb6f67", "part": 0, "cls": "residential", "subclass": null, "name": "Broadwell Street Southwest", "length_m": 117.58409826442669, "is_bridge": false, "is_tunnel": false, "is_structure": false, "walk_ok": true, "walk_oneway": false, "walk_restricted": false, "bike_ok": true, "bike_oneway": false, "bike_restricted": false, "bike_facility": "", "low_stress": true, "dem_gaps": [ ], "max_abs_grade": 0.080278308101020615, "elev_min": 284.76727294921875, "elev_max": 288.90628051757812, "cum_gain_fwd": 1.73883056640625, "cum_loss_fwd": 4.139007568359375, "net_change_fwd": -2.400177001953125, "avg_grade_fwd": -0.020412428433122461, "n_samples": 25, "d_abs_above_3": 93.087413787841797, "d_abs_above_5": 68.590724945068359, "d_abs_above_8": 4.8993377685546875, "d_abs_above_10": 0.0, "d_abs_above_15": 0.0, "grade_reliable": true, "max_abs_grade_reliable": 0.080278308101020615, "shortest_use": 14, "flat_use": 44, "flat_use_per_objective": 14.666666666666666, "unavoidability": 1.0, "barrier_score": 1.3215233455553261, "neighborhood": "Sylvan Hills" }, "geometry": { "type": "LineString", "coordinates": [ [ -84.41406, 33.706182 ], [ -84.414481, 33.705721 ], [ -84.414512, 33.705687 ], [ -84.414656, 33.70548 ], [ -84.414736, 33.705294 ] ] } },
{ "type": "Feature", "properties": { "edge_id": 65691, "segment_id": "1e1993c7-9598-4f99-9e44-08a0947d393a", "u": "9989539c-ded2-4982-b2b6-ece1901add9c", "v": "607899ab-214a-4c84-8c1a-318d8c9c2274", "part": 0, "cls": "steps", "subclass": null, "name": null, "length_m": 14.693584844738913, "is_bridge": false, "is_tunnel": false, "is_structure": false, "walk_ok": true, "walk_oneway": false, "walk_restricted": false, "bike_ok": false, "bike_oneway": false, "bike_restricted": false, "bike_facility": "", "low_stress": false, "dem_gaps": [ ], "max_abs_grade": 0.32019440085050371, "elev_min": 277.37786865234375, "elev_max": 280.49020385742188, "cum_gain_fwd": 0.0, "cum_loss_fwd": 3.112335205078125, "net_change_fwd": -3.112335205078125, "avg_grade_fwd": -0.2118159266946793, "n_samples": 4, "d_abs_above_3": 14.693584442138672, "d_abs_above_5": 14.693584442138672, "d_abs_above_8": 9.7957229614257812, "d_abs_above_10": 9.7957229614257812, "d_abs_above_15": 9.7957229614257812, "grade_reliable": false, "max_abs_grade_reliable": null, "shortest_use": 28, "flat_use": 3, "flat_use_per_objective": 1.0, "unavoidability": 0.035714285714285712, "barrier_score": 1.317345006798021, "neighborhood": null }, "geometry": { "type": "LineString", "coordinates": [ [ -84.3772924, 33.7864978 ], [ -84.3771385, 33.7864658 ] ] } },
{ "type": "Feature", "properties": { "edge_id": 49130, "segment_id": "f430bb97-5fcb-4f95-9db5-241fa231917a", "u": "5687588e-80a2-49e1-8fa2-c89d59919696", "v": "1bde9606-33e1-4965-a67e-e7853f767330", "part": 5, "cls": "cycleway", "subclass": null, "name": "Atlanta Beltline Westside Trail", "length_m": 8.5414416380704949, "is_bridge": true, "is_tunnel": false, "is_structure": true, "walk_ok": true, "walk_oneway": false, "walk_restricted": false, "bike_ok": true, "bike_oneway": false, "bike_restricted": false, "bike_facility": "dedicated_cycleway", "low_stress": true, "dem_gaps": [ ], "max_abs_grade": 0.29519879245465036, "elev_min": 294.22463989257812, "elev_max": 296.74603271484375, "cum_gain_fwd": 0.0, "cum_loss_fwd": 2.521392822265625, "net_change_fwd": -2.521392822265625, "avg_grade_fwd": -0.29519521957100608, "n_samples": 3, "d_abs_above_3": 8.5414419174194336, "d_abs_above_5": 8.5414419174194336, "d_abs_above_8": 8.5414419174194336, "d_abs_above_10": 8.5414419174194336, "d_abs_above_15": 8.5414419174194336, "grade_reliable": false, "max_abs_grade_reliable": null, "shortest_use": 52, "flat_use": 63, "flat_use_per_objective": 21.0, "unavoidability": 0.40384615384615385, "barrier_score": 1.311140093837746, "neighborhood": "Mozley Park" }, "geometry": { "type": "LineString", "coordinates": [ [ -84.427935274993601, 33.74931774397939 ], [ -84.427977891483778, 33.749249485870315 ] ] } },
{ "type": "Feature", "properties": { "edge_id": 9846, "segment_id": "5e2649ab-87b8-4984-9ef4-465d3a20911b", "u": "1ceb545f-fa2c-4243-b9ab-a66025acfde5", "v": "eae8db91-74bd-4029-a2f2-886ff68f2da8", "part": 0, "cls": "tertiary", "subclass": null, "name": "Baker Road Northwest", "length_m": 366.29481214547104, "is_bridge": false, "is_tunnel": false, "is_structure": false, "walk_ok": true, "walk_oneway": false, "walk_restricted": false, "bike_ok": true, "bike_oneway": false, "bike_restricted": false, "bike_facility": "", "low_stress": false, "dem_gaps": [ ], "max_abs_grade": 0.089205235543992262, "elev_min": 267.69912719726562, "elev_max": 289.51101684570312, "cum_gain_fwd": 0.0, "cum_loss_fwd": 21.8118896484375, "net_change_fwd": -21.8118896484375, "avg_grade_fwd": -0.059547363653723297, "n_samples": 75, "d_abs_above_3": 267.29619979858398, "d_abs_above_5": 237.59661865234375, "d_abs_above_8": 98.998565673828125, "d_abs_above_10": 0.0, "d_abs_above_15": 0.0, "grade_reliable": true, "max_abs_grade_reliable": 0.089205235543992262, "shortest_use": 4, "flat_use": 0, "flat_use_per_objective": 0.0, "unavoidability": 0.0, "barrier_score": 1.3070165998391656, "neighborhood": "Grove Park" }, "geometry": { "type": "LineString", "coordinates": [ [ -84.452631, 33.770009 ], [ -84.453035, 33.76992 ], [ -84.453439, 33.76985 ], [ -84.453639, 33.769827 ], [ -84.45384, 33.769826 ], [ -84.454105, 33.769862 ], [ -84.454834, 33.770097 ], [ -84.455071, 33.770159 ], [ -84.455268, 33.770196 ], [ -84.455611, 33.770223 ], [ -84.456486, 33.770211 ] ] } },
{ "type": "Feature", "properties": { "edge_id": 60140, "segment_id": "aa8e7f4f-febb-48bb-96a2-17e30bd790d4", "u": "65067a15-3ba9-4005-9722-c91f14aaa2ee", "v": "1dac077c-afe2-45fc-8037-f6720da65c60", "part": 5, "cls": "trunk", "subclass": null, "name": "Northside Drive Northwest", "length_m": 31.976973075285443, "is_bridge": false, "is_tunnel": false, "is_structure": false, "walk_ok": true, "walk_oneway": false, "walk_restricted": false, "bike_ok": true, "bike_oneway": false, "bike_restricted": false, "bike_facility": "", "low_stress": false, "dem_gaps": [ ], "max_abs_grade": 0.088704042407987738, "elev_min": 275.04153442382812, "elev_max": 277.7698974609375, "cum_gain_fwd": 0.0, "cum_loss_fwd": 2.728363037109375, "net_change_fwd": -2.728363037109375, "avg_grade_fwd": -0.085322743742776305, "n_samples": 8, "d_abs_above_3": 31.976972579956055, "d_abs_above_5": 31.976972579956055, "d_abs_above_8": 31.976972579956055, "d_abs_above_10": 0.0, "d_abs_above_15": 0.0, "grade_reliable": true, "max_abs_grade_reliable": 0.088704042407987738, "shortest_use": 46, "flat_use": 0, "flat_use_per_objective": 0.0, "unavoidability": 0.0, "barrier_score": 1.3047839168446331, "neighborhood": "Loring Heights" }, "geometry": { "type": "LineString", "coordinates": [ [ -84.407863099993833, 33.795809997726522 ], [ -84.4078631, 33.79581 ], [ -84.4078632, 33.7958569 ], [ -84.407863899998759, 33.796098199571986 ] ] } },
{ "type": "Feature", "properties": { "edge_id": 86858, "segment_id": "436e79ce-d64f-4fac-b483-d71f34d33095", "u": "abe32f72-0b72-4a37-8964-94cb740fe3bb", "v": "7fc8d0ab-5d00-4f06-9887-8c9fb1d0fa1f", "part": 1, "cls": "secondary", "subclass": null, "name": "North Avenue Northeast", "length_m": 72.056378829622474, "is_bridge": false, "is_tunnel": false, "is_structure": false, "walk_ok": true, "walk_oneway": false, "walk_restricted": false, "bike_ok": true, "bike_oneway": false, "bike_restricted": false, "bike_facility": "", "low_stress": false, "dem_gaps": [ ], "max_abs_grade": 0.082072490802261935, "elev_min": 301.35260009765625, "elev_max": 306.73333740234375, "cum_gain_fwd": 0.0, "cum_loss_fwd": 5.3807373046875, "net_change_fwd": -5.3807373046875, "avg_grade_fwd": -0.07467398741330207, "n_samples": 16, "d_abs_above_3": 72.056381225585938, "d_abs_above_5": 72.056381225585938, "d_abs_above_8": 19.215036392211914, "d_abs_above_10": 0.0, "d_abs_above_15": 0.0, "grade_reliable": true, "max_abs_grade_reliable": 0.082072490802261935, "shortest_use": 22, "flat_use": 26, "flat_use_per_objective": 8.6666666666666661, "unavoidability": 0.39393939393939392, "barrier_score": 1.3010462275224683, "neighborhood": "Poncey-Highland" }, "geometry": { "type": "LineString", "coordinates": [ [ -84.350689300062953, 33.771073299999735 ], [ -84.3506893, 33.7710733 ], [ -84.350383, 33.7710741 ], [ -84.3499117, 33.7710768 ] ] } },
{ "type": "Feature", "properties": { "edge_id": 91641, "segment_id": "30d6cea0-e2eb-4459-ba0f-cbcdefb76bbc", "u": "0d5c198c-4065-445c-bd44-e16f9b288828", "v": "2a6c75c8-1b9c-4baa-a807-cf98243f4a84", "part": 2, "cls": "residential", "subclass": null, "name": "Lanier Place Northeast", "length_m": 103.2983445934463, "is_bridge": false, "is_tunnel": false, "is_structure": false, "walk_ok": true, "walk_oneway": false, "walk_restricted": false, "bike_ok": true, "bike_oneway": false, "bike_restricted": false, "bike_facility": "", "low_stress": true, "dem_gaps": [ ], "max_abs_grade": 0.089685903908403239, "elev_min": 294.01239013671875, "elev_max": 301.32080078125, "cum_gain_fwd": 7.30841064453125, "cum_loss_fwd": -0.0, "net_change_fwd": 7.30841064453125, "avg_grade_fwd": 0.070750508825238353, "n_samples": 22, "d_abs_above_3": 103.29834747314453, "d_abs_above_5": 103.29834747314453, "d_abs_above_8": 29.513809204101562, "d_abs_above_10": 0.0, "d_abs_above_15": 0.0, "grade_reliable": true, "max_abs_grade_reliable": 0.089685903908403239, "shortest_use": 14, "flat_use": 0, "flat_use_per_objective": 0.0, "unavoidability": 0.0, "barrier_score": 1.2970167569946929, "neighborhood": "Morningside/Lenox Park" }, "geometry": { "type": "LineString", "coordinates": [ [ -84.353738669337815, 33.792355264160555 ], [ -84.353744, 33.793252 ], [ -84.353763518156143, 33.79328210746074 ] ] } },
{ "type": "Feature", "properties": { "edge_id": 24011, "segment_id": "5898330e-6991-4ab0-ae6b-aab1ca05fdb2", "u": "aa51c50c-082b-40c4-ad2b-6f6a4fab0f7b", "v": "94dd5f2c-f2e1-437b-8e05-fbfda71581bf", "part": 0, "cls": "residential", "subclass": null, "name": "Bader Avenue Southwest", "length_m": 493.70782457329676, "is_bridge": false, "is_tunnel": false, "is_structure": false, "walk_ok": true, "walk_oneway": false, "walk_restricted": false, "bike_ok": true, "bike_oneway": false, "bike_restricted": false, "bike_facility": "", "low_stress": true, "dem_gaps": [ ], "max_abs_grade": 0.1308471838053509, "elev_min": 286.52194213867188, "elev_max": 314.05355834960938, "cum_gain_fwd": 27.5316162109375, "cum_loss_fwd": -0.0, "net_change_fwd": 27.5316162109375, "avg_grade_fwd": 0.055764998716143301, "n_samples": 100, "d_abs_above_3": 309.19076538085938, "d_abs_above_5": 219.42572021484375, "d_abs_above_8": 164.56925964355469, "d_abs_above_10": 94.751983642578125, "d_abs_above_15": 0.0, "grade_reliable": true, "max_abs_grade_reliable": 0.1308471838053509, "shortest_use": 2, "flat_use": 0, "flat_use_per_objective": 0.0, "unavoidability": 0.0, "barrier_score": 1.2920055693616419, "neighborhood": "Sylvan Hills" }, "geometry": { "type": "LineString", "coordinates": [ [ -84.413457, 33.702717 ], [ -84.414063, 33.702347 ], [ -84.414165, 33.702224 ], [ -84.41421, 33.702082 ], [ -84.414226, 33.701636 ], [ -84.414251, 33.699291 ], [ -84.414231, 33.699187 ], [ -84.414185, 33.699078 ], [ -84.413882, 33.698631 ] ] } },
{ "type": "Feature", "properties": { "edge_id": 14152, "segment_id": "aff2a288-a7d2-4900-8b5d-518c77a01905", "u": "68fd5d34-e56a-40f6-8f4f-6558e3a13203", "v": "088958eb-c5e9-454c-b0ac-905b0ccde19f", "part": 2, "cls": "residential", "subclass": null, "name": "Utoy Springs Road Southwest", "length_m": 47.097060540143843, "is_bridge": false, "is_tunnel": false, "is_structure": false, "walk_ok": true, "walk_oneway": false, "walk_restricted": false, "bike_ok": true, "bike_oneway": false, "bike_restricted": false, "bike_facility": "", "low_stress": true, "dem_gaps": [ ], "max_abs_grade": 0.09784379173851733, "elev_min": 256.63546752929688, "elev_max": 261.04461669921875, "cum_gain_fwd": 4.409149169921875, "cum_loss_fwd": -0.0, "net_change_fwd": 4.409149169921875, "avg_grade_fwd": 0.093618350308580484, "n_samples": 11, "d_abs_above_3": 47.097061157226562, "d_abs_above_5": 47.097061157226562, "d_abs_above_8": 42.387355327606201, "d_abs_above_10": 0.0, "d_abs_above_15": 0.0, "grade_reliable": true, "max_abs_grade_reliable": 0.09784379173851733, "shortest_use": 28, "flat_use": 131, "flat_use_per_objective": 43.666666666666664, "unavoidability": 1.0, "barrier_score": 1.2902833952361294, "neighborhood": null }, "geometry": { "type": "LineString", "coordinates": [ [ -84.507549628023142, 33.721310672845192 ], [ -84.5075511, 33.7213075 ], [ -84.507574, 33.721258 ], [ -84.507634, 33.721063 ], [ -84.5076597, 33.7208977 ] ] } },
{ "type": "Feature", "properties": { "edge_id": 67405, "segment_id": "6949219e-24af-4ebd-a58c-8b96cd498c06", "u": "85ef9b67-69b6-4858-a767-d9ce40e40ac7", "v": "03103f91-6971-4219-a616-d0d3894ad269", "part": 1, "cls": "trunk", "subclass": null, "name": "North Avenue Northeast", "length_m": 72.396899677743335, "is_bridge": false, "is_tunnel": false, "is_structure": false, "walk_ok": true, "walk_oneway": false, "walk_restricted": false, "bike_ok": true, "bike_oneway": false, "bike_restricted": false, "bike_facility": "", "low_stress": false, "dem_gaps": [ ], "max_abs_grade": 0.080870831530297907, "elev_min": 305.54086303710938, "elev_max": 310.62188720703125, "cum_gain_fwd": 0.0, "cum_loss_fwd": 5.081024169921875, "net_change_fwd": -5.081024169921875, "avg_grade_fwd": -0.070182900444989815, "n_samples": 16, "d_abs_above_3": 72.396896362304688, "d_abs_above_5": 67.570436477661133, "d_abs_above_8": 9.6529197692871094, "d_abs_above_10": 0.0, "d_abs_above_15": 0.0, "grade_reliable": true, "max_abs_grade_reliable": 0.080870831530297907, "shortest_use": 22, "flat_use": 0, "flat_use_per_objective": 0.0, "unavoidability": 0.0, "barrier_score": 1.2880554449740254, "neighborhood": "Midtown" }, "geometry": { "type": "LineString", "coordinates": [ [ -84.384884098830909, 33.771287099994012 ], [ -84.384102809269407, 33.771283100047469 ] ] } },
{ "type": "Feature", "properties": { "edge_id": 58194, "segment_id": "57a504f7-f1ae-4fc4-a1bc-659daea745cd", "u": "de3dcea6-61e3-4cc2-9a7e-e9d920ddb88e", "v": "ff7044b9-30db-44f7-94a1-81c26c7dd4de", "part": 0, "cls": "residential", "subclass": null, "name": "McKinley Road Northwest", "length_m": 59.237201771713309, "is_bridge": false, "is_tunnel": false, "is_structure": false, "walk_ok": true, "walk_oneway": false, "walk_restricted": false, "bike_ok": true, "bike_oneway": false, "bike_restricted": false, "bike_facility": "", "low_stress": true, "dem_gaps": [ ], "max_abs_grade": 0.082036635199713145, "elev_min": 269.27316284179688, "elev_max": 272.48431396484375, "cum_gain_fwd": 0.0, "cum_loss_fwd": 3.211151123046875, "net_change_fwd": -3.211151123046875, "avg_grade_fwd": -0.054208352714143003, "n_samples": 13, "d_abs_above_3": 49.364335060119629, "d_abs_above_5": 34.555034637451172, "d_abs_above_8": 4.936431884765625, "d_abs_above_10": 0.0, "d_abs_above_15": 0.0, "grade_reliable": true, "max_abs_grade_reliable": 0.082036635199713145, "shortest_use": 26, "flat_use": 71, "flat_use_per_objective": 23.666666666666668, "unavoidability": 0.91025641025641035, "barrier_score": 1.2635013851194399, "neighborhood": "Springlake" }, "geometry": { "type": "LineString", "coordinates": [ [ -84.408912, 33.814786 ], [ -84.408785, 33.814873 ], [ -84.408648, 33.814937 ], [ -84.408501, 33.81498 ], [ -84.408341, 33.815004 ] ] } },
{ "type": "Feature", "properties": { "edge_id": 32768, "segment_id": "9fee333c-a2a7-49e6-acf6-7660563195a3", "u": "aa5e7357-5d0d-458a-8742-42bb9c0ec378", "v": "ac8a44d4-7c16-4efc-a813-cbfeab5c8e49", "part": 0, "cls": "secondary", "subclass": null, "name": "Capitol Avenue Southeast", "length_m": 12.498438148725151, "is_bridge": true, "is_tunnel": false, "is_structure": true, "walk_ok": true, "walk_oneway": false, "walk_restricted": false, "bike_ok": true, "bike_oneway": false, "bike_restricted": false, "bike_facility": "", "low_stress": false, "dem_gaps": [ ], "max_abs_grade": 0.17408184007398386, "elev_min": 306.32058715820312, "elev_max": 308.496337890625, "cum_gain_fwd": 2.175750732421875, "cum_loss_fwd": -0.0, "net_change_fwd": 2.175750732421875, "avg_grade_fwd": 0.17408181350788315, "n_samples": 4, "d_abs_above_3": 12.498437881469727, "d_abs_above_5": 12.498437881469727, "d_abs_above_8": 12.498437881469727, "d_abs_above_10": 12.498437881469727, "d_abs_above_15": 12.498437881469727, "grade_reliable": false, "max_abs_grade_reliable": null, "shortest_use": 58, "flat_use": 60, "flat_use_per_objective": 20.0, "unavoidability": 0.34482758620689657, "barrier_score": 1.2619356443689513, "neighborhood": "Capitol Gateway" }, "geometry": { "type": "LineString", "coordinates": [ [ -84.3877566, 33.7450365 ], [ -84.387751701245918, 33.745149071369127 ] ] } },
{ "type": "Feature", "properties": { "edge_id": 89289, "segment_id": "d5d28299-aeb2-462d-be51-679bf67a33a5", "u": "1ac79503-8531-48a4-9a95-cae195f9d678", "v": "1f124ad8-6dd4-45d2-9e96-12affe3a2983", "part": 1, "cls": "residential", "subclass": null, "name": "Barnett Street Northeast", "length_m": 34.807179252820468, "is_bridge": false, "is_tunnel": false, "is_structure": false, "walk_ok": true, "walk_oneway": false, "walk_restricted": false, "bike_ok": true, "bike_oneway": false, "bike_restricted": false, "bike_facility": "", "low_stress": true, "dem_gaps": [ ], "max_abs_grade": 0.086039191437814688, "elev_min": 292.9912109375, "elev_max": 295.37982177734375, "cum_gain_fwd": 0.0, "cum_loss_fwd": 2.38861083984375, "net_change_fwd": -2.38861083984375, "avg_grade_fwd": -0.068624086839674275, "n_samples": 8, "d_abs_above_3": 34.807178497314453, "d_abs_above_5": 34.807178497314453, "d_abs_above_8": 9.9449081420898438, "d_abs_above_10": 0.0, "d_abs_above_15": 0.0, "grade_reliable": true, "max_abs_grade_reliable": 0.086039191437814688, "shortest_use": 42, "flat_use": 27, "flat_use_per_objective": 9.0, "unavoidability": 0.21428571428571427, "barrier_score": 1.2578082548403757, "neighborhood": "Virginia Highland" }, "geometry": { "type": "LineString", "coordinates": [ [ -84.358704699999876, 33.776760900023014 ], [ -84.358703000000503, 33.777074599907394 ] ] } },
{ "type": "Feature", "properties": { "edge_id": 72904, "segment_id": "fc6cdc11-2cdf-4e20-bec5-a50bfce1bfc9", "u": "129eab0c-cfdc-4bda-b038-ac07b3e4dad6", "v": "b22254c9-647a-4707-889a-66f2f04dcfe4", "part": 0, "cls": "steps", "subclass": null, "name": null, "length_m": 27.501560407532228, "is_bridge": false, "is_tunnel": true, "is_structure": true, "walk_ok": true, "walk_oneway": false, "walk_restricted": false, "bike_ok": false, "bike_oneway": false, "bike_restricted": false, "bike_facility": "", "low_stress": false, "dem_gaps": [ ], "max_abs_grade": 0.20530617866834117, "elev_min": 277.11370849609375, "elev_max": 282.75982666015625, "cum_gain_fwd": 0.0, "cum_loss_fwd": 5.6461181640625, "net_change_fwd": -5.6461181640625, "avg_grade_fwd": -0.20530173999971427, "n_samples": 7, "d_abs_above_3": 27.501560211181641, "d_abs_above_5": 27.501560211181641, "d_abs_above_8": 27.501560211181641, "d_abs_above_10": 27.501560211181641, "d_abs_above_15": 27.501560211181641, "grade_reliable": true, "max_abs_grade_reliable": 0.20530617866834117, "shortest_use": 22, "flat_use": 0, "flat_use_per_objective": 0.0, "unavoidability": 0.0, "barrier_score": 1.2421728604311377, "neighborhood": "Georgia Tech" }, "geometry": { "type": "LineString", "coordinates": [ [ -84.3959527, 33.7769526 ], [ -84.3957808, 33.7769516 ], [ -84.3956559, 33.7769531 ] ] } },
{ "type": "Feature", "properties": { "edge_id": 101973, "segment_id": "bdf05333-ae99-4035-9024-ea226c44406b", "u": "12870796-8dcd-4d1d-bb0d-3aa2a201aeb7", "v": "bf4ceb70-fbad-4312-b4c1-86d44433d905", "part": 0, "cls": "residential", "subclass": null, "name": "Nancy Creek Road Northwest", "length_m": 89.271028814925387, "is_bridge": false, "is_tunnel": false, "is_structure": false, "walk_ok": true, "walk_oneway": false, "walk_restricted": false, "bike_ok": true, "bike_oneway": false, "bike_restricted": false, "bike_facility": "", "low_stress": true, "dem_gaps": [ ], "max_abs_grade": 0.085864032206703786, "elev_min": 243.19486999511719, "elev_max": 249.53221130371094, "cum_gain_fwd": 6.33734130859375, "cum_loss_fwd": -0.0, "net_change_fwd": 6.33734130859375, "avg_grade_fwd": 0.070989900633556369, "n_samples": 19, "d_abs_above_3": 89.271026611328125, "d_abs_above_5": 84.311524868011475, "d_abs_above_8": 24.797508239746094, "d_abs_above_10": 0.0, "d_abs_above_15": 0.0, "grade_reliable": true, "max_abs_grade_reliable": 0.085864032206703786, "shortest_use": 16, "flat_use": 2, "flat_use_per_objective": 0.66666666666666663, "unavoidability": 0.041666666666666664, "barrier_score": 1.2264272789264536, "neighborhood": "Paces" }, "geometry": { "type": "LineString", "coordinates": [ [ -84.4416089, 33.8449121 ], [ -84.4416556, 33.8449947 ], [ -84.441749, 33.8451703 ], [ -84.441828, 33.845341 ], [ -84.441861, 33.84546 ], [ -84.441871, 33.845574 ], [ -84.4418503, 33.8456548 ], [ -84.441848180688808, 33.845673803157027 ] ] } },
{ "type": "Feature", "properties": { "edge_id": 7598, "segment_id": "d92e40f8-35db-4c30-b2cc-e4c24307d9ca", "u": "a7b18adf-e518-4176-9da3-6197752f6b35", "v": "fc428395-ba3a-4a06-a25b-c5e5089b5ac0", "part": 0, "cls": "tertiary", "subclass": null, "name": "Hightower Road Northwest", "length_m": 70.519133842673511, "is_bridge": false, "is_tunnel": false, "is_structure": false, "walk_ok": true, "walk_oneway": false, "walk_restricted": false, "bike_ok": true, "bike_oneway": false, "bike_restricted": false, "bike_facility": "", "low_stress": false, "dem_gaps": [ ], "max_abs_grade": 0.086464591386646666, "elev_min": 270.908935546875, "elev_max": 273.8328857421875, "cum_gain_fwd": 0.0, "cum_loss_fwd": 2.9239501953125, "net_change_fwd": -2.9239501953125, "avg_grade_fwd": -0.041463217255193183, "n_samples": 16, "d_abs_above_3": 51.714031219482422, "d_abs_above_5": 18.805103302001953, "d_abs_above_8": 4.7012786865234375, "d_abs_above_10": 0.0, "d_abs_above_15": 0.0, "grade_reliable": true, "max_abs_grade_reliable": 0.086464591386646666, "shortest_use": 20, "flat_use": 39, "flat_use_per_objective": 13.0, "unavoidability": 0.65, "barrier_score": 1.2194816185294022, "neighborhood": "Carey Park" }, "geometry": { "type": "LineString", "coordinates": [ [ -84.470185, 33.789001 ], [ -84.470125, 33.789263 ], [ -84.470095, 33.789631 ] ] } },
{ "type": "Feature", "properties": { "edge_id": 71560, "segment_id": "6c98948c-b3ae-4a18-a16d-41f313957726", "u": "3245ff65-d404-41fd-be06-1e436cd484b5", "v": "1a424a08-d932-4ead-8f5d-66aec737e51f", "part": 0, "cls": "footway", "subclass": null, "name": null, "length_m": 85.319975428280173, "is_bridge": false, "is_tunnel": false, "is_structure": false, "walk_ok": true, "walk_oneway": false, "walk_restricted": false, "bike_ok": true, "bike_oneway": false, "bike_restricted": false, "bike_facility": "shared_path", "low_stress": true, "dem_gaps": [ ], "max_abs_grade": 0.11870966495809863, "elev_min": 285.42294311523438, "elev_max": 291.45791625976562, "cum_gain_fwd": 0.0, "cum_loss_fwd": 6.03497314453125, "net_change_fwd": -6.03497314453125, "avg_grade_fwd": -0.070733412858376865, "n_samples": 19, "d_abs_above_3": 71.099981307983398, "d_abs_above_5": 56.879985809326172, "d_abs_above_8": 37.919990539550781, "d_abs_above_10": 28.439994812011719, "d_abs_above_15": 0.0, "grade_reliable": true, "max_abs_grade_reliable": 0.11870966495809863, "shortest_use": 12, "flat_use": 0, "flat_use_per_objective": 0.0, "unavoidability": 0.0, "barrier_score": 1.2153966836789216, "neighborhood": "Georgia Tech" }, "geometry": { "type": "LineString", "coordinates": [ [ -84.4001595, 33.7776971 ], [ -84.4002564, 33.7777587 ], [ -84.4003765, 33.777831 ], [ -84.4005138, 33.7779344 ], [ -84.4006201, 33.7780004 ], [ -84.4007573, 33.7780631 ], [ -84.4009144, 33.7780839 ], [ -84.400932570264047, 33.778084749077756 ] ] } },
{ "type": "Feature", "properties": { "edge_id": 8980, "segment_id": "1c99cc4c-15ca-4096-8beb-1715f78c05cf", "u": "8665e96c-ed74-4640-83df-f9164da8aeb0", "v": "e60c3f36-37fc-474d-9ea8-ee1bc393fd40", "part": 0, "cls": "tertiary", "subclass": null, "name": "Baker Road Northwest", "length_m": 61.794706663886402, "is_bridge": false, "is_tunnel": false, "is_structure": false, "walk_ok": true, "walk_oneway": false, "walk_restricted": false, "bike_ok": true, "bike_oneway": false, "bike_restricted": false, "bike_facility": "", "low_stress": false, "dem_gaps": [ ], "max_abs_grade": 0.089367828544739292, "elev_min": 289.47421264648438, "elev_max": 293.32623291015625, "cum_gain_fwd": 3.852020263671875, "cum_loss_fwd": -0.0, "net_change_fwd": 3.852020263671875, "avg_grade_fwd": 0.06233576260229573, "n_samples": 14, "d_abs_above_3": 61.794708251953125, "d_abs_above_5": 47.534391403198242, "d_abs_above_8": 14.26031494140625, "d_abs_above_10": 0.0, "d_abs_above_15": 0.0, "grade_reliable": true, "max_abs_grade_reliable": 0.089367828544739292, "shortest_use": 22, "flat_use": 0, "flat_use_per_objective": 0.0, "unavoidability": 0.0, "barrier_score": 1.214940925024345, "neighborhood": "Center Hill" }, "geometry": { "type": "LineString", "coordinates": [ [ -84.471364, 33.769481 ], [ -84.471442, 33.769481 ], [ -84.471897265822577, 33.769169028995151 ] ] } },
{ "type": "Feature", "properties": { "edge_id": 8964, "segment_id": "ae584d7d-68a8-4191-a6b6-5c5979b5ef3f", "u": "2c1c97d3-cb1a-4390-adb5-51b0b252a3b0", "v": "aeb36e76-da81-4094-9bf1-bbc528894a54", "part": 0, "cls": "residential", "subclass": null, "name": "Collier Ridge Drive Northwest", "length_m": 87.578501651805155, "is_bridge": false, "is_tunnel": false, "is_structure": false, "walk_ok": true, "walk_oneway": false, "walk_restricted": false, "bike_ok": true, "bike_oneway": false, "bike_restricted": false, "bike_facility": "", "low_stress": true, "dem_gaps": [ ], "max_abs_grade": 0.098311660004986465, "elev_min": 275.39236450195312, "elev_max": 282.43524169921875, "cum_gain_fwd": 7.042877197265625, "cum_loss_fwd": -0.0, "net_change_fwd": 7.042877197265625, "avg_grade_fwd": 0.080417879850918486, "n_samples": 19, "d_abs_above_3": 87.578498840332031, "d_abs_above_5": 87.578498840332031, "d_abs_above_8": 53.520191192626953, "d_abs_above_10": 0.0, "d_abs_above_15": 0.0, "grade_reliable": true, "max_abs_grade_reliable": 0.098311660004986465, "shortest_use": 14, "flat_use": 50, "flat_use_per_objective": 16.666666666666668, "unavoidability": 1.0, "barrier_score": 1.205398302939378, "neighborhood": "Collier Heights" }, "geometry": { "type": "LineString", "coordinates": [ [ -84.476623, 33.768169 ], [ -84.477009, 33.768862 ], [ -84.477016841626664, 33.768886178348886 ] ] } },
{ "type": "Feature", "properties": { "edge_id": 58188, "segment_id": "7c8cc2f1-a5ae-45f4-b510-2541566a1c28", "u": "e859ec95-afdc-4776-9919-006474ccb733", "v": "da250228-9465-4df7-8cf3-a0fc58f699ed", "part": 1, "cls": "residential", "subclass": null, "name": "McKinley Road Northwest", "length_m": 42.73805282512042, "is_bridge": false, "is_tunnel": false, "is_structure": false, "walk_ok": true, "walk_oneway": false, "walk_restricted": false, "bike_ok": true, "bike_oneway": false, "bike_restricted": false, "bike_facility": "", "low_stress": true, "dem_gaps": [ ], "max_abs_grade": 0.1070727388989393, "elev_min": 264.528564453125, "elev_max": 268.506591796875, "cum_gain_fwd": 0.0, "cum_loss_fwd": 3.97802734375, "net_change_fwd": -3.97802734375, "avg_grade_fwd": -0.093079284696493708, "n_samples": 10, "d_abs_above_3": 42.738052368164062, "d_abs_above_5": 42.738052368164062, "d_abs_above_8": 37.9893798828125, "d_abs_above_10": 14.246017456054688, "d_abs_above_15": 0.0, "grade_reliable": true, "max_abs_grade_reliable": 0.1070727388989393, "shortest_use": 26, "flat_use": 71, "flat_use_per_objective": 23.666666666666668, "unavoidability": 0.91025641025641035, "barrier_score": 1.1897808965102303, "neighborhood": "Springlake" }, "geometry": { "type": "LineString", "coordinates": [ [ -84.408246821452977, 33.815009601701931 ], [ -84.4077854, 33.815014 ], [ -84.407785383447433, 33.815013999582114 ] ] } },
{ "type": "Feature", "properties": { "edge_id": 9021, "segment_id": "bd1f1c04-6306-4237-9b83-af9869e152ad", "u": "48df926a-23c1-481f-9c97-e411ab23847a", "v": "f130df2f-495a-48d4-9a94-31a83cc3d92d", "part": 0, "cls": "residential", "subclass": null, "name": "Chilton Drive Northwest", "length_m": 103.41354140060182, "is_bridge": false, "is_tunnel": false, "is_structure": false, "walk_ok": true, "walk_oneway": false, "walk_restricted": false, "bike_ok": true, "bike_oneway": false, "bike_restricted": false, "bike_facility": "", "low_stress": true, "dem_gaps": [ ], "max_abs_grade": 0.081895336334819616, "elev_min": 280.24114990234375, "elev_max": 283.6192626953125, "cum_gain_fwd": 0.0, "cum_loss_fwd": 3.37811279296875, "net_change_fwd": -3.37811279296875, "avg_grade_fwd": -0.032666057772183947, "n_samples": 22, "d_abs_above_3": 49.244545936584473, "d_abs_above_5": 29.546730041503906, "d_abs_above_8": 4.9244537353515625, "d_abs_above_10": 0.0, "d_abs_above_15": 0.0, "grade_reliable": true, "max_abs_grade_reliable": 0.081895336334819616, "shortest_use": 14, "flat_use": 45, "flat_use_per_objective": 15.0, "unavoidability": 1.0, "barrier_score": 1.185672145640791, "neighborhood": "Collier Heights" }, "geometry": { "type": "LineString", "coordinates": [ [ -84.472233, 33.763637 ], [ -84.472218, 33.764569 ] ] } },
{ "type": "Feature", "properties": { "edge_id": 9379, "segment_id": "e2b6020e-262e-4b29-bdc6-18c18ccf343a", "u": "ceffe0db-ace7-4cd2-b8b5-83b3680d00df", "v": "d7017685-6fee-40a1-9d34-0c367142b34b", "part": 1, "cls": "residential", "subclass": null, "name": "North Grand Avenue Northwest", "length_m": 51.624725552999308, "is_bridge": false, "is_tunnel": false, "is_structure": false, "walk_ok": true, "walk_oneway": false, "walk_restricted": false, "bike_ok": true, "bike_oneway": false, "bike_restricted": false, "bike_facility": "", "low_stress": true, "dem_gaps": [ ], "max_abs_grade": 0.088129334496480582, "elev_min": 269.43228149414062, "elev_max": 272.27896118164062, "cum_gain_fwd": 2.8466796875, "cum_loss_fwd": -0.0, "net_change_fwd": 2.8466796875, "avg_grade_fwd": 0.055141788525802489, "n_samples": 12, "d_abs_above_3": 37.545253753662109, "d_abs_above_5": 28.158941268920898, "d_abs_above_8": 4.6931562423706055, "d_abs_above_10": 0.0, "d_abs_above_15": 0.0, "grade_reliable": true, "max_abs_grade_reliable": 0.088129334496480582, "shortest_use": 26, "flat_use": 0, "flat_use_per_objective": 0.0, "unavoidability": 0.0, "barrier_score": 1.182909703702814, "neighborhood": "Center Hill" }, "geometry": { "type": "LineString", "coordinates": [ [ -84.462319100004066, 33.777305899837444 ], [ -84.4623191, 33.7773059 ], [ -84.462307600001211, 33.777771099951401 ] ] } },
{ "type": "Feature", "properties": { "edge_id": 11210, "segment_id": "9253755e-515c-4796-92e5-12984194aa5b", "u": "ae16ad29-29b3-4cec-9ef5-eca072b69fcd", "v": "a87b79f4-ad69-43fd-9683-8d2730433fa3", "part": 0, "cls": "residential", "subclass": null, "name": "Emerald Avenue Southwest", "length_m": 299.54090267072502, "is_bridge": false, "is_tunnel": false, "is_structure": false, "walk_ok": true, "walk_oneway": false, "walk_restricted": false, "bike_ok": true, "bike_oneway": false, "bike_restricted": false, "bike_facility": "", "low_stress": true, "dem_gaps": [ ], "max_abs_grade": 0.098356246446888243, "elev_min": 287.11053466796875, "elev_max": 302.9864501953125, "cum_gain_fwd": 0.0, "cum_loss_fwd": 15.87591552734375, "net_change_fwd": -15.87591552734375, "avg_grade_fwd": -0.053000828497713176, "n_samples": 61, "d_abs_above_3": 184.71688079833984, "d_abs_above_5": 169.73983764648438, "d_abs_above_8": 69.89288330078125, "d_abs_above_10": 0.0, "d_abs_above_15": 0.0, "grade_reliable": true, "max_abs_grade_reliable": 0.098356246446888243, "shortest_use": 4, "flat_use": 0, "flat_use_per_objective": 0.0, "unavoidability": 0.0, "barrier_score": 1.1784687537602077, "neighborhood": "Westview" }, "geometry": { "type": "LineString", "coordinates": [ [ -84.442737, 33.742367 ], [ -84.443191, 33.742365 ], [ -84.443374, 33.742348 ], [ -84.44352, 33.742316 ], [ -84.444108, 33.742145 ], [ -84.444317, 33.742111 ], [ -84.445924, 33.74212 ] ] } },
{ "type": "Feature", "properties": { "edge_id": 80307, "segment_id": "ab6e3a81-5d2b-4d61-a271-479ff950555d", "u": "33a92194-dc9d-4a2c-a043-2ec8660404e1", "v": "5f1df2f6-40d7-4755-bd07-73a29dc665ce", "part": 1, "cls": "tertiary", "subclass": null, "name": "Leonard Tate Street Southeast", "length_m": 159.35211096085547, "is_bridge": false, "is_tunnel": false, "is_structure": false, "walk_ok": true, "walk_oneway": false, "walk_restricted": false, "bike_ok": true, "bike_oneway": false, "bike_restricted": false, "bike_facility": "", "low_stress": false, "dem_gaps": "[  0.          53.78787115  57.80971053 115.58554494]", "max_abs_grade": 0.18406449458102117, "elev_min": 298.43460083007812, "elev_max": 306.65557861328125, "cum_gain_fwd": 10.328582763671875, "cum_loss_fwd": 4.710540771484375, "net_change_fwd": 5.6180419921875, "avg_grade_fwd": 0.035255522679612766, "n_samples": 33, "d_abs_above_3": 144.4128532409668, "d_abs_above_5": 134.45335006713867, "d_abs_above_8": 94.615329742431641, "d_abs_above_10": 59.757045745849609, "d_abs_above_15": 34.858272552490234, "grade_reliable": true, "max_abs_grade_reliable": 0.18406449458102117, "shortest_use": 4, "flat_use": 0, "flat_use_per_objective": 0.0, "unavoidability": 0.0, "barrier_score": 1.1732426305771466, "neighborhood": "Sweet Auburn" }, "geometry": { "type": "LineString", "coordinates": [ [ -84.379776635321846, 33.752732950597 ], [ -84.379774, 33.7527295 ], [ -84.3797462, 33.7526949 ], [ -84.3796903, 33.7526089 ], [ -84.3796292, 33.7524848 ], [ -84.379598, 33.7524025 ], [ -84.3795645, 33.7523011 ], [ -84.379535, 33.7521903 ], [ -84.379519, 33.752109399999988 ], [ -84.3795002, 33.7519392 ], [ -84.379496, 33.751738 ], [ -84.379502483410121, 33.751338821426216 ] ] } },
{ "type": "Feature", "properties": { "edge_id": 7215, "segment_id": "089e2b6d-23f2-44a0-a053-d7c617ca4bcd", "u": "3a3e18cd-e7fb-4e49-9f11-1d34204256a4", "v": "8383764d-57a4-46ef-9c17-41a059e204ea", "part": 0, "cls": "tertiary", "subclass": null, "name": "Johnson Road", "length_m": 57.400709913033609, "is_bridge": false, "is_tunnel": false, "is_structure": false, "walk_ok": true, "walk_oneway": false, "walk_restricted": false, "bike_ok": true, "bike_oneway": false, "bike_restricted": false, "bike_facility": "", "low_stress": false, "dem_gaps": [ ], "max_abs_grade": 0.084763386855067846, "elev_min": 268.68026733398438, "elev_max": 271.9898681640625, "cum_gain_fwd": 0.0, "cum_loss_fwd": 3.309600830078125, "net_change_fwd": -3.309600830078125, "avg_grade_fwd": -0.057657836793056964, "n_samples": 13, "d_abs_above_3": 52.617317199707031, "d_abs_above_5": 38.267139434814453, "d_abs_above_8": 9.5667848587036133, "d_abs_above_10": 0.0, "d_abs_above_15": 0.0, "grade_reliable": true, "max_abs_grade_reliable": 0.084763386855067846, "shortest_use": 24, "flat_use": 5, "flat_use_per_objective": 1.6666666666666667, "unavoidability": 0.069444444444444448, "barrier_score": 1.167714859227359, "neighborhood": "Rockdale" }, "geometry": { "type": "LineString", "coordinates": [ [ -84.4427605, 33.7854438 ], [ -84.442554, 33.785424 ], [ -84.442143964860193, 33.785392833433548 ] ] } },
{ "type": "Feature", "properties": { "edge_id": 38007, "segment_id": "f6594e1b-f152-4550-9922-262a1c3f43f9", "u": "d6efdde2-3711-4e4e-8c5e-f1ce67805ffe", "v": "68906f37-afd2-4631-82ae-adf06caa6fab", "part": 1, "cls": "tertiary", "subclass": null, "name": "Forrest Park Road Southeast", "length_m": 129.89575813977891, "is_bridge": false, "is_tunnel": false, "is_structure": false, "walk_ok": true, "walk_oneway": false, "walk_restricted": false, "bike_ok": true, "bike_oneway": false, "bike_restricted": false, "bike_facility": "", "low_stress": false, "dem_gaps": [ ], "max_abs_grade": 0.088736992886746871, "elev_min": 250.7242431640625, "elev_max": 258.90011596679688, "cum_gain_fwd": 8.175872802734375, "cum_loss_fwd": -0.0, "net_change_fwd": 8.175872802734375, "avg_grade_fwd": 0.06294180279032352, "n_samples": 27, "d_abs_above_3": 129.895751953125, "d_abs_above_5": 104.91579818725586, "d_abs_above_8": 29.975936889648438, "d_abs_above_10": 0.0, "d_abs_above_15": 0.0, "grade_reliable": true, "max_abs_grade_reliable": 0.088736992886746871, "shortest_use": 10, "flat_use": 7, "flat_use_per_objective": 2.3333333333333335, "unavoidability": 0.23333333333333334, "barrier_score": 1.1526558966068152, "neighborhood": "Leila Valley" }, "geometry": { "type": "LineString", "coordinates": [ [ -84.360139700000147, 33.69205429997556 ], [ -84.3601397, 33.6920543 ], [ -84.360133, 33.693225 ] ] } },
{ "type": "Feature", "properties": { "edge_id": 78927, "segment_id": "bb8c51ca-0607-4b11-aa8a-d5e9f0860d4d", "u": "59fc6271-27ff-4995-8245-39b65447fd46", "v": "06b035a1-9cb0-477c-a9a6-e39cc89d4a7a", "part": 0, "cls": "secondary", "subclass": null, "name": "Peachtree Street Northeast", "length_m": 11.297726877274739, "is_bridge": true, "is_tunnel": false, "is_structure": true, "walk_ok": true, "walk_oneway": false, "walk_restricted": false, "bike_ok": true, "bike_oneway": false, "bike_restricted": false, "bike_facility": "", "low_stress": false, "dem_gaps": [ ], "max_abs_grade": 0.22690197701642514, "elev_min": 309.86334228515625, "elev_max": 312.42672729492188, "cum_gain_fwd": 0.0, "cum_loss_fwd": 2.563385009765625, "net_change_fwd": -2.563385009765625, "avg_grade_fwd": -0.22689387816258355, "n_samples": 4, "d_abs_above_3": 11.297726631164551, "d_abs_above_5": 11.297726631164551, "d_abs_above_8": 11.297726631164551, "d_abs_above_10": 11.297726631164551, "d_abs_above_15": 11.297726631164551, "grade_reliable": false, "max_abs_grade_reliable": null, "shortest_use": 44, "flat_use": 51, "flat_use_per_objective": 17.0, "unavoidability": 0.38636363636363635, "barrier_score": 1.1279296882679062, "neighborhood": "Downtown" }, "geometry": { "type": "LineString", "coordinates": [ [ -84.3857571, 33.7645468 ], [ -84.385711327775624, 33.764641174714257 ] ] } },
{ "type": "Feature", "properties": { "edge_id": 7334, "segment_id": "0b2ef443-4264-4a6f-a7a1-c6eb917d7ebb", "u": "a9918653-15ac-440c-8f6c-74cc1c695640", "v": "77df2937-0bb7-4a2f-a6fa-faae09903c9e", "part": 0, "cls": "residential", "subclass": null, "name": "North Eugenia Place Northwest", "length_m": 341.39106023005382, "is_bridge": false, "is_tunnel": false, "is_structure": false, "walk_ok": true, "walk_oneway": false, "walk_restricted": false, "bike_ok": true, "bike_oneway": false, "bike_restricted": false, "bike_facility": "", "low_stress": true, "dem_gaps": [ ], "max_abs_grade": 0.16104758027706845, "elev_min": 249.77371215820312, "elev_max": 277.821533203125, "cum_gain_fwd": 0.404998779296875, "cum_loss_fwd": 28.047821044921875, "net_change_fwd": -27.642822265625, "avg_grade_fwd": -0.08097113876815526, "n_samples": 70, "d_abs_above_3": 272.12331771850586, "d_abs_above_5": 207.80324745178223, "d_abs_above_8": 173.16937637329102, "d_abs_above_10": 143.48319244384766, "d_abs_above_15": 39.581565856933594, "grade_reliable": true, "max_abs_grade_reliable": 0.16104758027706845, "shortest_use": 2, "flat_use": 4, "flat_use_per_objective": 1.3333333333333333, "unavoidability": 0.66666666666666663, "barrier_score": 1.0996040835654621, "neighborhood": "Grove Park" }, "geometry": { "type": "LineString", "coordinates": [ [ -84.45251, 33.779854 ], [ -84.452463, 33.780206 ], [ -84.452394, 33.780472 ], [ -84.452316, 33.780627 ], [ -84.451828, 33.781427 ], [ -84.451716, 33.781657 ], [ -84.45164, 33.781893 ], [ -84.451621, 33.782162 ], [ -84.451674, 33.782456 ], [ -84.451784, 33.782768 ] ] } },
{ "type": "Feature", "properties": { "edge_id": 7273, "segment_id": "fa916685-09c2-49da-bc31-465497390f6c", "u": "6a06e21f-4d4e-46f3-959d-a6c30ed88397", "v": "f360d703-2808-4aae-8b58-98fc63cd6ff1", "part": 2, "cls": "footway", "subclass": null, "name": null, "length_m": 79.731947616634301, "is_bridge": false, "is_tunnel": false, "is_structure": false, "walk_ok": true, "walk_oneway": false, "walk_restricted": false, "bike_ok": true, "bike_oneway": false, "bike_restricted": false, "bike_facility": "shared_path", "low_stress": true, "dem_gaps": [ ], "max_abs_grade": 0.096661769352381383, "elev_min": 267.62017822265625, "elev_max": 269.9049072265625, "cum_gain_fwd": 0.8194580078125, "cum_loss_fwd": 2.28472900390625, "net_change_fwd": -1.46527099609375, "avg_grade_fwd": -0.018377463704088156, "n_samples": 17, "d_abs_above_3": 34.882730484008789, "d_abs_above_5": 24.916233062744141, "d_abs_above_8": 9.9664936065673828, "d_abs_above_10": 0.0, "d_abs_above_15": 0.0, "grade_reliable": true, "max_abs_grade_reliable": 0.096661769352381383, "shortest_use": 14, "flat_use": 6, "flat_use_per_objective": 2.0, "unavoidability": 0.14285714285714285, "barrier_score": 1.0789843582749363, "neighborhood": "Rockdale" }, "geometry": { "type": "LineString", "coordinates": [ [ -84.441977598017928, 33.784674906853731 ], [ -84.4420492, 33.7847052 ], [ -84.4420787, 33.784775 ], [ -84.4420831, 33.7848497 ], [ -84.4420728, 33.7848986 ], [ -84.4420566, 33.7849647 ], [ -84.4420595, 33.7850271 ], [ -84.4420816, 33.785114 ], [ -84.4420713, 33.7852009 ], [ -84.4420492, 33.7852793 ], [ -84.4421286, 33.7852739 ] ] } },
{ "type": "Feature", "properties": { "edge_id": 59034, "segment_id": "d607eb3d-4db2-4c19-8905-cdac11d9df5b", "u": "f3c32d76-d71a-46b7-88ab-2a6c77c50f6b", "v": "bbc5f7d3-0ca1-40fe-b943-a4135a55a0c9", "part": 0, "cls": "residential", "subclass": null, "name": "Seaboard Avenue Northwest", "length_m": 131.99582873445314, "is_bridge": false, "is_tunnel": false, "is_structure": false, "walk_ok": true, "walk_oneway": false, "walk_restricted": false, "bike_ok": true, "bike_oneway": false, "bike_restricted": false, "bike_facility": "", "low_stress": true, "dem_gaps": [ ], "max_abs_grade": 0.10165798968750391, "elev_min": 266.16864013671875, "elev_max": 277.07968139648438, "cum_gain_fwd": 10.911041259765625, "cum_loss_fwd": -0.0, "net_change_fwd": 10.911041259765625, "avg_grade_fwd": 0.082662012126727316, "n_samples": 28, "d_abs_above_3": 131.99583435058594, "d_abs_above_5": 122.21836090087891, "d_abs_above_8": 92.885952949523926, "d_abs_above_10": 4.88873291015625, "d_abs_above_15": 0.0, "grade_reliable": true, "max_abs_grade_reliable": 0.10165798968750391, "shortest_use": 8, "flat_use": 4, "flat_use_per_objective": 1.3333333333333333, "unavoidability": 0.16666666666666666, "barrier_score": 1.0734744477024456, "neighborhood": "Underwood Hills" }, "geometry": { "type": "LineString", "coordinates": [ [ -84.421854, 33.808798 ], [ -84.423279, 33.808815 ] ] } },
{ "type": "Feature", "properties": { "edge_id": 16377, "segment_id": "ca1f0c8b-e04f-4b95-b10e-09fea85789ef", "u": "bab9dfc2-18f2-4c70-8a0c-59ccef8f4e9b", "v": "a5ea0e40-0e17-4395-a3c2-7ba4582d8165", "part": 0, "cls": "tertiary", "subclass": null, "name": "Avon Avenue Southwest", "length_m": 144.72382876780244, "is_bridge": false, "is_tunnel": false, "is_structure": false, "walk_ok": true, "walk_oneway": false, "walk_restricted": false, "bike_ok": true, "bike_oneway": false, "bike_restricted": false, "bike_facility": "", "low_stress": false, "dem_gaps": [ ], "max_abs_grade": 0.092369528948080259, "elev_min": 298.8441162109375, "elev_max": 302.65997314453125, "cum_gain_fwd": 2.573516845703125, "cum_loss_fwd": 3.81585693359375, "net_change_fwd": -1.242340087890625, "avg_grade_fwd": -0.0085842122737429354, "n_samples": 30, "d_abs_above_3": 109.79049301147461, "d_abs_above_5": 54.895246505737305, "d_abs_above_8": 9.9809541702270508, "d_abs_above_10": 0.0, "d_abs_above_15": 0.0, "grade_reliable": true, "max_abs_grade_reliable": 0.092369528948080259, "shortest_use": 8, "flat_use": 0, "flat_use_per_objective": 0.0, "unavoidability": 0.0, "barrier_score": 1.069445751267563, "neighborhood": "Cascade Avenue/Road" }, "geometry": { "type": "LineString", "coordinates": [ [ -84.446769, 33.722533 ], [ -84.44833, 33.72254 ] ] } },
{ "type": "Feature", "properties": { "edge_id": 10652, "segment_id": "34762f0b-b5eb-49fc-a5a8-bc1029f4a61f", "u": "fbbdef69-7c26-42ee-b9ff-c92dfc807be5", "v": "17b9ca3d-bf1d-4945-87ee-a3ed6ecd4068", "part": 0, "cls": "residential", "subclass": null, "name": "Larchwood Road Southwest", "length_m": 133.74433647369651, "is_bridge": false, "is_tunnel": false, "is_structure": false, "walk_ok": true, "walk_oneway": false, "walk_restricted": false, "bike_ok": true, "bike_oneway": false, "bike_restricted": false, "bike_facility": "", "low_stress": true, "dem_gaps": [ ], "max_abs_grade": 0.09973133055390572, "elev_min": 286.959716796875, "elev_max": 291.7598876953125, "cum_gain_fwd": 2.68621826171875, "cum_loss_fwd": 4.8001708984375, "net_change_fwd": -2.11395263671875, "avg_grade_fwd": -0.015805922349270723, "n_samples": 28, "d_abs_above_3": 108.97687149047852, "d_abs_above_5": 84.209396362304688, "d_abs_above_8": 34.674457550048828, "d_abs_above_10": 0.0, "d_abs_above_15": 0.0, "grade_reliable": true, "max_abs_grade_reliable": 0.09973133055390572, "shortest_use": 8, "flat_use": 0, "flat_use_per_objective": 0.0, "unavoidability": 0.0, "barrier_score": 1.0670800504456812, "neighborhood": "Florida Heights" }, "geometry": { "type": "LineString", "coordinates": [ [ -84.461052, 33.747543 ], [ -84.459609, 33.747536 ] ] } },
{ "type": "Feature", "properties": { "edge_id": 66658, "segment_id": "d1521478-172e-4470-8cf9-89ee08ebbf8b", "u": "09c76915-58b9-479a-a7fc-37ee6187e9e8", "v": "19354185-b26e-4a86-8fba-4de4f03e867b", "part": 1, "cls": "secondary", "subclass": null, "name": "North Avenue Northeast", "length_m": 47.975673980358067, "is_bridge": false, "is_tunnel": false, "is_structure": false, "walk_ok": true, "walk_oneway": false, "walk_restricted": false, "bike_ok": true, "bike_oneway": false, "bike_restricted": false, "bike_facility": "", "low_stress": false, "dem_gaps": [ ], "max_abs_grade": 0.092445176672271021, "elev_min": 290.45883178710938, "elev_max": 294.69851684570312, "cum_gain_fwd": 0.0, "cum_loss_fwd": 4.23968505859375, "net_change_fwd": -4.23968505859375, "avg_grade_fwd": -0.088371558620876103, "n_samples": 11, "d_abs_above_3": 47.975673675537109, "d_abs_above_5": 47.975673675537109, "d_abs_above_8": 43.178106307983398, "d_abs_above_10": 0.0, "d_abs_above_15": 0.0, "grade_reliable": true, "max_abs_grade_reliable": 0.092445176672271021, "shortest_use": 24, "flat_use": 0, "flat_use_per_objective": 0.0, "unavoidability": 0.0, "barrier_score": 1.0644287177005145, "neighborhood": "Old Fourth Ward" }, "geometry": { "type": "LineString", "coordinates": [ [ -84.380289200401464, 33.77126210000425 ], [ -84.3802892, 33.7712621 ], [ -84.379771500266841, 33.771256100003093 ] ] } },
{ "type": "Feature", "properties": { "edge_id": 18793, "segment_id": "a5e2c066-2070-491d-b660-1c8a39ff37f8", "u": "9542b244-595b-4c2d-a4af-e5e5cca7d619", "v": "1a676f2a-5e01-4271-84f8-bdebda6f5211", "part": 1, "cls": "cycleway", "subclass": null, "name": null, "length_m": 8.2231309612694172, "is_bridge": false, "is_tunnel": false, "is_structure": false, "walk_ok": true, "walk_oneway": false, "walk_restricted": false, "bike_ok": true, "bike_oneway": false, "bike_restricted": false, "bike_facility": "dedicated_cycleway", "low_stress": true, "dem_gaps": [ ], "max_abs_grade": 0.30721948818555195, "elev_min": 306.35617065429688, "elev_max": 308.48129272460938, "cum_gain_fwd": 0.0, "cum_loss_fwd": 2.1251220703125, "net_change_fwd": -2.1251220703125, "avg_grade_fwd": -0.25843222293842977, "n_samples": 3, "d_abs_above_3": 8.2231311798095703, "d_abs_above_5": 8.2231311798095703, "d_abs_above_8": 8.2231311798095703, "d_abs_above_10": 8.2231311798095703, "d_abs_above_15": 8.2231311798095703, "grade_reliable": false, "max_abs_grade_reliable": null, "shortest_use": 42, "flat_use": 112, "flat_use_per_objective": 37.333333333333336, "unavoidability": 0.88888888888888895, "barrier_score": 1.0610485557856615, "neighborhood": "Westview" }, "geometry": { "type": "LineString", "coordinates": [ [ -84.433877562134072, 33.739790282361938 ], [ -84.4338775, 33.7397903 ], [ -84.433795, 33.7398174 ] ] } },
{ "type": "Feature", "properties": { "edge_id": 54619, "segment_id": "56801c00-10b0-4bfa-86ea-6d860ae92024", "u": "771446d7-b85e-4b20-9ea9-1beddfac41c8", "v": "76797669-a049-4a4a-a1f1-380c66adf61f", "part": 1, "cls": "residential", "subclass": null, "name": "Gary Avenue Northwest", "length_m": 113.6725448685269, "is_bridge": false, "is_tunnel": false, "is_structure": false, "walk_ok": true, "walk_oneway": false, "walk_restricted": false, "bike_ok": true, "bike_oneway": false, "bike_restricted": false, "bike_facility": "", "low_stress": true, "dem_gaps": [ ], "max_abs_grade": 0.154641514676711, "elev_min": 262.63803100585938, "elev_max": 275.82217407226562, "cum_gain_fwd": 0.0, "cum_loss_fwd": 13.18414306640625, "net_change_fwd": -13.18414306640625, "avg_grade_fwd": -0.11598352887735307, "n_samples": 24, "d_abs_above_3": 108.73026180267334, "d_abs_above_5": 103.78797721862793, "d_abs_above_8": 93.903408050537109, "d_abs_above_10": 93.903408050537109, "d_abs_above_15": 9.8845672607421875, "grade_reliable": true, "max_abs_grade_reliable": 0.154641514676711, "shortest_use": 6, "flat_use": 0, "flat_use_per_objective": 0.0, "unavoidability": 0.0, "barrier_score": 1.0547096709375234, "neighborhood": "Grove Park" }, "geometry": { "type": "LineString", "coordinates": [ [ -84.429423262917382, 33.774005204015147 ], [ -84.4294088, 33.774104 ], [ -84.429407, 33.7742683 ], [ -84.429467500000015, 33.774384 ], [ -84.4295678, 33.7744069 ], [ -84.429713, 33.7744099 ], [ -84.4298319, 33.7744499 ], [ -84.429912, 33.7745384 ], [ -84.430042, 33.7747162 ] ] } },
{ "type": "Feature", "properties": { "edge_id": 106370, "segment_id": "facfb21d-b729-4448-bf49-90b042858ac1", "u": "70bdd205-cf2a-4ba1-a200-f1b2ec8fdd3d", "v": "391e61d1-352a-4018-8c78-ac2ab8e05cd9", "part": 4, "cls": "secondary", "subclass": null, "name": "Howell Mill Road Northwest", "length_m": 54.204715737821779, "is_bridge": false, "is_tunnel": false, "is_structure": false, "walk_ok": true, "walk_oneway": false, "walk_restricted": false, "bike_ok": true, "bike_oneway": false, "bike_restricted": false, "bike_facility": "", "low_stress": false, "dem_gaps": [ ], "max_abs_grade": 0.10803492114486546, "elev_min": 253.86178588867188, "elev_max": 258.78085327148438, "cum_gain_fwd": 4.9190673828125, "cum_loss_fwd": -0.0, "net_change_fwd": 4.9190673828125, "avg_grade_fwd": 0.090749805006403839, "n_samples": 12, "d_abs_above_3": 54.204715728759766, "d_abs_above_5": 54.204715728759766, "d_abs_above_8": 39.421610355377197, "d_abs_above_10": 14.78310489654541, "d_abs_above_15": 0.0, "grade_reliable": true, "max_abs_grade_reliable": 0.10803492114486546, "shortest_use": 18, "flat_use": 12, "flat_use_per_objective": 4.0, "unavoidability": 0.22222222222222221, "barrier_score": 1.0540803942747763, "neighborhood": null }, "geometry": { "type": "LineString", "coordinates": [ [ -84.428257191430362, 33.84360139992058 ], [ -84.4282381, 33.8435512 ], [ -84.4282, 33.8434508 ], [ -84.428083189833728, 33.843134937569957 ] ] } },
{ "type": "Feature", "properties": { "edge_id": 14667, "segment_id": "2a8ea9a5-8047-4cee-b585-3c3ee2342488", "u": "498d31a2-4c88-4c04-ad83-1947382bb13b", "v": "225fe575-f234-466b-9b7b-ef0414251127", "part": 5, "cls": "residential", "subclass": null, "name": "Niskey Lake Road Southwest", "length_m": 13.195669786203096, "is_bridge": false, "is_tunnel": false, "is_structure": false, "walk_ok": true, "walk_oneway": false, "walk_restricted": false, "bike_ok": true, "bike_oneway": false, "bike_restricted": false, "bike_facility": "", "low_stress": true, "dem_gaps": [ ], "max_abs_grade": 0.11409687436920303, "elev_min": 272.44894409179688, "elev_max": 273.90765380859375, "cum_gain_fwd": 1.458709716796875, "cum_loss_fwd": -0.0, "net_change_fwd": 1.458709716796875, "avg_grade_fwd": 0.11054457277741028, "n_samples": 4, "d_abs_above_3": 13.195670127868652, "d_abs_above_5": 13.195670127868652, "d_abs_above_8": 13.195670127868652, "d_abs_above_10": 13.195670127868652, "d_abs_above_15": 0.0, "grade_reliable": false, "max_abs_grade_reliable": null, "shortest_use": 70, "flat_use": 0, "flat_use_per_objective": 0.0, "unavoidability": 0.0, "barrier_score": 1.053909274469732, "neighborhood": "Niskey Lake" }, "geometry": { "type": "LineString", "coordinates": [ [ -84.533448589023038, 33.718255952281808 ], [ -84.533404, 33.718143 ] ] } },
{ "type": "Feature", "properties": { "edge_id": 15966, "segment_id": "ad5cb41a-dedd-4923-b806-9a6b596e30a8", "u": "ac35964a-6acd-4142-8a1b-cd1acddee5ad", "v": "06d5b258-60bd-4367-a60f-3a5352c03362", "part": 1, "cls": "residential", "subclass": null, "name": "Willis Mill Road Southwest", "length_m": 44.8026608585416, "is_bridge": false, "is_tunnel": false, "is_structure": false, "walk_ok": true, "walk_oneway": false, "walk_restricted": false, "bike_ok": true, "bike_oneway": false, "bike_restricted": false, "bike_facility": "", "low_stress": true, "dem_gaps": [ ], "max_abs_grade": 0.089601922493356176, "elev_min": 301.75262451171875, "elev_max": 304.70562744140625, "cum_gain_fwd": 0.0, "cum_loss_fwd": 2.9530029296875, "net_change_fwd": -2.9530029296875, "avg_grade_fwd": -0.065911327692060512, "n_samples": 10, "d_abs_above_3": 44.802661895751953, "d_abs_above_5": 34.846514701843262, "d_abs_above_8": 9.956146240234375, "d_abs_above_10": 0.0, "d_abs_above_15": 0.0, "grade_reliable": true, "max_abs_grade_reliable": 0.089601922493356176, "shortest_use": 26, "flat_use": 0, "flat_use_per_objective": 0.0, "unavoidability": 0.0, "barrier_score": 1.0437451818932233, "neighborhood": "Audobon Forest" }, "geometry": { "type": "LineString", "coordinates": [ [ -84.47218880141773, 33.723361459418626 ], [ -84.4722029, 33.7229579 ], [ -84.472202902976179, 33.72295781480188 ] ] } },
{ "type": "Feature", "properties": { "edge_id": 60139, "segment_id": "aa8e7f4f-febb-48bb-96a2-17e30bd790d4", "u": "e5b15345-9541-42f3-97d9-346042527a42", "v": "65067a15-3ba9-4005-9722-c91f14aaa2ee", "part": 4, "cls": "trunk", "subclass": null, "name": "Northside Drive Northwest", "length_m": 24.84261937061871, "is_bridge": false, "is_tunnel": false, "is_structure": false, "walk_ok": true, "walk_oneway": false, "walk_restricted": false, "bike_ok": true, "bike_oneway": false, "bike_restricted": false, "bike_facility": "", "low_stress": false, "dem_gaps": [ ], "max_abs_grade": 0.090732311235874177, "elev_min": 277.7698974609375, "elev_max": 279.85964965820312, "cum_gain_fwd": 0.0, "cum_loss_fwd": 2.089752197265625, "net_change_fwd": -2.089752197265625, "avg_grade_fwd": -0.084119641416334989, "n_samples": 6, "d_abs_above_3": 24.842618942260742, "d_abs_above_5": 24.842618942260742, "d_abs_above_8": 14.905570983886719, "d_abs_above_10": 0.0, "d_abs_above_15": 0.0, "grade_reliable": true, "max_abs_grade_reliable": 0.090732311235874177, "shortest_use": 46, "flat_use": 0, "flat_use_per_objective": 0.0, "unavoidability": 0.0, "barrier_score": 1.0368530054186933, "neighborhood": "Loring Heights" }, "geometry": { "type": "LineString", "coordinates": [ [ -84.407862499992319, 33.795586096280523 ], [ -84.4078625, 33.7955861 ], [ -84.4078626, 33.7956256 ], [ -84.407863099993833, 33.795809997726522 ] ] } },
{ "type": "Feature", "properties": { "edge_id": 47701, "segment_id": "d13ecc08-c38d-4bc4-9fe3-4a6bd51b7926", "u": "71e94764-a1c1-4f9d-a0c2-b5ec627d963e", "v": "629b67f3-6645-4f28-b024-ba55e06b9331", "part": 1, "cls": "primary", "subclass": null, "name": "Memorial Drive Southeast", "length_m": 25.168793884096601, "is_bridge": false, "is_tunnel": false, "is_structure": false, "walk_ok": true, "walk_oneway": false, "walk_restricted": false, "bike_ok": true, "bike_oneway": false, "bike_restricted": false, "bike_facility": "", "low_stress": false, "dem_gaps": [ ], "max_abs_grade": 0.089229090711505837, "elev_min": 298.31863403320312, "elev_max": 300.47772216796875, "cum_gain_fwd": 2.159088134765625, "cum_loss_fwd": -0.0, "net_change_fwd": 2.159088134765625, "avg_grade_fwd": 0.085784328027538062, "n_samples": 7, "d_abs_above_3": 25.168794631958008, "d_abs_above_5": 25.168794631958008, "d_abs_above_8": 25.168794631958008, "d_abs_above_10": 0.0, "d_abs_above_15": 0.0, "grade_reliable": true, "max_abs_grade_reliable": 0.089229090711505837, "shortest_use": 46, "flat_use": 0, "flat_use_per_objective": 0.0, "unavoidability": 0.0, "barrier_score": 1.0330627525882945, "neighborhood": "The Villages at East Lake" }, "geometry": { "type": "LineString", "coordinates": [ [ -84.314405499942296, 33.747314599999235 ], [ -84.314134, 33.747311 ] ] } },
{ "type": "Feature", "properties": { "edge_id": 87579, "segment_id": "e4348c98-24b2-4381-bc3f-2165e6650fac", "u": "7e592bd5-2c44-46a4-9c5a-9dacd60e13de", "v": "de6baef8-531d-469d-bc0d-7021dc0a1849", "part": 0, "cls": "footway", "subclass": null, "name": null, "length_m": 38.685720299473495, "is_bridge": false, "is_tunnel": false, "is_structure": false, "walk_ok": true, "walk_oneway": false, "walk_restricted": false, "bike_ok": true, "bike_oneway": false, "bike_restricted": false, "bike_facility": "shared_path", "low_stress": true, "dem_gaps": [ ], "max_abs_grade": 0.26630618438849968, "elev_min": 278.60928344726562, "elev_max": 285.39175415039062, "cum_gain_fwd": 6.782470703125, "cum_loss_fwd": -0.0, "net_change_fwd": 6.782470703125, "avg_grade_fwd": 0.17532234012268139, "n_samples": 9, "d_abs_above_3": 38.685718536376953, "d_abs_above_5": 38.685718536376953, "d_abs_above_8": 38.685718536376953, "d_abs_above_10": 33.850006103515625, "d_abs_above_15": 24.17857551574707, "grade_reliable": true, "max_abs_grade_reliable": 0.26630618438849968, "shortest_use": 10, "flat_use": 0, "flat_use_per_objective": 0.0, "unavoidability": 0.0, "barrier_score": 1.0302246563273514, "neighborhood": "Druid Hills" }, "geometry": { "type": "LineString", "coordinates": [ [ -84.3369235, 33.772898 ], [ -84.3369543, 33.7729136 ], [ -84.3370349, 33.7729582 ], [ -84.33721, 33.77301 ], [ -84.337233, 33.773056 ], [ -84.3372673, 33.773071 ], [ -84.337267840901021, 33.773071237312315 ] ] } },
{ "type": "Feature", "properties": { "edge_id": 19522, "segment_id": "eeda14ac-e738-4a40-8deb-818e9d795fce", "u": "0237f750-1927-4f3b-9f94-0576984b8886", "v": "77ee70f6-cbd9-4612-a94a-0a698f71d782", "part": 0, "cls": "residential", "subclass": null, "name": "Dorsey Street Southwest", "length_m": 149.09138028546971, "is_bridge": false, "is_tunnel": false, "is_structure": false, "walk_ok": true, "walk_oneway": false, "walk_restricted": false, "bike_ok": true, "bike_oneway": false, "bike_restricted": false, "bike_facility": "", "low_stress": true, "dem_gaps": [ ], "max_abs_grade": 0.1149910192050845, "elev_min": 312.35861206054688, "elev_max": 319.05191040039062, "cum_gain_fwd": 2.268463134765625, "cum_loss_fwd": 6.69329833984375, "net_change_fwd": -4.424835205078125, "avg_grade_fwd": -0.029678678002831482, "n_samples": 31, "d_abs_above_3": 129.2125358581543, "d_abs_above_5": 79.515407562255859, "d_abs_above_8": 29.818283081054688, "d_abs_above_10": 19.87884521484375, "d_abs_above_15": 0.0, "grade_reliable": true, "max_abs_grade_reliable": 0.1149910192050845, "shortest_use": 6, "flat_use": 0, "flat_use_per_objective": 0.0, "unavoidability": 0.0, "barrier_score": 1.0286501864231403, "neighborhood": "Oakland City" }, "geometry": { "type": "LineString", "coordinates": [ [ -84.425925, 33.719565 ], [ -84.425944, 33.718526 ], [ -84.425933, 33.718408 ], [ -84.425903, 33.71829 ], [ -84.4258828, 33.7182277 ], [ -84.425882454385402, 33.718226635555069 ] ] } },
{ "type": "Feature", "properties": { "edge_id": 78864, "segment_id": "12a1b990-9f46-406a-a44c-427dfc8c44ac", "u": "57054a2d-6449-4ea4-aabe-bd2138333864", "v": "59f5850d-39dc-4a33-af62-0d9b973cca57", "part": 0, "cls": "secondary", "subclass": null, "name": "Ralph McGill Boulevard", "length_m": 42.311974513581468, "is_bridge": true, "is_tunnel": false, "is_structure": true, "walk_ok": true, "walk_oneway": false, "walk_restricted": false, "bike_ok": true, "bike_oneway": false, "bike_restricted": false, "bike_facility": "", "low_stress": false, "dem_gaps": [ ], "max_abs_grade": 0.12139318822646408, "elev_min": 303.78366088867188, "elev_max": 308.91995239257812, "cum_gain_fwd": 5.13629150390625, "cum_loss_fwd": -0.0, "net_change_fwd": 5.13629150390625, "avg_grade_fwd": 0.12139096974980684, "n_samples": 10, "d_abs_above_3": 42.311973571777344, "d_abs_above_5": 42.311973571777344, "d_abs_above_8": 42.311973571777344, "d_abs_above_10": 42.311973571777344, "d_abs_above_15": 0.0, "grade_reliable": true, "max_abs_grade_reliable": 0.12139318822646408, "shortest_use": 20, "flat_use": 16, "flat_use_per_objective": 5.333333333333333, "unavoidability": 0.26666666666666666, "barrier_score": 1.0272770972721093, "neighborhood": "Downtown" }, "geometry": { "type": "LineString", "coordinates": [ [ -84.3847388, 33.7644004 ], [ -84.3851175, 33.7644294 ], [ -84.385193484241981, 33.764435229992991 ] ] } },
{ "type": "Feature", "properties": { "edge_id": 16025, "segment_id": "5fc8ec4a-8883-4580-a711-8288235257e8", "u": "8692e6c9-56ca-4443-9317-95e0a54e8c6d", "v": "88708491-4fdc-4909-b9b5-66a3d748a6f0", "part": 2, "cls": "residential", "subclass": null, "name": "Harbin Road Southwest", "length_m": 313.40852728656563, "is_bridge": false, "is_tunnel": false, "is_structure": false, "walk_ok": true, "walk_oneway": false, "walk_restricted": false, "bike_ok": true, "bike_oneway": false, "bike_restricted": false, "bike_facility": "", "low_stress": true, "dem_gaps": [ ], "max_abs_grade": 0.081349714515320165, "elev_min": 265.0916748046875, "elev_max": 277.03213500976562, "cum_gain_fwd": 11.940460205078125, "cum_loss_fwd": -0.0, "net_change_fwd": 11.940460205078125, "avg_grade_fwd": 0.038098707361634454, "n_samples": 64, "d_abs_above_3": 198.98954772949219, "d_abs_above_5": 74.621101379394531, "d_abs_above_8": 9.9494762420654297, "d_abs_above_10": 0.0, "d_abs_above_15": 0.0, "grade_reliable": true, "max_abs_grade_reliable": 0.081349714515320165, "shortest_use": 4, "flat_use": 44, "flat_use_per_objective": 14.666666666666666, "unavoidability": 1.0, "barrier_score": 1.0198277688571618, "neighborhood": "Southwest" }, "geometry": { "type": "LineString", "coordinates": [ [ -84.483854816149972, 33.714967410233072 ], [ -84.483798, 33.714746 ], [ -84.483619, 33.714047 ], [ -84.483212, 33.712683 ], [ -84.48317, 33.71245 ], [ -84.483159, 33.712208 ] ] } },
{ "type": "Feature", "properties": { "edge_id": 91693, "segment_id": "8fd2b3b6-07da-414f-ac63-63754455645a", "u": "7b7187cb-21a5-448b-a320-c767bee6935d", "v": "59624210-91d0-4f9d-bdbe-7169456c4ace", "part": 1, "cls": "residential", "subclass": null, "name": "Sussex Road Northeast", "length_m": 56.227699044458859, "is_bridge": false, "is_tunnel": false, "is_structure": false, "walk_ok": true, "walk_oneway": false, "walk_restricted": false, "bike_ok": true, "bike_oneway": false, "bike_restricted": false, "bike_facility": "", "low_stress": true, "dem_gaps": [ ], "max_abs_grade": 0.12925700910802421, "elev_min": 276.1793212890625, "elev_max": 282.14202880859375, "cum_gain_fwd": 0.0, "cum_loss_fwd": 5.96270751953125, "net_change_fwd": -5.96270751953125, "avg_grade_fwd": -0.1060457318351446, "n_samples": 13, "d_abs_above_3": 56.227699279785156, "d_abs_above_5": 56.227699279785156, "d_abs_above_8": 51.542057514190674, "d_abs_above_10": 32.799489974975586, "d_abs_above_15": 0.0, "grade_reliable": true, "max_abs_grade_reliable": 0.12925700910802421, "shortest_use": 14, "flat_use": 0, "flat_use_per_objective": 0.0, "unavoidability": 0.0, "barrier_score": 1.0174953890518008, "neighborhood": "Morningside/Lenox Park" }, "geometry": { "type": "LineString", "coordinates": [ [ -84.354153101333466, 33.795743468510707 ], [ -84.354154, 33.796194 ], [ -84.3541582, 33.7962275 ], [ -84.3541601, 33.7962432 ], [ -84.354160945115112, 33.796249922938195 ] ] } },
{ "type": "Feature", "properties": { "edge_id": 91706, "segment_id": "6921e448-2d7e-49b2-8df0-46e97bab8d78", "u": "897664fb-f092-488b-9a23-633f46b0efd1", "v": "b791e39f-0dfe-467b-8365-5f0da547b78c", "part": 0, "cls": "residential", "subclass": null, "name": "Plymouth Road Northeast", "length_m": 57.702906522200948, "is_bridge": false, "is_tunnel": false, "is_structure": false, "walk_ok": true, "walk_oneway": false, "walk_restricted": false, "bike_ok": true, "bike_oneway": false, "bike_restricted": false, "bike_facility": "", "low_stress": true, "dem_gaps": [ ], "max_abs_grade": 0.12590801912752816, "elev_min": 267.87130737304688, "elev_max": 270.80923461914062, "cum_gain_fwd": 0.35430908203125, "cum_loss_fwd": 2.93792724609375, "net_change_fwd": -2.5836181640625, "avg_grade_fwd": -0.044774488378683967, "n_samples": 13, "d_abs_above_3": 38.468605041503906, "d_abs_above_5": 28.85145378112793, "d_abs_above_8": 19.234302520751953, "d_abs_above_10": 9.6171512603759766, "d_abs_above_15": 0.0, "grade_reliable": true, "max_abs_grade_reliable": 0.12590801912752816, "shortest_use": 14, "flat_use": 0, "flat_use_per_objective": 0.0, "unavoidability": 0.0, "barrier_score": 1.0171362121355747, "neighborhood": "Morningside/Lenox Park" }, "geometry": { "type": "LineString", "coordinates": [ [ -84.354821, 33.798545 ], [ -84.354357, 33.798331 ], [ -84.354268, 33.798309 ] ] } },
{ "type": "Feature", "properties": { "edge_id": 62244, "segment_id": "def0b962-46bf-46ee-8ef1-0d26fa53376d", "u": "5d0c2d44-5433-4433-a2ac-4ebb53eadea5", "v": "a3dad6d2-731e-41b1-a956-277c79a5e34a", "part": 4, "cls": "tertiary", "subclass": null, "name": "West Wesley Road", "length_m": 206.26766196137024, "is_bridge": false, "is_tunnel": false, "is_structure": false, "walk_ok": true, "walk_oneway": false, "walk_restricted": false, "bike_ok": true, "bike_oneway": false, "bike_restricted": false, "bike_facility": "", "low_stress": false, "dem_gaps": [ ], "max_abs_grade": 0.081881338238218332, "elev_min": 256.55374145507812, "elev_max": 271.45965576171875, "cum_gain_fwd": 14.905914306640625, "cum_loss_fwd": -0.0, "net_change_fwd": 14.905914306640625, "avg_grade_fwd": 0.072264913995509827, "n_samples": 43, "d_abs_above_3": 206.26765441894531, "d_abs_above_5": 206.26765441894531, "d_abs_above_8": 44.200214385986328, "d_abs_above_10": 0.0, "d_abs_above_15": 0.0, "grade_reliable": true, "max_abs_grade_reliable": 0.081881338238218332, "shortest_use": 6, "flat_use": 0, "flat_use_per_objective": 0.0, "unavoidability": 0.0, "barrier_score": 1.0133683317999262, "neighborhood": "Peachtree Battle Alliance" }, "geometry": { "type": "LineString", "coordinates": [ [ -84.405187000092496, 33.828709400000506 ], [ -84.406853900000016, 33.8287185 ], [ -84.407414500000016, 33.8287216 ], [ -84.407414500072505, 33.828721600000364 ] ] } },
{ "type": "Feature", "properties": { "edge_id": 51452, "segment_id": "aa1a05b5-9dfa-48b8-bfec-4e390c0b3db8", "u": "17a0322d-aec3-4a39-93b5-d0449c9511f2", "v": "e499353d-4e00-451a-8058-778a515eb837", "part": 1, "cls": "residential", "subclass": null, "name": "Oliver Street Northwest", "length_m": 33.365371559671559, "is_bridge": false, "is_tunnel": false, "is_structure": false, "walk_ok": true, "walk_oneway": false, "walk_restricted": false, "bike_ok": true, "bike_oneway": false, "bike_restricted": false, "bike_facility": "", "low_stress": true, "dem_gaps": [ ], "max_abs_grade": 0.094815184739230632, "elev_min": 276.73184204101562, "elev_max": 279.75579833984375, "cum_gain_fwd": 3.023956298828125, "cum_loss_fwd": -0.0, "net_change_fwd": 3.023956298828125, "avg_grade_fwd": 0.09063157832155648, "n_samples": 8, "d_abs_above_3": 33.365371704101562, "d_abs_above_5": 33.365371704101562, "d_abs_above_8": 33.365371704101562, "d_abs_above_10": 0.0, "d_abs_above_15": 0.0, "grade_reliable": true, "max_abs_grade_reliable": 0.094815184739230632, "shortest_use": 32, "flat_use": 0, "flat_use_per_objective": 0.0, "unavoidability": 0.0, "barrier_score": 1.0123340378634658, "neighborhood": "English Avenue" }, "geometry": { "type": "LineString", "coordinates": [ [ -84.415572000000267, 33.766141299979196 ], [ -84.415572, 33.7661413 ], [ -84.415568, 33.766442 ] ] } },
{ "type": "Feature", "properties": { "edge_id": 51073, "segment_id": "964fc3b0-198c-4ab0-9c66-1e8c39a89676", "u": "b0ff686a-013e-4a09-bdb1-c0cf9e597802", "v": "0dab1eca-9278-4f04-8271-4c807f6ab0f7", "part": 2, "cls": "residential", "subclass": null, "name": "Elm Street Northwest", "length_m": 39.665959366456498, "is_bridge": false, "is_tunnel": false, "is_structure": false, "walk_ok": true, "walk_oneway": true, "walk_restricted": false, "bike_ok": true, "bike_oneway": true, "bike_restricted": false, "bike_facility": "", "low_stress": true, "dem_gaps": [ ], "max_abs_grade": 0.18124997114883049, "elev_min": 279.71636962890625, "elev_max": 285.54254150390625, "cum_gain_fwd": 5.826171875, "cum_loss_fwd": -0.0, "net_change_fwd": 5.826171875, "avg_grade_fwd": 0.14688090517265837, "n_samples": 9, "d_abs_above_3": 39.665958404541016, "d_abs_above_5": 39.665958404541016, "d_abs_above_8": 39.665958404541016, "d_abs_above_10": 39.665958404541016, "d_abs_above_15": 19.832980632781982, "grade_reliable": true, "max_abs_grade_reliable": 0.18124997114883049, "shortest_use": 14, "flat_use": 0, "flat_use_per_objective": 0.0, "unavoidability": 0.0, "barrier_score": 1.0065235587065293, "neighborhood": "English Avenue" }, "geometry": { "type": "LineString", "coordinates": [ [ -84.408849699999678, 33.764673500057938 ], [ -84.4088497, 33.7646735 ], [ -84.408851699999602, 33.76431600006989 ] ] } },
{ "type": "Feature", "properties": { "edge_id": 29040, "segment_id": "d705d964-79cf-4888-8b8c-0c21e1af5bbf", "u": "d8b410ed-86c8-44a4-acfd-b7b4eb71c37f", "v": "7ef6b7d1-0206-405e-9c7e-ddb1baa5c706", "part": 1, "cls": "residential", "subclass": null, "name": "Arthur Street Southwest", "length_m": 60.437822315048045, "is_bridge": false, "is_tunnel": false, "is_structure": false, "walk_ok": true, "walk_oneway": false, "walk_restricted": false, "bike_ok": true, "bike_oneway": false, "bike_restricted": false, "bike_facility": "", "low_stress": true, "dem_gaps": [ ], "max_abs_grade": 0.083103311332180213, "elev_min": 290.0380859375, "elev_max": 293.79025268554688, "cum_gain_fwd": 3.752166748046875, "cum_loss_fwd": -0.0, "net_change_fwd": 3.752166748046875, "avg_grade_fwd": 0.062083091697672191, "n_samples": 14, "d_abs_above_3": 60.437820434570312, "d_abs_above_5": 46.490631103515625, "d_abs_above_8": 9.298126220703125, "d_abs_above_10": 0.0, "d_abs_above_15": 0.0, "grade_reliable": true, "max_abs_grade_reliable": 0.083103311332180213, "shortest_use": 20, "flat_use": 47, "flat_use_per_objective": 15.666666666666666, "unavoidability": 0.78333333333333333, "barrier_score": 1.0045166328172852, "neighborhood": "Pittsburgh" }, "geometry": { "type": "LineString", "coordinates": [ [ -84.402486199541201, 33.728103299998217 ], [ -84.4024862, 33.7281033 ], [ -84.403138099943348, 33.728107699999612 ] ] } },
{ "type": "Feature", "properties": { "edge_id": 38336, "segment_id": "15b6afc8-d171-4b99-b3e7-5a3d1b8dcd0d", "u": "90e9251d-8978-4dfd-8263-4ad047807a0e", "v": "20b5c990-0439-4f56-9d7d-be4b51c60029", "part": 0, "cls": "residential", "subclass": null, "name": "Springside Drive Southeast", "length_m": 116.60083697125147, "is_bridge": false, "is_tunnel": false, "is_structure": false, "walk_ok": true, "walk_oneway": false, "walk_restricted": false, "bike_ok": true, "bike_oneway": false, "bike_restricted": false, "bike_facility": "", "low_stress": true, "dem_gaps": [ ], "max_abs_grade": 0.085867373538778505, "elev_min": 248.97103881835938, "elev_max": 253.70326232910156, "cum_gain_fwd": 0.4886322021484375, "cum_loss_fwd": 4.7322235107421875, "net_change_fwd": -4.24359130859375, "avg_grade_fwd": -0.036394175136531481, "n_samples": 25, "d_abs_above_3": 72.875524997711182, "d_abs_above_5": 53.442052841186523, "d_abs_above_8": 14.575103759765625, "d_abs_above_10": 0.0, "d_abs_above_15": 0.0, "grade_reliable": true, "max_abs_grade_reliable": 0.085867373538778505, "shortest_use": 10, "flat_use": 2, "flat_use_per_objective": 0.66666666666666663, "unavoidability": 0.066666666666666666, "barrier_score": 1.0012207623144664, "neighborhood": "Orchard Knob" }, "geometry": { "type": "LineString", "coordinates": [ [ -84.379877, 33.676408 ], [ -84.37964, 33.676486 ], [ -84.379398, 33.676539 ], [ -84.379066, 33.676576 ], [ -84.37865, 33.676602 ] ] } },
{ "type": "Feature", "properties": { "edge_id": 19688, "segment_id": "528cad39-9ec1-43f2-b986-0363d2ab84a5", "u": "da683823-21bb-4a0d-9396-8599a4815bb4", "v": "46b9df9d-a295-465d-b31a-d335f61c6155", "part": 0, "cls": "residential", "subclass": null, "name": "Oakland Drive Southwest", "length_m": 197.18318656239677, "is_bridge": false, "is_tunnel": false, "is_structure": false, "walk_ok": true, "walk_oneway": false, "walk_restricted": false, "bike_ok": true, "bike_oneway": false, "bike_restricted": false, "bike_facility": "", "low_stress": true, "dem_gaps": [ ], "max_abs_grade": 0.084397876588302667, "elev_min": 308.89810180664062, "elev_max": 318.54806518554688, "cum_gain_fwd": 9.64996337890625, "cum_loss_fwd": -0.0, "net_change_fwd": 9.64996337890625, "avg_grade_fwd": 0.048939079350690889, "n_samples": 41, "d_abs_above_3": 138.02823638916016, "d_abs_above_5": 93.662021636962891, "d_abs_above_8": 39.436637878417969, "d_abs_above_10": 0.0, "d_abs_above_15": 0.0, "grade_reliable": true, "max_abs_grade_reliable": 0.084397876588302667, "shortest_use": 6, "flat_use": 0, "flat_use_per_objective": 0.0, "unavoidability": 0.0, "barrier_score": 0.99851053468688533, "neighborhood": "Oakland City" }, "geometry": { "type": "LineString", "coordinates": [ [ -84.427394, 33.724035 ], [ -84.427427, 33.722258 ] ] } },
{ "type": "Feature", "properties": { "edge_id": 39151, "segment_id": "539327fb-308a-4bb2-9633-838c4bac4206", "u": "90774343-ffdb-4c31-91fc-8a36ad4b6ceb", "v": "74a6fb07-6ece-4482-b17e-3df9121957cc", "part": 2, "cls": "cycleway", "subclass": null, "name": "Atlanta Beltline Southside Trail", "length_m": 16.137908349280352, "is_bridge": false, "is_tunnel": false, "is_structure": false, "walk_ok": true, "walk_oneway": false, "walk_restricted": false, "bike_ok": true, "bike_oneway": false, "bike_restricted": false, "bike_facility": "dedicated_cycleway", "low_stress": true, "dem_gaps": [ ], "max_abs_grade": 0.3855622183518751, "elev_min": 285.6182861328125, "elev_max": 290.70675659179688, "cum_gain_fwd": 0.0, "cum_loss_fwd": 5.088470458984375, "net_change_fwd": -5.088470458984375, "avg_grade_fwd": -0.31531163543599083, "n_samples": 5, "d_abs_above_3": 16.137908935546875, "d_abs_above_5": 16.137908935546875, "d_abs_above_8": 16.137908935546875, "d_abs_above_10": 16.137908935546875, "d_abs_above_15": 16.137908935546875, "grade_reliable": true, "max_abs_grade_reliable": 0.3855622183518751, "shortest_use": 16, "flat_use": 106, "flat_use_per_objective": 35.333333333333336, "unavoidability": 1.0, "barrier_score": 0.99554683883324468, "neighborhood": "Grant Park" }, "geometry": { "type": "LineString", "coordinates": [ [ -84.378304286993057, 33.724330147147136 ], [ -84.378339, 33.724331 ], [ -84.3783503, 33.7243309 ], [ -84.3784394, 33.7243303 ], [ -84.37847833115768, 33.724330033652286 ] ] } },
{ "type": "Feature", "properties": { "edge_id": 19461, "segment_id": "959d6dc1-a523-474d-9232-572a0e1b446a", "u": "d108b400-88b4-4ea1-ae3f-fd434f2505d7", "v": "fc56d88c-9d11-40f1-b5cf-313ba262f202", "part": 0, "cls": "residential", "subclass": null, "name": "Oakland Drive Southwest", "length_m": 122.26886637715863, "is_bridge": false, "is_tunnel": false, "is_structure": false, "walk_ok": true, "walk_oneway": false, "walk_restricted": false, "bike_ok": true, "bike_oneway": false, "bike_restricted": false, "bike_facility": "", "low_stress": true, "dem_gaps": [ ], "max_abs_grade": 0.080974539850025187, "elev_min": 304.49560546875, "elev_max": 312.298583984375, "cum_gain_fwd": 7.802978515625, "cum_loss_fwd": -0.0, "net_change_fwd": 7.802978515625, "avg_grade_fwd": 0.063818195716030646, "n_samples": 26, "d_abs_above_3": 122.26886749267578, "d_abs_above_5": 97.815093994140625, "d_abs_above_8": 14.672264099121094, "d_abs_above_10": 0.0, "d_abs_above_15": 0.0, "grade_reliable": true, "max_abs_grade_reliable": 0.080974539850025187, "shortest_use": 10, "flat_use": 0, "flat_use_per_objective": 0.0, "unavoidability": 0.0, "barrier_score": 0.9900665192874637, "neighborhood": "Oakland City" }, "geometry": { "type": "LineString", "coordinates": [ [ -84.427072, 33.733129 ], [ -84.427106, 33.733079 ], [ -84.427117, 33.733028 ], [ -84.427161, 33.732036 ] ] } },
{ "type": "Feature", "properties": { "edge_id": 15864, "segment_id": "d062cb25-170f-4e24-844f-cfac71dbe791", "u": "3e5f1270-6b68-4bfe-8f43-9d46d5488d83", "v": "b5e363c9-3feb-49a8-a0f6-5fd8cd9465b4", "part": 0, "cls": "residential", "subclass": null, "name": "Mangum Lane Southwest", "length_m": 78.402821355518597, "is_bridge": false, "is_tunnel": false, "is_structure": false, "walk_ok": true, "walk_oneway": true, "walk_restricted": false, "bike_ok": true, "bike_oneway": true, "bike_restricted": false, "bike_facility": "", "low_stress": true, "dem_gaps": [ ], "max_abs_grade": 0.12440757555941682, "elev_min": 291.14459228515625, "elev_max": 297.90634155273438, "cum_gain_fwd": 6.761749267578125, "cum_loss_fwd": -0.0, "net_change_fwd": 6.761749267578125, "avg_grade_fwd": 0.086243694907222029, "n_samples": 17, "d_abs_above_3": 78.402824401855469, "d_abs_above_5": 73.502647399902344, "d_abs_above_8": 44.10158634185791, "d_abs_above_10": 19.600704193115234, "d_abs_above_15": 0.0, "grade_reliable": true, "max_abs_grade_reliable": 0.12440757555941682, "shortest_use": 10, "flat_use": 0, "flat_use_per_objective": 0.0, "unavoidability": 0.0, "barrier_score": 0.97539049218581386, "neighborhood": "Magnum Manor" }, "geometry": { "type": "LineString", "coordinates": [ [ -84.4878617, 33.7250125 ], [ -84.4885512, 33.724880099999986 ], [ -84.4886176, 33.7248364 ], [ -84.4886444, 33.7247975 ] ] } },
{ "type": "Feature", "properties": { "edge_id": 44250, "segment_id": "a499aa0d-bfc9-4b8a-a257-bd54dee45881", "u": "b4410202-a2a2-419f-9150-ee1df30083e7", "v": "73541f5d-ad8d-4a1d-920c-b1c4c66afdb3", "part": 0, "cls": "residential", "subclass": null, "name": "Vernon Avenue Southeast", "length_m": 77.669340547071371, "is_bridge": false, "is_tunnel": false, "is_structure": false, "walk_ok": true, "walk_oneway": false, "walk_restricted": false, "bike_ok": true, "bike_oneway": false, "bike_restricted": false, "bike_facility": "", "low_stress": true, "dem_gaps": [ ], "max_abs_grade": 0.10388720458549634, "elev_min": 279.2867431640625, "elev_max": 285.67910766601562, "cum_gain_fwd": 0.0, "cum_loss_fwd": 6.392364501953125, "net_change_fwd": -6.392364501953125, "avg_grade_fwd": -0.082302287285727818, "n_samples": 17, "d_abs_above_3": 77.669342041015625, "d_abs_above_5": 77.669342041015625, "d_abs_above_8": 48.543340682983398, "d_abs_above_10": 4.8543319702148438, "d_abs_above_15": 0.0, "grade_reliable": true, "max_abs_grade_reliable": 0.10388720458549634, "shortest_use": 12, "flat_use": 0, "flat_use_per_objective": 0.0, "unavoidability": 0.0, "barrier_score": 0.96826208057210283, "neighborhood": "Ormewood Park" }, "geometry": { "type": "LineString", "coordinates": [ [ -84.357834, 33.734632 ], [ -84.357781, 33.734539 ], [ -84.3573892, 33.7341766 ], [ -84.357302, 33.734096 ] ] } },
{ "type": "Feature", "properties": { "edge_id": 89724, "segment_id": "4f7a4a51-6094-4c66-b5ce-a0bdbf24d6a7", "u": "521ab648-28ff-442a-8f26-07f035d8b68a", "v": "4ab552ef-e328-46f1-857a-f96637492b1e", "part": 3, "cls": "secondary", "subclass": null, "name": "North Avenue Northeast", "length_m": 67.430912657946891, "is_bridge": false, "is_tunnel": false, "is_structure": false, "walk_ok": true, "walk_oneway": false, "walk_restricted": false, "bike_ok": true, "bike_oneway": false, "bike_restricted": false, "bike_facility": "", "low_stress": false, "dem_gaps": [ ], "max_abs_grade": 0.10214356712061871, "elev_min": 283.58200073242188, "elev_max": 289.81106567382812, "cum_gain_fwd": 6.22906494140625, "cum_loss_fwd": -0.0, "net_change_fwd": 6.22906494140625, "avg_grade_fwd": 0.092376988574166652, "n_samples": 15, "d_abs_above_3": 67.430915832519531, "d_abs_above_5": 67.430915832519531, "d_abs_above_8": 52.981430053710938, "d_abs_above_10": 24.082468032836914, "d_abs_above_15": 0.0, "grade_reliable": true, "max_abs_grade_reliable": 0.10214356712061871, "shortest_use": 14, "flat_use": 0, "flat_use_per_objective": 0.0, "unavoidability": 0.0, "barrier_score": 0.96426875343142071, "neighborhood": "Poncey-Highland" }, "geometry": { "type": "LineString", "coordinates": [ [ -84.36309509740434, 33.771135499991786 ], [ -84.362367401165159, 33.771133200003682 ] ] } },
{ "type": "Feature", "properties": { "edge_id": 8662, "segment_id": "f8be81f5-11ef-4492-95ef-732f9eff31d1", "u": "4f8fbc47-fe67-4027-840e-31920a58bf91", "v": "747df9c0-b87b-495e-80ad-823aec469d24", "part": 0, "cls": "residential", "subclass": null, "name": "Ozburn Road Northwest", "length_m": 213.47320557123967, "is_bridge": false, "is_tunnel": false, "is_structure": false, "walk_ok": true, "walk_oneway": false, "walk_restricted": false, "bike_ok": true, "bike_oneway": false, "bike_restricted": false, "bike_facility": "", "low_stress": true, "dem_gaps": [ ], "max_abs_grade": 0.11256696572645711, "elev_min": 288.35861206054688, "elev_max": 299.62979125976562, "cum_gain_fwd": 0.0, "cum_loss_fwd": 11.27117919921875, "net_change_fwd": -11.27117919921875, "avg_grade_fwd": -0.052799034751518564, "n_samples": 44, "d_abs_above_3": 143.97029876708984, "d_abs_above_5": 104.25435256958008, "d_abs_above_8": 34.751449584960938, "d_abs_above_10": 14.893478393554688, "d_abs_above_15": 0.0, "grade_reliable": true, "max_abs_grade_reliable": 0.11256696572645711, "shortest_use": 4, "flat_use": 0, "flat_use_per_objective": 0.0, "unavoidability": 0.0, "barrier_score": 0.9612012406021867, "neighborhood": "Collier Heights" }, "geometry": { "type": "LineString", "coordinates": [ [ -84.475984, 33.771771 ], [ -84.476004, 33.773695 ] ] } },
{ "type": "Feature", "properties": { "edge_id": 68914, "segment_id": "c293c293-5f10-4f3e-bf44-fcddf0ebd6e1", "u": "617093cf-7a92-49ad-856f-9fea791147e6", "v": "558ce607-0999-460d-bcbf-c95d7f7d84bd", "part": 1, "cls": "secondary", "subclass": null, "name": "14th Street Northeast", "length_m": 88.953449170062228, "is_bridge": false, "is_tunnel": false, "is_structure": false, "walk_ok": true, "walk_oneway": true, "walk_restricted": false, "bike_ok": true, "bike_oneway": true, "bike_restricted": false, "bike_facility": "", "low_stress": false, "dem_gaps": [ ], "max_abs_grade": 0.13469602000802791, "elev_min": 293.11605834960938, "elev_max": 296.61312866210938, "cum_gain_fwd": 0.889556884765625, "cum_loss_fwd": 3.6318359375, "net_change_fwd": -2.742279052734375, "avg_grade_fwd": -0.030828249983318047, "n_samples": 19, "d_abs_above_3": 49.4185791015625, "d_abs_above_5": 34.593006134033203, "d_abs_above_8": 29.651145935058594, "d_abs_above_10": 9.8837203979492188, "d_abs_above_15": 0.0, "grade_reliable": true, "max_abs_grade_reliable": 0.13469602000802791, "shortest_use": 8, "flat_use": 3, "flat_use_per_objective": 1.0, "unavoidability": 0.125, "barrier_score": 0.95853404553550359, "neighborhood": "Midtown" }, "geometry": { "type": "LineString", "coordinates": [ [ -84.383283610484114, 33.786625834725939 ], [ -84.3833095, 33.7866348 ], [ -84.3835064, 33.7866456 ], [ -84.384209, 33.7866774 ], [ -84.384239426529319, 33.786671750774694 ] ] } },
{ "type": "Feature", "properties": { "edge_id": 12567, "segment_id": "1d77505f-86f1-42a6-8a17-a7509dc7c738", "u": "36e7fad7-c97e-473c-a11f-f95ff6390a9c", "v": "9ba33b7d-c98e-44c2-846c-cd55d7f134c5", "part": 0, "cls": "tertiary", "subclass": null, "name": "Linkwood Road Northwest", "length_m": 55.864478092171495, "is_bridge": false, "is_tunnel": false, "is_structure": false, "walk_ok": true, "walk_oneway": false, "walk_restricted": false, "bike_ok": true, "bike_oneway": false, "bike_restricted": false, "bike_facility": "", "low_stress": false, "dem_gaps": [ ], "max_abs_grade": 0.12121480294236463, "elev_min": 273.23153686523438, "elev_max": 277.65399169921875, "cum_gain_fwd": 4.422454833984375, "cum_loss_fwd": -0.0, "net_change_fwd": 4.422454833984375, "avg_grade_fwd": 0.079163985917479945, "n_samples": 13, "d_abs_above_3": 51.209105968475342, "d_abs_above_5": 41.898359298706055, "d_abs_above_8": 27.932239532470703, "d_abs_above_10": 18.621494293212891, "d_abs_above_15": 0.0, "grade_reliable": true, "max_abs_grade_reliable": 0.12121480294236463, "shortest_use": 14, "flat_use": 5, "flat_use_per_objective": 1.6666666666666667, "unavoidability": 0.11904761904761905, "barrier_score": 0.94802423847888595, "neighborhood": "Collier Heights" }, "geometry": { "type": "LineString", "coordinates": [ [ -84.482869, 33.761832 ], [ -84.483032, 33.762039 ], [ -84.483186, 33.762176 ], [ -84.4832372, 33.7622105 ], [ -84.48324922709827, 33.762218591303601 ] ] } },
{ "type": "Feature", "properties": { "edge_id": 34224, "segment_id": "eb05b8bb-4a67-43ef-97a0-fc2f8ea42196", "u": "e6f873b1-2dd0-439a-8025-523a000244de", "v": "4d714dbb-bbe7-410e-a93b-6224edae31d3", "part": 0, "cls": "residential", "subclass": null, "name": "Sydney Street Southeast", "length_m": 138.11091179709604, "is_bridge": false, "is_tunnel": false, "is_structure": false, "walk_ok": true, "walk_oneway": true, "walk_restricted": false, "bike_ok": true, "bike_oneway": true, "bike_restricted": false, "bike_facility": "", "low_stress": true, "dem_gaps": [ ], "max_abs_grade": 0.08539914650349488, "elev_min": 292.37567138671875, "elev_max": 300.85348510742188, "cum_gain_fwd": 8.477813720703125, "cum_loss_fwd": -0.0, "net_change_fwd": 8.477813720703125, "avg_grade_fwd": 0.061384095897610458, "n_samples": 29, "d_abs_above_3": 138.11091613769531, "d_abs_above_5": 93.718116760253906, "d_abs_above_8": 34.527729034423828, "d_abs_above_10": 0.0, "d_abs_above_15": 0.0, "grade_reliable": true, "max_abs_grade_reliable": 0.08539914650349488, "shortest_use": 8, "flat_use": 0, "flat_use_per_objective": 0.0, "unavoidability": 0.0, "barrier_score": 0.94356431922331707, "neighborhood": "Grant Park" }, "geometry": { "type": "LineString", "coordinates": [ [ -84.3805, 33.741322 ], [ -84.379056, 33.741215 ], [ -84.379015800000019, 33.741215 ], [ -84.379015705908813, 33.741215 ] ] } },
{ "type": "Feature", "properties": { "edge_id": 30268, "segment_id": "50e3eb6a-0522-4793-82c2-6632a77df029", "u": "5174a722-7e12-44f0-8d78-7bbaf902f401", "v": "b85c33f5-2f44-4266-970a-387267e18c9c", "part": 1, "cls": "residential", "subclass": null, "name": "Bass Street Southwest", "length_m": 103.8239630759097, "is_bridge": false, "is_tunnel": false, "is_structure": false, "walk_ok": true, "walk_oneway": false, "walk_restricted": false, "bike_ok": true, "bike_oneway": false, "bike_restricted": false, "bike_facility": "", "low_stress": true, "dem_gaps": [ ], "max_abs_grade": 0.090379996280976108, "elev_min": 298.2767333984375, "elev_max": 305.31854248046875, "cum_gain_fwd": 7.04180908203125, "cum_loss_fwd": -0.0, "net_change_fwd": 7.04180908203125, "avg_grade_fwd": 0.067824509160288621, "n_samples": 22, "d_abs_above_3": 93.935962677001953, "d_abs_above_5": 84.047966003417969, "d_abs_above_8": 39.551979064941406, "d_abs_above_10": 0.0, "d_abs_above_15": 0.0, "grade_reliable": true, "max_abs_grade_reliable": 0.090379996280976108, "shortest_use": 10, "flat_use": 0, "flat_use_per_objective": 0.0, "unavoidability": 0.0, "barrier_score": 0.93836093966769196, "neighborhood": "Mechanicsville" }, "geometry": { "type": "LineString", "coordinates": [ [ -84.397159496356892, 33.735609900005485 ], [ -84.3971595, 33.7356099 ], [ -84.397718, 33.735609 ], [ -84.39827929686632, 33.735621699929098 ] ] } },
{ "type": "Feature", "properties": { "edge_id": 6579, "segment_id": "5d2a18f9-2cf1-4fa2-927a-3978231f5ae9", "u": "a5ef7cbf-55c8-4e6e-a9ad-66749978ffc3", "v": "ceda960d-d610-4760-ab1d-816e2cfdf14d", "part": 0, "cls": "footway", "subclass": null, "name": null, "length_m": 469.14387063505018, "is_bridge": false, "is_tunnel": false, "is_structure": false, "walk_ok": true, "walk_oneway": false, "walk_restricted": false, "bike_ok": true, "bike_oneway": false, "bike_restricted": false, "bike_facility": "shared_path", "low_stress": true, "dem_gaps": [ ], "max_abs_grade": 0.099424609119425716, "elev_min": 270.86328125, "elev_max": 292.67724609375, "cum_gain_fwd": 3.243438720703125, "cum_loss_fwd": 21.81396484375, "net_change_fwd": -18.570526123046875, "avg_grade_fwd": -0.039583862673719591, "n_samples": 95, "d_abs_above_3": 369.32602310180664, "d_abs_above_5": 219.59923553466797, "d_abs_above_8": 114.79051208496094, "d_abs_above_10": 0.0, "d_abs_above_15": 0.0, "grade_reliable": true, "max_abs_grade_reliable": 0.099424609119425716, "shortest_use": 2, "flat_use": 0, "flat_use_per_objective": 0.0, "unavoidability": 0.0, "barrier_score": 0.93288891917328565, "neighborhood": "Carver Hills" }, "geometry": { "type": "LineString", "coordinates": [ [ -84.4580974, 33.8025745 ], [ -84.4579348, 33.8024513 ], [ -84.4577485, 33.80227450000001 ], [ -84.4575591, 33.8020308 ], [ -84.4572936, 33.801617 ], [ -84.4568458, 33.8010293 ], [ -84.456503, 33.8006891 ], [ -84.4561435, 33.8004146 ], [ -84.4557138, 33.8001749 ], [ -84.455402, 33.7999636 ], [ -84.4549189, 33.7995673 ], [ -84.4548432, 33.799491 ], [ -84.4547977, 33.7994454 ], [ -84.454788256145264, 33.799437292946621 ] ] } },
{ "type": "Feature", "properties": { "edge_id": 54807, "segment_id": "649ab15f-9e47-483f-9474-c55a20ec7b7b", "u": "9f093e5b-e833-47df-95ab-f6f4d3cc2f31", "v": "b2697b59-eead-47e4-a947-9a6e7d942560", "part": 1, "cls": "cycleway", "subclass": null, "name": null, "length_m": 142.24816745339433, "is_bridge": false, "is_tunnel": false, "is_structure": false, "walk_ok": true, "walk_oneway": false, "walk_restricted": false, "bike_ok": true, "bike_oneway": false, "bike_restricted": false, "bike_facility": "dedicated_cycleway", "low_stress": true, "dem_gaps": [ ], "max_abs_grade": 0.081739308967495275, "elev_min": 258.75418090820312, "elev_max": 262.38406372070312, "cum_gain_fwd": 3.6298828125, "cum_loss_fwd": 0.601348876953125, "net_change_fwd": 3.028533935546875, "avg_grade_fwd": 0.021290495041178345, "n_samples": 30, "d_abs_above_3": 49.051094055175781, "d_abs_above_5": 34.335769653320312, "d_abs_above_8": 9.810211181640625, "d_abs_above_10": 0.0, "d_abs_above_15": 0.0, "grade_reliable": true, "max_abs_grade_reliable": 0.081739308967495275, "shortest_use": 8, "flat_use": 1, "flat_use_per_objective": 0.33333333333333331, "unavoidability": 0.041666666666666664, "barrier_score": 0.93018135276264036, "neighborhood": "Rockdale" }, "geometry": { "type": "LineString", "coordinates": [ [ -84.438720770445357, 33.782275797261491 ], [ -84.4387189, 33.7822759 ], [ -84.438649100000021, 33.7822797 ], [ -84.4384789, 33.7822766 ], [ -84.4382882, 33.782258 ], [ -84.4381115, 33.7822577 ], [ -84.4380208, 33.7822721 ], [ -84.4378797, 33.7823074 ], [ -84.437714, 33.7823692 ], [ -84.4375436, 33.7824642 ], [ -84.43741540000002, 33.7825541 ], [ -84.4373323, 33.7826389 ] ] } },
{ "type": "Feature", "properties": { "edge_id": 18827, "segment_id": "465fd21e-f1b6-4e87-8590-7eb0f04c82a7", "u": "2a263ec0-03fe-4c11-8b3c-465628efa24b", "v": "c19ffc58-f766-4b0c-ad29-0e69c2d5c0d2", "part": 0, "cls": "secondary", "subclass": null, "name": "Ralph David Abernathy Boulevard", "length_m": 26.034085664538356, "is_bridge": false, "is_tunnel": false, "is_structure": false, "walk_ok": true, "walk_oneway": false, "walk_restricted": false, "bike_ok": true, "bike_oneway": false, "bike_restricted": false, "bike_facility": "", "low_stress": false, "dem_gaps": [ ], "max_abs_grade": 0.17690150701593438, "elev_min": 312.75534057617188, "elev_max": 314.08258056640625, "cum_gain_fwd": 1.327239990234375, "cum_loss_fwd": 1.259918212890625, "net_change_fwd": 0.06732177734375, "avg_grade_fwd": 0.0025859089793154391, "n_samples": 7, "d_abs_above_3": 21.695073127746582, "d_abs_above_5": 17.356058120727539, "d_abs_above_8": 17.356058120727539, "d_abs_above_10": 13.01704216003418, "d_abs_above_15": 8.6780281066894531, "grade_reliable": true, "max_abs_grade_reliable": 0.17690150701593438, "shortest_use": 20, "flat_use": 0, "flat_use_per_objective": 0.0, "unavoidability": 0.0, "barrier_score": 0.92109379756775367, "neighborhood": "Westview" }, "geometry": { "type": "LineString", "coordinates": [ [ -84.433536, 33.7388281 ], [ -84.4333069, 33.7389005 ], [ -84.4332733, 33.7389106 ], [ -84.433273102839152, 33.738910659180945 ] ] } },
{ "type": "Feature", "properties": { "edge_id": 90064, "segment_id": "1b3144da-6756-4261-a622-95964ead1c2c", "u": "bf822e01-9431-444e-a23b-22664dcebe77", "v": "ca375813-b5ba-4901-9cea-96e44ec36250", "part": 1, "cls": "secondary", "subclass": null, "name": "North Avenue Northeast", "length_m": 25.707340739845886, "is_bridge": false, "is_tunnel": false, "is_structure": false, "walk_ok": true, "walk_oneway": false, "walk_restricted": false, "bike_ok": true, "bike_oneway": false, "bike_restricted": false, "bike_facility": "", "low_stress": false, "dem_gaps": [ ], "max_abs_grade": 0.11101431171847907, "elev_min": 293.63168334960938, "elev_max": 296.41754150390625, "cum_gain_fwd": 0.0, "cum_loss_fwd": 2.785858154296875, "net_change_fwd": -2.785858154296875, "avg_grade_fwd": -0.10836819866375329, "n_samples": 7, "d_abs_above_3": 25.707340240478516, "d_abs_above_5": 25.707340240478516, "d_abs_above_8": 25.707340240478516, "d_abs_above_10": 25.707340240478516, "d_abs_above_15": 0.0, "grade_reliable": true, "max_abs_grade_reliable": 0.11101431171847907, "shortest_use": 32, "flat_use": 0, "flat_use_per_objective": 0.0, "unavoidability": 0.0, "barrier_score": 0.91324247627085042, "neighborhood": "Old Fourth Ward" }, "geometry": { "type": "LineString", "coordinates": [ [ -84.369835199856254, 33.771158999998242 ], [ -84.3695578, 33.7711556 ], [ -84.369557799898359, 33.77115559999875 ] ] } },
{ "type": "Feature", "properties": { "edge_id": 7255, "segment_id": "0ba50de1-8cd5-45a2-89ea-743f9d65ecea", "u": "daecfcd7-dda8-4427-b219-591b952050fa", "v": "76b905c4-65fc-4899-846d-2e0cc0c91189", "part": 0, "cls": "tertiary", "subclass": null, "name": "Johnson Road", "length_m": 66.81293073935565, "is_bridge": false, "is_tunnel": false, "is_structure": false, "walk_ok": true, "walk_oneway": false, "walk_restricted": false, "bike_ok": true, "bike_oneway": false, "bike_restricted": false, "bike_facility": "", "low_stress": false, "dem_gaps": [ ], "max_abs_grade": 0.096207685823874234, "elev_min": 270.44586181640625, "elev_max": 275.14614868164062, "cum_gain_fwd": 4.700286865234375, "cum_loss_fwd": -0.0, "net_change_fwd": 4.700286865234375, "avg_grade_fwd": 0.070349961586351234, "n_samples": 15, "d_abs_above_3": 62.040576934814453, "d_abs_above_5": 52.495872497558594, "d_abs_above_8": 33.406463623046875, "d_abs_above_10": 0.0, "d_abs_above_15": 0.0, "grade_reliable": true, "max_abs_grade_reliable": 0.096207685823874234, "shortest_use": 14, "flat_use": 5, "flat_use_per_objective": 1.6666666666666667, "unavoidability": 0.11904761904761905, "barrier_score": 0.89990844293618766, "neighborhood": "Rockdale" }, "geometry": { "type": "LineString", "coordinates": [ [ -84.444261400000016, 33.7854569 ], [ -84.4440863, 33.7854814 ], [ -84.443921800000012, 33.7854978 ], [ -84.4438025, 33.7855043 ], [ -84.4437033, 33.7855084 ], [ -84.4435442, 33.785508299999989 ] ] } },
{ "type": "Feature", "properties": { "edge_id": 89017, "segment_id": "56c94c85-8c8d-4527-8e8c-4ef99ce901a0", "u": "d39f8520-8531-43fc-803e-6f1d1f333fd6", "v": "34684236-0be4-46e3-ab20-61ddefc91bdd", "part": 0, "cls": "footway", "subclass": null, "name": null, "length_m": 11.972240743929579, "is_bridge": false, "is_tunnel": false, "is_structure": false, "walk_ok": true, "walk_oneway": false, "walk_restricted": false, "bike_ok": true, "bike_oneway": false, "bike_restricted": false, "bike_facility": "shared_path", "low_stress": true, "dem_gaps": [ ], "max_abs_grade": 0.33918641954317513, "elev_min": 278.514404296875, "elev_max": 280.16522216796875, "cum_gain_fwd": 0.6173095703125, "cum_loss_fwd": 1.65081787109375, "net_change_fwd": -1.03350830078125, "avg_grade_fwd": -0.086325387906327045, "n_samples": 4, "d_abs_above_3": 11.972240447998047, "d_abs_above_5": 11.972240447998047, "d_abs_above_8": 7.9814934730529785, "d_abs_above_10": 7.9814934730529785, "d_abs_above_15": 7.9814934730529785, "grade_reliable": false, "max_abs_grade_reliable": null, "shortest_use": 22, "flat_use": 0, "flat_use_per_objective": 0.0, "unavoidability": 0.0, "barrier_score": 0.89338072380532652, "neighborhood": "Old Fourth Ward" }, "geometry": { "type": "LineString", "coordinates": [ [ -84.3631899, 33.7692247 ], [ -84.3632432, 33.7691985 ], [ -84.3632224, 33.769145 ] ] } },
{ "type": "Feature", "properties": { "edge_id": 101961, "segment_id": "9a66ff4d-855c-403c-b6f7-820807113e18", "u": "92331af7-a8ad-4172-a165-057a3c3ca27b", "v": "51e839ac-2983-4aa7-a2c0-15f98c1fa89f", "part": 0, "cls": "tertiary", "subclass": null, "name": "Ridgewood Road Northwest", "length_m": 42.239480695990252, "is_bridge": false, "is_tunnel": false, "is_structure": false, "walk_ok": true, "walk_oneway": false, "walk_restricted": false, "bike_ok": true, "bike_oneway": false, "bike_restricted": false, "bike_facility": "", "low_stress": false, "dem_gaps": [ ], "max_abs_grade": 0.080909426374080107, "elev_min": 277.994873046875, "elev_max": 281.31613159179688, "cum_gain_fwd": 3.321258544921875, "cum_loss_fwd": -0.0, "net_change_fwd": 3.321258544921875, "avg_grade_fwd": 0.078629249660384801, "n_samples": 10, "d_abs_above_3": 42.239479064941406, "d_abs_above_5": 42.239479064941406, "d_abs_above_8": 14.079826354980469, "d_abs_above_10": 0.0, "d_abs_above_15": 0.0, "grade_reliable": true, "max_abs_grade_reliable": 0.080909426374080107, "shortest_use": 26, "flat_use": 131, "flat_use_per_objective": 43.666666666666664, "unavoidability": 1.0, "barrier_score": 0.88856875989741635, "neighborhood": "Paces" }, "geometry": { "type": "LineString", "coordinates": [ [ -84.4478445, 33.8452677 ], [ -84.4478633, 33.8453379 ], [ -84.447896, 33.845395 ], [ -84.448038, 33.84561 ] ] } },
{ "type": "Feature", "properties": { "edge_id": 88992, "segment_id": "68522b46-df8d-488b-b822-81297cb59424", "u": "a676656e-8e02-48dd-8c3d-a5fc26c5d4ee", "v": "3320e816-80c5-4acd-a4a0-e8e7b1e50637", "part": 2, "cls": "secondary", "subclass": null, "name": "North Avenue Northeast", "length_m": 60.652143885527387, "is_bridge": false, "is_tunnel": false, "is_structure": false, "walk_ok": true, "walk_oneway": false, "walk_restricted": false, "bike_ok": true, "bike_oneway": false, "bike_restricted": false, "bike_facility": "", "low_stress": false, "dem_gaps": [ ], "max_abs_grade": 0.10410730751486606, "elev_min": 295.17636108398438, "elev_max": 299.87118530273438, "cum_gain_fwd": 4.69482421875, "cum_loss_fwd": -0.0, "net_change_fwd": 4.69482421875, "avg_grade_fwd": 0.07740574037227109, "n_samples": 14, "d_abs_above_3": 55.986595153808594, "d_abs_above_5": 46.655494689941406, "d_abs_above_8": 32.658847808837891, "d_abs_above_10": 18.662199020385742, "d_abs_above_15": 0.0, "grade_reliable": true, "max_abs_grade_reliable": 0.10410730751486606, "shortest_use": 14, "flat_use": 0, "flat_use_per_objective": 0.0, "unavoidability": 0.0, "barrier_score": 0.88400639528971037, "neighborhood": "Poncey-Highland" }, "geometry": { "type": "LineString", "coordinates": [ [ -84.361664285540854, 33.771134 ], [ -84.3616641, 33.771134 ], [ -84.3612629, 33.771134 ], [ -84.361156, 33.771134 ], [ -84.361011, 33.771118 ] ] } },
{ "type": "Feature", "properties": { "edge_id": 49796, "segment_id": "a0696569-fb90-4e87-9d6b-98567470613a", "u": "5f42d79e-cb1e-45a1-bd32-767b9bd8fbae", "v": "29df84d8-d95e-4005-b02d-211e1c2f96ed", "part": 1, "cls": "residential", "subclass": null, "name": "Euharlee Street Southwest", "length_m": 95.561511681378562, "is_bridge": false, "is_tunnel": false, "is_structure": false, "walk_ok": true, "walk_oneway": false, "walk_restricted": false, "bike_ok": true, "bike_oneway": false, "bike_restricted": false, "bike_facility": "", "low_stress": true, "dem_gaps": [ ], "max_abs_grade": 0.092253992281296757, "elev_min": 313.29681396484375, "elev_max": 317.56442260742188, "cum_gain_fwd": 4.267608642578125, "cum_loss_fwd": -0.0, "net_change_fwd": 4.267608642578125, "avg_grade_fwd": 0.044658238697920183, "n_samples": 21, "d_abs_above_3": 47.780754089355469, "d_abs_above_5": 33.446525573730469, "d_abs_above_8": 23.890373229980469, "d_abs_above_10": 0.0, "d_abs_above_15": 0.0, "grade_reliable": true, "max_abs_grade_reliable": 0.092253992281296757, "shortest_use": 10, "flat_use": 0, "flat_use_per_objective": 0.0, "unavoidability": 0.0, "barrier_score": 0.8815930961042947, "neighborhood": "Atlanta University Center" }, "geometry": { "type": "LineString", "coordinates": [ [ -84.416082697766484, 33.750764720579362 ], [ -84.416075, 33.750491 ], [ -84.416127, 33.750296 ], [ -84.416132594002818, 33.749908315626456 ] ] } },
{ "type": "Feature", "properties": { "edge_id": 5632, "segment_id": "32ea67da-2d72-4e68-934e-f938e0628f25", "u": "b9380a7a-1d8c-4372-805c-4e04d1703983", "v": "51401ebc-112b-416a-8077-2beb1d76618a", "part": 0, "cls": "residential", "subclass": null, "name": "Dunseath Avenue Northwest", "length_m": 99.503857018317348, "is_bridge": false, "is_tunnel": false, "is_structure": false, "walk_ok": true, "walk_oneway": false, "walk_restricted": false, "bike_ok": true, "bike_oneway": false, "bike_restricted": false, "bike_facility": "", "low_stress": true, "dem_gaps": [ ], "max_abs_grade": 0.11056127119852663, "elev_min": 255.60258483886719, "elev_max": 259.19100952148438, "cum_gain_fwd": 0.7181396484375, "cum_loss_fwd": 3.5884246826171875, "net_change_fwd": -2.8702850341796875, "avg_grade_fwd": -0.028845966583781687, "n_samples": 21, "d_abs_above_3": 39.801548004150391, "d_abs_above_5": 34.82635498046875, "d_abs_above_8": 24.875961303710938, "d_abs_above_10": 9.9503860473632812, "d_abs_above_15": 0.0, "grade_reliable": true, "max_abs_grade_reliable": 0.11056127119852663, "shortest_use": 8, "flat_use": 47, "flat_use_per_objective": 15.666666666666666, "unavoidability": 1.0, "barrier_score": 0.88010183368812822, "neighborhood": "Bolton" }, "geometry": { "type": "LineString", "coordinates": [ [ -84.449078, 33.817085 ], [ -84.449061, 33.817613 ], [ -84.449047, 33.817649 ], [ -84.449004, 33.817675 ], [ -84.448951, 33.817674 ], [ -84.448854, 33.817635 ], [ -84.448705, 33.817547 ] ] } },
{ "type": "Feature", "properties": { "edge_id": 10190, "segment_id": "4f4df2c3-6737-4409-9d00-8c9c0fc05810", "u": "5b46f5cd-d6d2-4102-a51e-893a92c96bdd", "v": "9ee756b9-98ee-4ef5-b016-197ce654da2c", "part": 0, "cls": "residential", "subclass": null, "name": "Sewanee Avenue Northwest", "length_m": 413.6669139429938, "is_bridge": false, "is_tunnel": false, "is_structure": false, "walk_ok": true, "walk_oneway": false, "walk_restricted": false, "bike_ok": true, "bike_oneway": false, "bike_restricted": false, "bike_facility": "", "low_stress": true, "dem_gaps": [ ], "max_abs_grade": 0.1055087301417213, "elev_min": 275.3734130859375, "elev_max": 288.54757690429688, "cum_gain_fwd": 13.174163818359375, "cum_loss_fwd": 11.411865234375, "net_change_fwd": 1.762298583984375, "avg_grade_fwd": 0.004260187559797882, "n_samples": 84, "d_abs_above_3": 294.05238723754883, "d_abs_above_5": 264.14873504638672, "d_abs_above_8": 184.40573120117188, "d_abs_above_10": 19.935760498046875, "d_abs_above_15": 0.0, "grade_reliable": true, "max_abs_grade_reliable": 0.1055087301417213, "shortest_use": 2, "flat_use": 0, "flat_use_per_objective": 0.0, "unavoidability": 0.0, "barrier_score": 0.8729094158353996, "neighborhood": "Center Hill" }, "geometry": { "type": "LineString", "coordinates": [ [ -84.465093, 33.759972 ], [ -84.465081, 33.760879 ], [ -84.465085, 33.761125 ], [ -84.465156, 33.761227 ], [ -84.465486, 33.761568 ], [ -84.465512, 33.761609 ], [ -84.465544, 33.761661 ], [ -84.465577, 33.761763 ], [ -84.465585, 33.761852 ], [ -84.46556150645641, 33.763571027583112 ] ] } },
{ "type": "Feature", "properties": { "edge_id": 31313, "segment_id": "638d902c-210a-431f-815a-5961e74aa341", "u": "a6d5de31-85ad-4301-9059-6f4f5c87fbfd", "v": "6614e3e0-48d3-4988-b752-4d90ddfa87c5", "part": 0, "cls": "residential", "subclass": null, "name": "Claire Drive Southwest", "length_m": 15.538807961851479, "is_bridge": true, "is_tunnel": false, "is_structure": true, "walk_ok": true, "walk_oneway": false, "walk_restricted": false, "bike_ok": true, "bike_oneway": false, "bike_restricted": false, "bike_facility": "", "low_stress": true, "dem_gaps": [ ], "max_abs_grade": 0.13819985982243357, "elev_min": 289.43646240234375, "elev_max": 291.58389282226562, "cum_gain_fwd": 0.0, "cum_loss_fwd": 2.147430419921875, "net_change_fwd": -2.147430419921875, "avg_grade_fwd": -0.13819788738181649, "n_samples": 5, "d_abs_above_3": 15.53880786895752, "d_abs_above_5": 15.53880786895752, "d_abs_above_8": 15.53880786895752, "d_abs_above_10": 15.53880786895752, "d_abs_above_15": 0.0, "grade_reliable": true, "max_abs_grade_reliable": 0.13819985982243357, "shortest_use": 40, "flat_use": 5, "flat_use_per_objective": 1.6666666666666667, "unavoidability": 0.041666666666666671, "barrier_score": 0.85898443285423565, "neighborhood": "Lakewood Heights" }, "geometry": { "type": "LineString", "coordinates": [ [ -84.388132, 33.705133 ], [ -84.388299525483148, 33.705136066190207 ] ] } },
{ "type": "Feature", "properties": { "edge_id": 7268, "segment_id": "1276f1ae-3b27-46cf-aa25-bc09ab370d6b", "u": "76b905c4-65fc-4899-846d-2e0cc0c91189", "v": "3a3e18cd-e7fb-4e49-9f11-1d34204256a4", "part": 0, "cls": "tertiary", "subclass": null, "name": "Johnson Road", "length_m": 72.980875447293542, "is_bridge": false, "is_tunnel": false, "is_structure": false, "walk_ok": true, "walk_oneway": false, "walk_restricted": false, "bike_ok": true, "bike_oneway": false, "bike_restricted": false, "bike_facility": "", "low_stress": false, "dem_gaps": [ ], "max_abs_grade": 0.083980957040438065, "elev_min": 271.9898681640625, "elev_max": 275.229248046875, "cum_gain_fwd": 0.083099365234375, "cum_loss_fwd": 3.2393798828125, "net_change_fwd": -3.156280517578125, "avg_grade_fwd": -0.043248050936732708, "n_samples": 16, "d_abs_above_3": 48.653915405273438, "d_abs_above_5": 38.923130035400391, "d_abs_above_8": 4.865386962890625, "d_abs_above_10": 0.0, "d_abs_above_15": 0.0, "grade_reliable": true, "max_abs_grade_reliable": 0.083980957040438065, "shortest_use": 14, "flat_use": 5, "flat_use_per_objective": 1.6666666666666667, "unavoidability": 0.11904761904761905, "barrier_score": 0.85806052719978088, "neighborhood": "Rockdale" }, "geometry": { "type": "LineString", "coordinates": [ [ -84.4435442, 33.785508299999989 ], [ -84.443417900000014, 33.7855036 ], [ -84.443295, 33.785495 ], [ -84.443054, 33.7854719 ], [ -84.4427605, 33.7854438 ] ] } },
{ "type": "Feature", "properties": { "edge_id": 27869, "segment_id": "1eb871fd-b4f7-4d34-a591-73a7ac3874f0", "u": "1a1a4378-7d6d-450f-9227-950c7b6aa78e", "v": "4573f406-d4d7-405a-ad7e-2cbf78f43b25", "part": 0, "cls": "residential", "subclass": null, "name": "Arthur Street Southwest", "length_m": 92.154000741346167, "is_bridge": false, "is_tunnel": false, "is_structure": false, "walk_ok": true, "walk_oneway": false, "walk_restricted": false, "bike_ok": true, "bike_oneway": false, "bike_restricted": false, "bike_facility": "", "low_stress": true, "dem_gaps": [ ], "max_abs_grade": 0.092882664123907777, "elev_min": 306.93798828125, "elev_max": 310.69467163085938, "cum_gain_fwd": 3.756683349609375, "cum_loss_fwd": 0.1864013671875, "net_change_fwd": 3.570281982421875, "avg_grade_fwd": 0.038742561456183301, "n_samples": 20, "d_abs_above_3": 58.202526092529297, "d_abs_above_5": 33.951473236083984, "d_abs_above_8": 14.550631523132324, "d_abs_above_10": 0.0, "d_abs_above_15": 0.0, "grade_reliable": true, "max_abs_grade_reliable": 0.092882664123907777, "shortest_use": 10, "flat_use": 30, "flat_use_per_objective": 10.0, "unavoidability": 1.0, "barrier_score": 0.85595090985328037, "neighborhood": "Pittsburgh" }, "geometry": { "type": "LineString", "coordinates": [ [ -84.405975, 33.728128 ], [ -84.406969, 33.728135 ] ] } },
{ "type": "Feature", "properties": { "edge_id": 16378, "segment_id": "4f049b2c-4703-4676-8312-63e0bb230302", "u": "9804bc16-e653-48e2-83b2-ae40cc3b8aa2", "v": "71fc1664-74cb-46fc-8216-e37ace8d349e", "part": 0, "cls": "tertiary", "subclass": null, "name": "Avon Avenue Southwest", "length_m": 108.8199411962938, "is_bridge": false, "is_tunnel": false, "is_structure": false, "walk_ok": true, "walk_oneway": false, "walk_restricted": false, "bike_ok": true, "bike_oneway": false, "bike_restricted": false, "bike_facility": "", "low_stress": false, "dem_gaps": [ ], "max_abs_grade": 0.097839063439914858, "elev_min": 294.69692993164062, "elev_max": 300.42959594726562, "cum_gain_fwd": 5.732666015625, "cum_loss_fwd": 0.356475830078125, "net_change_fwd": 5.376190185546875, "avg_grade_fwd": 0.049404458886535441, "n_samples": 23, "d_abs_above_3": 79.141772747039795, "d_abs_above_5": 64.302692413330078, "d_abs_above_8": 29.678165435791016, "d_abs_above_10": 0.0, "d_abs_above_15": 0.0, "grade_reliable": true, "max_abs_grade_reliable": 0.097839063439914858, "shortest_use": 8, "flat_use": 0, "flat_use_per_objective": 0.0, "unavoidability": 0.0, "barrier_score": 0.85174729041855946, "neighborhood": "Cascade Avenue/Road" }, "geometry": { "type": "LineString", "coordinates": [ [ -84.449362, 33.722593 ], [ -84.449566, 33.722664 ], [ -84.449762, 33.722775 ], [ -84.449862, 33.722855 ], [ -84.450248, 33.723214 ] ] } },
{ "type": "Feature", "properties": { "edge_id": 7513, "segment_id": "f096dc20-54bd-477b-a950-618bbcea3e93", "u": "fc428395-ba3a-4a06-a25b-c5e5089b5ac0", "v": "8d8b30f6-12ca-4516-b6e5-56f39172ca8d", "part": 0, "cls": "tertiary", "subclass": null, "name": "Hightower Road Northwest", "length_m": 50.031086698330249, "is_bridge": false, "is_tunnel": false, "is_structure": false, "walk_ok": true, "walk_oneway": false, "walk_restricted": false, "bike_ok": true, "bike_oneway": false, "bike_restricted": false, "bike_facility": "", "low_stress": false, "dem_gaps": [ ], "max_abs_grade": 0.083985292341550472, "elev_min": 267.92324829101562, "elev_max": 270.908935546875, "cum_gain_fwd": 0.0, "cum_loss_fwd": 2.985687255859375, "net_change_fwd": -2.985687255859375, "avg_grade_fwd": -0.059676642992878039, "n_samples": 12, "d_abs_above_3": 50.031085968017578, "d_abs_above_5": 36.38624382019043, "d_abs_above_8": 4.54827880859375, "d_abs_above_10": 0.0, "d_abs_above_15": 0.0, "grade_reliable": true, "max_abs_grade_reliable": 0.083985292341550472, "shortest_use": 20, "flat_use": 39, "flat_use_per_objective": 13.0, "unavoidability": 0.65, "barrier_score": 0.84037508850494458, "neighborhood": "Carey Park" }, "geometry": { "type": "LineString", "coordinates": [ [ -84.470095, 33.789631 ], [ -84.470045, 33.79008 ] ] } },
{ "type": "Feature", "properties": { "edge_id": 27148, "segment_id": "cd9046a3-9d2f-43de-bb68-9da4e7449b93", "u": "e942966d-034f-4f32-ad6b-9b8a80af6828", "v": "e9a2b7c2-b5f8-4489-bcbf-b65998bfadf5", "part": 8, "cls": "residential", "subclass": null, "name": "Casplan Street Southwest", "length_m": 65.760737543095019, "is_bridge": false, "is_tunnel": false, "is_structure": false, "walk_ok": true, "walk_oneway": false, "walk_restricted": false, "bike_ok": true, "bike_oneway": false, "bike_restricted": false, "bike_facility": "", "low_stress": true, "dem_gaps": [ ], "max_abs_grade": 0.091146082891674293, "elev_min": 279.84909057617188, "elev_max": 284.48114013671875, "cum_gain_fwd": 4.632049560546875, "cum_loss_fwd": -0.0, "net_change_fwd": 4.632049560546875, "avg_grade_fwd": 0.070437923050480022, "n_samples": 15, "d_abs_above_3": 65.760734558105469, "d_abs_above_5": 56.366348266601562, "d_abs_above_8": 28.183174133300781, "d_abs_above_10": 0.0, "d_abs_above_15": 0.0, "grade_reliable": true, "max_abs_grade_reliable": 0.091146082891674293, "shortest_use": 14, "flat_use": 20, "flat_use_per_objective": 6.666666666666667, "unavoidability": 0.47619047619047622, "barrier_score": 0.83913670891688075, "neighborhood": "Sylvan Hills" }, "geometry": { "type": "LineString", "coordinates": [ [ -84.409997698184114, 33.706390708196345 ], [ -84.4099989, 33.7063898 ], [ -84.410094, 33.706318 ], [ -84.410236, 33.706236 ], [ -84.410591, 33.70607 ] ] } },
{ "type": "Feature", "properties": { "edge_id": 86379, "segment_id": "be3dc37c-f00a-40a4-9af0-8ac52ed4f841", "u": "2ed6cf29-398b-4082-b862-c078f255842b", "v": "61fc668b-0e89-4d35-9701-cd900ffbc5c0", "part": 2, "cls": "residential", "subclass": null, "name": "Austin Avenue Northeast", "length_m": 24.047828679572291, "is_bridge": false, "is_tunnel": false, "is_structure": false, "walk_ok": true, "walk_oneway": true, "walk_restricted": false, "bike_ok": true, "bike_oneway": true, "bike_restricted": false, "bike_facility": "", "low_stress": true, "dem_gaps": [ ], "max_abs_grade": 0.10259525903811789, "elev_min": 307.97686767578125, "elev_max": 310.05294799804688, "cum_gain_fwd": 0.0, "cum_loss_fwd": 2.076080322265625, "net_change_fwd": -2.076080322265625, "avg_grade_fwd": -0.086331300442227574, "n_samples": 6, "d_abs_above_3": 24.047828674316406, "d_abs_above_5": 24.047828674316406, "d_abs_above_8": 14.42869758605957, "d_abs_above_10": 4.8095664978027344, "d_abs_above_15": 0.0, "grade_reliable": true, "max_abs_grade_reliable": 0.10259525903811789, "shortest_use": 34, "flat_use": 0, "flat_use_per_objective": 0.0, "unavoidability": 0.0, "barrier_score": 0.83884569231289985, "neighborhood": "Inman Park" }, "geometry": { "type": "LineString", "coordinates": [ [ -84.349946996603364, 33.761967531161247 ], [ -84.3499474, 33.7619675 ], [ -84.3500876, 33.7619451 ], [ -84.3501998, 33.7619194 ] ] } },
{ "type": "Feature", "properties": { "edge_id": 23828, "segment_id": "1cb7d1e1-e517-4632-8bd6-d6f466446eee", "u": "96ec19f5-9ebb-44af-a056-b494d5e85cae", "v": "caa587ac-863e-4155-9b7e-23581433a418", "part": 0, "cls": "cycleway", "subclass": null, "name": "Beltline Access Line", "length_m": 122.60827741156034, "is_bridge": false, "is_tunnel": false, "is_structure": false, "walk_ok": true, "walk_oneway": false, "walk_restricted": false, "bike_ok": true, "bike_oneway": false, "bike_restricted": false, "bike_facility": "dedicated_cycleway", "low_stress": true, "dem_gaps": [ ], "max_abs_grade": 0.084888460222146175, "elev_min": 302.15353393554688, "elev_max": 309.49716186523438, "cum_gain_fwd": 0.0, "cum_loss_fwd": 7.3436279296875, "net_change_fwd": -7.3436279296875, "avg_grade_fwd": -0.059895042547493199, "n_samples": 26, "d_abs_above_3": 117.70394515991211, "d_abs_above_5": 83.373626708984375, "d_abs_above_8": 24.521659851074219, "d_abs_above_10": 0.0, "d_abs_above_15": 0.0, "grade_reliable": true, "max_abs_grade_reliable": 0.084888460222146175, "shortest_use": 8, "flat_use": 0, "flat_use_per_objective": 0.0, "unavoidability": 0.0, "barrier_score": 0.83264223039656826, "neighborhood": "Oakland City" }, "geometry": { "type": "LineString", "coordinates": [ [ -84.4119595, 33.7225817 ], [ -84.4118496, 33.7226126 ], [ -84.4117976, 33.7226097 ], [ -84.4117457, 33.722591699999988 ], [ -84.4116999, 33.7225404 ], [ -84.4116854, 33.722503099999983 ], [ -84.4116811, 33.7224565 ], [ -84.4116901, 33.7224121 ], [ -84.4116946, 33.7223678 ], [ -84.41169020000001, 33.7223322 ], [ -84.4116793, 33.722287299999984 ], [ -84.4116637, 33.722249 ], [ -84.411636, 33.722217 ], [ -84.411594, 33.722194899999984 ], [ -84.411546, 33.7221779 ], [ -84.4114311, 33.7221646 ], [ -84.4113225, 33.7221835 ], [ -84.4111964, 33.722211 ], [ -84.4110701, 33.7222217 ], [ -84.4110379, 33.7222193 ] ] } },
{ "type": "Feature", "properties": { "edge_id": 15637, "segment_id": "be1bdb36-bd61-4221-825d-4ca46c700b5e", "u": "88708491-4fdc-4909-b9b5-66a3d748a6f0", "v": "86f81183-b973-45a7-bb7e-88f0b77494b5", "part": 0, "cls": "residential", "subclass": null, "name": "Harbin Road Southwest", "length_m": 241.10757841154216, "is_bridge": false, "is_tunnel": false, "is_structure": false, "walk_ok": true, "walk_oneway": false, "walk_restricted": false, "bike_ok": true, "bike_oneway": false, "bike_restricted": false, "bike_facility": "", "low_stress": true, "dem_gaps": [ ], "max_abs_grade": 0.086307733336641088, "elev_min": 277.03213500976562, "elev_max": 287.69003295898438, "cum_gain_fwd": 10.65789794921875, "cum_loss_fwd": 0.12677001953125, "net_change_fwd": 10.5311279296875, "avg_grade_fwd": 0.043678129785625498, "n_samples": 50, "d_abs_above_3": 152.53744506835938, "d_abs_above_5": 118.093505859375, "d_abs_above_8": 39.364501953125, "d_abs_above_10": 0.0, "d_abs_above_15": 0.0, "grade_reliable": true, "max_abs_grade_reliable": 0.086307733336641088, "shortest_use": 4, "flat_use": 44, "flat_use_per_objective": 14.666666666666666, "unavoidability": 1.0, "barrier_score": 0.83237794331946646, "neighborhood": "Laurens Valley" }, "geometry": { "type": "LineString", "coordinates": [ [ -84.483159, 33.712208 ], [ -84.483155, 33.711543 ], [ -84.483098, 33.710863 ], [ -84.483059, 33.710582 ], [ -84.482994, 33.710454 ], [ -84.4827579, 33.7101309 ], [ -84.482741696271006, 33.71010873006928 ] ] } },
{ "type": "Feature", "properties": { "edge_id": 1861, "segment_id": "db2a1175-b84d-49a0-b0f1-8872ab854f54", "u": "b0b55e68-16b7-4b39-9e73-fa2219c8985d", "v": "378b8734-2d45-4a6c-8694-f374f373fd30", "part": 0, "cls": "residential", "subclass": null, "name": null, "length_m": 199.27948506179578, "is_bridge": false, "is_tunnel": false, "is_structure": false, "walk_ok": true, "walk_oneway": false, "walk_restricted": false, "bike_ok": true, "bike_oneway": false, "bike_restricted": false, "bike_facility": "", "low_stress": true, "dem_gaps": [ ], "max_abs_grade": 0.20738163458136996, "elev_min": 279.09100341796875, "elev_max": 287.90301513671875, "cum_gain_fwd": 4.985076904296875, "cum_loss_fwd": 12.687744140625, "net_change_fwd": -7.702667236328125, "avg_grade_fwd": -0.038652585991709024, "n_samples": 41, "d_abs_above_3": 149.45960235595703, "d_abs_above_5": 129.53166198730469, "d_abs_above_8": 94.657752990722656, "d_abs_above_10": 79.7117919921875, "d_abs_above_15": 49.819869995117188, "grade_reliable": true, "max_abs_grade_reliable": 0.20738163458136996, "shortest_use": 2, "flat_use": 0, "flat_use_per_objective": 0.0, "unavoidability": 0.0, "barrier_score": 0.82653810701297814, "neighborhood": null }, "geometry": { "type": "LineString", "coordinates": [ [ -84.50301420000001, 33.6892143 ], [ -84.5030077, 33.6891926 ], [ -84.5029954, 33.6879404 ], [ -84.5029856, 33.6878384 ], [ -84.5029366, 33.6875957 ], [ -84.5029293, 33.6875223 ], [ -84.5029307, 33.6874532 ], [ -84.502937689744684, 33.687423413965682 ] ] } },
{ "type": "Feature", "properties": { "edge_id": 50820, "segment_id": "74d2f1ac-f89c-48d7-9849-f2ecf4d6c81a", "u": "f4ec5f07-8bee-413c-8f47-c9ae860a65d3", "v": "62872ef0-6602-4c23-bc64-1525f1c0e1b5", "part": 1, "cls": "residential", "subclass": null, "name": "Griffin Street Northwest", "length_m": 55.916189540300756, "is_bridge": false, "is_tunnel": false, "is_structure": false, "walk_ok": true, "walk_oneway": false, "walk_restricted": false, "bike_ok": true, "bike_oneway": false, "bike_restricted": false, "bike_facility": "", "low_stress": true, "dem_gaps": [ ], "max_abs_grade": 0.081800528527033803, "elev_min": 304.73068237304688, "elev_max": 308.8519287109375, "cum_gain_fwd": 0.0, "cum_loss_fwd": 4.121246337890625, "net_change_fwd": -4.121246337890625, "avg_grade_fwd": -0.073703989072521986, "n_samples": 13, "d_abs_above_3": 55.916191101074219, "d_abs_above_5": 55.916191101074219, "d_abs_above_8": 9.319366455078125, "d_abs_above_10": 0.0, "d_abs_above_15": 0.0, "grade_reliable": true, "max_abs_grade_reliable": 0.081800528527033803, "shortest_use": 18, "flat_use": 7, "flat_use_per_objective": 2.3333333333333335, "unavoidability": 0.12962962962962965, "barrier_score": 0.82331529437059214, "neighborhood": "Vine City" }, "geometry": { "type": "LineString", "coordinates": [ [ -84.411336599991287, 33.759140600283224 ], [ -84.4113211, 33.7596444 ], [ -84.411321099999171, 33.759644400026758 ] ] } },
{ "type": "Feature", "properties": { "edge_id": 106870, "segment_id": "90649f21-c03f-4a6d-b0e2-9936e5deb9cb", "u": "9271681b-daed-4d1c-b190-d3663a0fe482", "v": "670e64a7-b7ca-46fa-8e2d-3e4a104d9e53", "part": 8, "cls": "secondary", "subclass": null, "name": "Howell Mill Road Northwest", "length_m": 43.46211087058947, "is_bridge": false, "is_tunnel": false, "is_structure": false, "walk_ok": true, "walk_oneway": false, "walk_restricted": false, "bike_ok": true, "bike_oneway": false, "bike_restricted": false, "bike_facility": "", "low_stress": false, "dem_gaps": [ ], "max_abs_grade": 0.10494140452972943, "elev_min": 267.60260009765625, "elev_max": 270.719482421875, "cum_gain_fwd": 3.11688232421875, "cum_loss_fwd": -0.0, "net_change_fwd": 3.11688232421875, "avg_grade_fwd": 0.071714929399055521, "n_samples": 10, "d_abs_above_3": 38.632988929748535, "d_abs_above_5": 28.97474193572998, "d_abs_above_8": 24.145618438720703, "d_abs_above_10": 9.6582469940185547, "d_abs_above_15": 0.0, "grade_reliable": true, "max_abs_grade_reliable": 0.10494140452972943, "shortest_use": 18, "flat_use": 58, "flat_use_per_objective": 19.333333333333332, "unavoidability": 1.0, "barrier_score": 0.82097549254556657, "neighborhood": "Brandon" }, "geometry": { "type": "LineString", "coordinates": [ [ -84.419429671467398, 33.834950491817068 ], [ -84.4194356, 33.834984400000018 ], [ -84.419497476346052, 33.835338099841593 ] ] } },
{ "type": "Feature", "properties": { "edge_id": 101975, "segment_id": "bdf05333-ae99-4035-9024-ea226c44406b", "u": "56ea3f35-a1f8-46fd-8157-7136630eb635", "v": "f2219b4f-d8d9-49fd-b634-fceb9030ed85", "part": 2, "cls": "residential", "subclass": null, "name": "Nancy Creek Road Northwest", "length_m": 56.838538378875505, "is_bridge": false, "is_tunnel": false, "is_structure": false, "walk_ok": true, "walk_oneway": false, "walk_restricted": false, "bike_ok": true, "bike_oneway": false, "bike_restricted": false, "bike_facility": "", "low_stress": true, "dem_gaps": [ ], "max_abs_grade": 0.089525538204747582, "elev_min": 251.2191162109375, "elev_max": 255.74006652832031, "cum_gain_fwd": 4.5209503173828125, "cum_loss_fwd": -0.0, "net_change_fwd": 4.5209503173828125, "avg_grade_fwd": 0.079540227231329752, "n_samples": 13, "d_abs_above_3": 56.838539123535156, "d_abs_above_5": 56.838539123535156, "d_abs_above_8": 28.419269561767578, "d_abs_above_10": 0.0, "d_abs_above_15": 0.0, "grade_reliable": true, "max_abs_grade_reliable": 0.089525538204747582, "shortest_use": 16, "flat_use": 2, "flat_use_per_objective": 0.66666666666666663, "unavoidability": 0.041666666666666664, "barrier_score": 0.81416011826240497, "neighborhood": "Paces" }, "geometry": { "type": "LineString", "coordinates": [ [ -84.441825408627309, 33.845832739333204 ], [ -84.4418244, 33.8458392 ], [ -84.4418215, 33.8458576 ], [ -84.441793, 33.8459714 ], [ -84.4417773, 33.8460381 ], [ -84.441691994532817, 33.846332595283727 ] ] } },
{ "type": "Feature", "properties": { "edge_id": 88950, "segment_id": "8bbe0d01-db4a-4d8d-b3a2-49b3ec11ced9", "u": "864eaa1e-dae8-435c-9804-e15679eefe1e", "v": "f1baad2f-4144-469b-a9fc-a2a064c5745d", "part": 0, "cls": "path", "subclass": null, "name": null, "length_m": 45.226057148376057, "is_bridge": false, "is_tunnel": false, "is_structure": false, "walk_ok": true, "walk_oneway": false, "walk_restricted": false, "bike_ok": true, "bike_oneway": false, "bike_restricted": false, "bike_facility": "shared_path", "low_stress": true, "dem_gaps": [ ], "max_abs_grade": 0.14827585625190837, "elev_min": 294.45819091796875, "elev_max": 298.64288330078125, "cum_gain_fwd": 4.1846923828125, "cum_loss_fwd": -0.0, "net_change_fwd": 4.1846923828125, "avg_grade_fwd": 0.092528344919844727, "n_samples": 11, "d_abs_above_3": 40.703453063964844, "d_abs_above_5": 36.18084716796875, "d_abs_above_8": 31.658239364624023, "d_abs_above_10": 27.13563346862793, "d_abs_above_15": 0.0, "grade_reliable": true, "max_abs_grade_reliable": 0.14827585625190837, "shortest_use": 12, "flat_use": 0, "flat_use_per_objective": 0.0, "unavoidability": 0.0, "barrier_score": 0.80471188182878406, "neighborhood": "Poncey-Highland" }, "geometry": { "type": "LineString", "coordinates": [ [ -84.3584383, 33.771523899999984 ], [ -84.3583796, 33.7714688 ], [ -84.3583421, 33.7714063 ], [ -84.35833, 33.771364 ], [ -84.3583354, 33.7713283 ], [ -84.3583488, 33.7713004 ], [ -84.3583622, 33.7712603 ], [ -84.35835680000001, 33.7712135 ], [ -84.358342663479036, 33.771148805782516 ] ] } },
{ "type": "Feature", "properties": { "edge_id": 42160, "segment_id": "2b15c10f-423e-46f2-a8ca-d5cedf060a10", "u": "5ea68726-4126-45dc-a292-5e69b8cdb731", "v": "ac62e39b-8d9c-4595-8730-a2bc25ecb4c5", "part": 0, "cls": "residential", "subclass": null, "name": "Berne Street Southeast", "length_m": 216.23143162231824, "is_bridge": false, "is_tunnel": false, "is_structure": false, "walk_ok": true, "walk_oneway": false, "walk_restricted": false, "bike_ok": true, "bike_oneway": false, "bike_restricted": false, "bike_facility": "", "low_stress": true, "dem_gaps": [ ], "max_abs_grade": 0.092806776229790694, "elev_min": 291.4063720703125, "elev_max": 305.10986328125, "cum_gain_fwd": 0.0, "cum_loss_fwd": 13.7034912109375, "net_change_fwd": -13.7034912109375, "avg_grade_fwd": -0.063374187589350969, "n_samples": 45, "d_abs_above_3": 216.23143005371094, "d_abs_above_5": 167.08792114257812, "d_abs_above_8": 63.886550903320312, "d_abs_above_10": 0.0, "d_abs_above_15": 0.0, "grade_reliable": true, "max_abs_grade_reliable": 0.092806776229790694, "shortest_use": 4, "flat_use": 0, "flat_use_per_objective": 0.0, "unavoidability": 0.0, "barrier_score": 0.80270968353679106, "neighborhood": "Grant Park" }, "geometry": { "type": "LineString", "coordinates": [ [ -84.365211, 33.736772 ], [ -84.365013, 33.736751 ], [ -84.363965, 33.736576 ], [ -84.3629011, 33.7365591 ], [ -84.362900914984891, 33.736559096966964 ] ] } },
{ "type": "Feature", "properties": { "edge_id": 8941, "segment_id": "fa44af21-d45b-4c9d-96ca-09041bcf1c20", "u": "52515225-8f75-4692-b2b3-2a3ba5358587", "v": "dffa3af8-fdb0-4290-a510-e8774a548b42", "part": 2, "cls": "residential", "subclass": null, "name": "Waterford Road Northwest", "length_m": 63.6803231574834, "is_bridge": false, "is_tunnel": false, "is_structure": false, "walk_ok": true, "walk_oneway": false, "walk_restricted": false, "bike_ok": true, "bike_oneway": false, "bike_restricted": false, "bike_facility": "", "low_stress": true, "dem_gaps": [ ], "max_abs_grade": 0.12341321136029061, "elev_min": 255.99638366699219, "elev_max": 261.88522338867188, "cum_gain_fwd": 5.8888397216796875, "cum_loss_fwd": -0.0, "net_change_fwd": 5.8888397216796875, "avg_grade_fwd": 0.092475026829441434, "n_samples": 14, "d_abs_above_3": 63.680324554443359, "d_abs_above_5": 53.883350372314453, "d_abs_above_8": 44.086376190185547, "d_abs_above_10": 34.289405822753906, "d_abs_above_15": 0.0, "grade_reliable": true, "max_abs_grade_reliable": 0.12341321136029061, "shortest_use": 10, "flat_use": 0, "flat_use_per_objective": 0.0, "unavoidability": 0.0, "barrier_score": 0.78589931813261094, "neighborhood": "Collier Heights" }, "geometry": { "type": "LineString", "coordinates": [ [ -84.484995107474305, 33.770795737065093 ], [ -84.4849953, 33.77083 ], [ -84.484998416249965, 33.771369695540763 ] ] } },
{ "type": "Feature", "properties": { "edge_id": 38044, "segment_id": "4ad2e9f3-6387-4a3c-bfec-a7ab958e3ae8", "u": "740ee9fc-b1f9-4bec-a10b-e08f786a9513", "v": "e95747e8-eab8-4742-babe-e2c56657900d", "part": 0, "cls": "tertiary", "subclass": null, "name": "Forrest Park Road Southeast", "length_m": 76.866512442858493, "is_bridge": false, "is_tunnel": false, "is_structure": false, "walk_ok": true, "walk_oneway": false, "walk_restricted": false, "bike_ok": true, "bike_oneway": false, "bike_restricted": false, "bike_facility": "", "low_stress": false, "dem_gaps": [ ], "max_abs_grade": 0.10160547125929326, "elev_min": 274.7685546875, "elev_max": 281.33746337890625, "cum_gain_fwd": 6.56890869140625, "cum_loss_fwd": -0.0, "net_change_fwd": 6.56890869140625, "avg_grade_fwd": 0.085458649924049987, "n_samples": 17, "d_abs_above_3": 76.86651611328125, "d_abs_above_5": 76.86651611328125, "d_abs_above_8": 52.845726013183594, "d_abs_above_10": 9.6083164215087891, "d_abs_above_15": 0.0, "grade_reliable": true, "max_abs_grade_reliable": 0.10160547125929326, "shortest_use": 10, "flat_use": 7, "flat_use_per_objective": 2.3333333333333335, "unavoidability": 0.23333333333333334, "barrier_score": 0.78100582208149671, "neighborhood": "Norwood Manor" }, "geometry": { "type": "LineString", "coordinates": [ [ -84.360128, 33.696911 ], [ -84.36012, 33.697199 ], [ -84.360063, 33.69742 ], [ -84.3599735, 33.6975822 ] ] } },
{ "type": "Feature", "properties": { "edge_id": 57906, "segment_id": "d845891c-e80b-42e7-aa02-c37ada773aa7", "u": "aa3753a9-a494-4363-9d39-a96dba0bb6e5", "v": "8dd75b18-eeb9-4891-8ebd-040ab7e515eb", "part": 10, "cls": "tertiary", "subclass": null, "name": "West Wesley Road", "length_m": 79.165187593575553, "is_bridge": false, "is_tunnel": false, "is_structure": false, "walk_ok": true, "walk_oneway": false, "walk_restricted": false, "bike_ok": true, "bike_oneway": false, "bike_restricted": false, "bike_facility": "", "low_stress": false, "dem_gaps": [ ], "max_abs_grade": 0.081940291833263693, "elev_min": 260.0140380859375, "elev_max": 265.51885986328125, "cum_gain_fwd": 0.0, "cum_loss_fwd": 5.50482177734375, "net_change_fwd": -5.50482177734375, "avg_grade_fwd": -0.069535893150753841, "n_samples": 17, "d_abs_above_3": 79.165184020996094, "d_abs_above_5": 79.165184020996094, "d_abs_above_8": 9.8956451416015625, "d_abs_above_10": 0.0, "d_abs_above_15": 0.0, "grade_reliable": true, "max_abs_grade_reliable": 0.081940291833263693, "shortest_use": 12, "flat_use": 17, "flat_use_per_objective": 5.666666666666667, "unavoidability": 0.47222222222222227, "barrier_score": 0.77841822893431767, "neighborhood": "Brandon" }, "geometry": { "type": "LineString", "coordinates": [ [ -84.421808301863194, 33.828742700014828 ], [ -84.4226632, 33.828749499999986 ] ] } },
{ "type": "Feature", "properties": { "edge_id": 91301, "segment_id": "c78e679d-b78b-4b6d-ad21-5fd080931687", "u": "292b481f-f079-4842-b969-a5340e4d1827", "v": "a503ade1-e682-4acd-b657-e5250bcaa8d6", "part": 0, "cls": "footway", "subclass": null, "name": null, "length_m": 19.48319584427496, "is_bridge": false, "is_tunnel": false, "is_structure": false, "walk_ok": true, "walk_oneway": false, "walk_restricted": false, "bike_ok": true, "bike_oneway": false, "bike_restricted": false, "bike_facility": "shared_path", "low_stress": true, "dem_gaps": [ ], "max_abs_grade": 0.093918572707107698, "elev_min": 263.72442626953125, "elev_max": 265.29672241210938, "cum_gain_fwd": 0.0, "cum_loss_fwd": 1.572296142578125, "net_change_fwd": -1.572296142578125, "avg_grade_fwd": -0.080700113149481251, "n_samples": 5, "d_abs_above_3": 19.483196258544922, "d_abs_above_5": 19.483196258544922, "d_abs_above_8": 9.7415981292724609, "d_abs_above_10": 0.0, "d_abs_above_15": 0.0, "grade_reliable": true, "max_abs_grade_reliable": 0.093918572707107698, "shortest_use": 42, "flat_use": 0, "flat_use_per_objective": 0.0, "unavoidability": 0.0, "barrier_score": 0.76853025709628964, "neighborhood": "Morningside/Lenox Park" }, "geometry": { "type": "LineString", "coordinates": [ [ -84.3683959, 33.7976857 ], [ -84.3684028, 33.7976783 ], [ -84.368406, 33.7976749 ], [ -84.36852434388625, 33.797546652859666 ] ] } },
{ "type": "Feature", "properties": { "edge_id": 15869, "segment_id": "4233924a-4550-4ed7-934c-9f9f6f007f39", "u": "d3138045-5ae7-49f0-ba3e-4cdb6035452d", "v": "11460dee-c8f2-4cbc-98f5-1a9eed4e481e", "part": 0, "cls": "residential", "subclass": null, "name": "Clearbrook Drive Southwest", "length_m": 90.381193941266986, "is_bridge": false, "is_tunnel": false, "is_structure": false, "walk_ok": true, "walk_oneway": false, "walk_restricted": false, "bike_ok": true, "bike_oneway": false, "bike_restricted": false, "bike_facility": "", "low_stress": true, "dem_gaps": [ ], "max_abs_grade": 0.084208905576129478, "elev_min": 273.30233764648438, "elev_max": 279.8709716796875, "cum_gain_fwd": 0.0, "cum_loss_fwd": 6.568634033203125, "net_change_fwd": -6.568634033203125, "avg_grade_fwd": -0.072676999106229684, "n_samples": 20, "d_abs_above_3": 90.381195068359375, "d_abs_above_5": 90.381195068359375, "d_abs_above_8": 28.541431427001953, "d_abs_above_10": 0.0, "d_abs_above_15": 0.0, "grade_reliable": true, "max_abs_grade_reliable": 0.084208905576129478, "shortest_use": 10, "flat_use": 0, "flat_use_per_objective": 0.0, "unavoidability": 0.0, "barrier_score": 0.76109014264579966, "neighborhood": "Magnum Manor" }, "geometry": { "type": "LineString", "coordinates": [ [ -84.49106, 33.723493 ], [ -84.4911041, 33.7226792 ], [ -84.491104100031095, 33.722679199427432 ] ] } },
{ "type": "Feature", "properties": { "edge_id": 8940, "segment_id": "fa44af21-d45b-4c9d-96ca-09041bcf1c20", "u": "7f9c90f8-3d84-478d-95ea-1815689faaca", "v": "52515225-8f75-4692-b2b3-2a3ba5358587", "part": 1, "cls": "residential", "subclass": null, "name": "Waterford Road Northwest", "length_m": 59.302419651193041, "is_bridge": false, "is_tunnel": false, "is_structure": false, "walk_ok": true, "walk_oneway": false, "walk_restricted": false, "bike_ok": true, "bike_oneway": false, "bike_restricted": false, "bike_facility": "", "low_stress": true, "dem_gaps": [ ], "max_abs_grade": 0.12700456432784427, "elev_min": 250.39360046386719, "elev_max": 255.99638366699219, "cum_gain_fwd": 5.602783203125, "cum_loss_fwd": -0.0, "net_change_fwd": 5.602783203125, "avg_grade_fwd": 0.094478158146269087, "n_samples": 13, "d_abs_above_3": 54.360549449920654, "d_abs_above_5": 49.418681144714355, "d_abs_above_8": 39.534944534301758, "d_abs_above_10": 29.651208877563477, "d_abs_above_15": 0.0, "grade_reliable": true, "max_abs_grade_reliable": 0.12700456432784427, "shortest_use": 10, "flat_use": 0, "flat_use_per_objective": 0.0, "unavoidability": 0.0, "barrier_score": 0.75316779713867621, "neighborhood": "Collier Heights" }, "geometry": { "type": "LineString", "coordinates": [ [ -84.484992139612771, 33.770261236681769 ], [ -84.4849924, 33.7703139 ], [ -84.484995107474305, 33.770795737065093 ] ] } },
{ "type": "Feature", "properties": { "edge_id": 48638, "segment_id": "5bbe7e0a-4632-4d43-a2b7-ebb98e49103a", "u": "3b2bb9b3-349b-4599-97ff-44f340dd1f3a", "v": "d128f3b4-fae1-4fb7-a919-0dbcdaa62b0e", "part": 0, "cls": "residential", "subclass": null, "name": "Ezra Church Drive Northwest", "length_m": 397.48800267963099, "is_bridge": false, "is_tunnel": false, "is_structure": false, "walk_ok": true, "walk_oneway": false, "walk_restricted": false, "bike_ok": true, "bike_oneway": false, "bike_restricted": false, "bike_facility": "", "low_stress": true, "dem_gaps": [ ], "max_abs_grade": 0.093666889829311289, "elev_min": 289.50851440429688, "elev_max": 305.10415649414062, "cum_gain_fwd": 11.544189453125, "cum_loss_fwd": 15.59564208984375, "net_change_fwd": -4.05145263671875, "avg_grade_fwd": -0.01019264121063008, "n_samples": 81, "d_abs_above_3": 357.73920726776123, "d_abs_above_5": 317.99040412902832, "d_abs_above_8": 168.93239974975586, "d_abs_above_10": 0.0, "d_abs_above_15": 0.0, "grade_reliable": true, "max_abs_grade_reliable": 0.093666889829311289, "shortest_use": 2, "flat_use": 0, "flat_use_per_objective": 0.0, "unavoidability": 0.0, "barrier_score": 0.74462929910931974, "neighborhood": "Hunter Hills" }, "geometry": { "type": "LineString", "coordinates": [ [ -84.43357, 33.756558 ], [ -84.437137, 33.756602 ], [ -84.437858, 33.756628 ] ] } },
{ "type": "Feature", "properties": { "edge_id": 48830, "segment_id": "c727a483-f90c-4cad-b7f2-ee06f57e4c67", "u": "5bb2d7eb-8e25-4902-9e6f-497ae3ce1368", "v": "05d63321-0f61-4205-8a92-64c1e9f667f5", "part": 0, "cls": "secondary", "subclass": null, "name": "Joseph E. Boone Boulevard Northwest", "length_m": 21.017268162656773, "is_bridge": true, "is_tunnel": false, "is_structure": true, "walk_ok": true, "walk_oneway": false, "walk_restricted": false, "bike_ok": true, "bike_oneway": false, "bike_restricted": false, "bike_facility": "", "low_stress": false, "dem_gaps": [ ], "max_abs_grade": 0.084101223307433609, "elev_min": 276.45889282226562, "elev_max": 278.22634887695312, "cum_gain_fwd": 0.0, "cum_loss_fwd": 1.7674560546875, "net_change_fwd": -1.7674560546875, "avg_grade_fwd": -0.084095426659579572, "n_samples": 6, "d_abs_above_3": 21.017267227172852, "d_abs_above_5": 21.017267227172852, "d_abs_above_8": 21.017267227172852, "d_abs_above_10": 0.0, "d_abs_above_15": 0.0, "grade_reliable": true, "max_abs_grade_reliable": 0.084101223307433609, "shortest_use": 42, "flat_use": 7, "flat_use_per_objective": 2.3333333333333335, "unavoidability": 0.055555555555555559, "barrier_score": 0.74238274448512098, "neighborhood": "Hunter Hills" }, "geometry": { "type": "LineString", "coordinates": [ [ -84.427229, 33.763519 ], [ -84.427455799142137, 33.763519999996213 ] ] } },
{ "type": "Feature", "properties": { "edge_id": 57893, "segment_id": "10276030-0ad3-4571-bf40-9c27e0840a54", "u": "8dd75b18-eeb9-4891-8ebd-040ab7e515eb", "v": "5271be36-ca55-4d87-bd88-6a0cb51c262a", "part": 0, "cls": "tertiary", "subclass": null, "name": "West Wesley Road", "length_m": 74.803850604413682, "is_bridge": false, "is_tunnel": false, "is_structure": false, "walk_ok": true, "walk_oneway": false, "walk_restricted": false, "bike_ok": true, "bike_oneway": false, "bike_restricted": false, "bike_facility": "", "low_stress": false, "dem_gaps": [ ], "max_abs_grade": 0.082634943073161923, "elev_min": 253.97611999511719, "elev_max": 260.0140380859375, "cum_gain_fwd": 0.0, "cum_loss_fwd": 6.0379180908203125, "net_change_fwd": -6.0379180908203125, "avg_grade_fwd": -0.080716677426823286, "n_samples": 16, "d_abs_above_3": 74.803848266601562, "d_abs_above_5": 74.803848266601562, "d_abs_above_8": 54.856155395507812, "d_abs_above_10": 0.0, "d_abs_above_15": 0.0, "grade_reliable": true, "max_abs_grade_reliable": 0.082634943073161923, "shortest_use": 12, "flat_use": 17, "flat_use_per_objective": 5.666666666666667, "unavoidability": 0.47222222222222227, "barrier_score": 0.74176943236188408, "neighborhood": "Brandon" }, "geometry": { "type": "LineString", "coordinates": [ [ -84.4226632, 33.828749499999986 ], [ -84.423471, 33.828756 ] ] } },
{ "type": "Feature", "properties": { "edge_id": 78009, "segment_id": "68f04c93-69c0-469c-a166-6a56a3878aad", "u": "416083e5-72ae-41c8-99e1-86173789051d", "v": "9fb75c4d-63ee-43d1-9b58-fbd7155e2124", "part": 2, "cls": "secondary", "subclass": null, "name": "Peachtree Street Northeast", "length_m": 3.9911273228914528, "is_bridge": false, "is_tunnel": false, "is_structure": false, "walk_ok": true, "walk_oneway": false, "walk_restricted": false, "bike_ok": true, "bike_oneway": false, "bike_restricted": false, "bike_facility": "", "low_stress": false, "dem_gaps": [ ], "max_abs_grade": 0.21535195846165123, "elev_min": 326.69711303710938, "elev_max": 327.48162841796875, "cum_gain_fwd": 0.0, "cum_loss_fwd": 0.784515380859375, "net_change_fwd": -0.784515380859375, "avg_grade_fwd": -0.19656486280974536, "n_samples": 3, "d_abs_above_3": 3.9911272525787354, "d_abs_above_5": 3.9911272525787354, "d_abs_above_8": 3.9911272525787354, "d_abs_above_10": 3.9911272525787354, "d_abs_above_15": 3.9911272525787354, "grade_reliable": false, "max_abs_grade_reliable": null, "shortest_use": 86, "flat_use": 43, "flat_use_per_objective": 14.333333333333334, "unavoidability": 0.16666666666666669, "barrier_score": 0.73916749349085409, "neighborhood": "Downtown" }, "geometry": { "type": "LineString", "coordinates": [ [ -84.387625595659415, 33.758402230550523 ], [ -84.3876256, 33.7584023 ], [ -84.3876252, 33.7584382 ] ] } },
{ "type": "Feature", "properties": { "edge_id": 5996, "segment_id": "c42cdaab-dc74-442c-bee0-52f7ef4c18d4", "u": "9ade90a4-adf8-45d2-83c9-fdcafbfa1e51", "v": "5da71693-9610-4029-8da0-da150d72d15e", "part": 0, "cls": "service", "subclass": null, "name": "Maid Lane Northwest", "length_m": 208.27538106038281, "is_bridge": false, "is_tunnel": false, "is_structure": false, "walk_ok": true, "walk_oneway": false, "walk_restricted": false, "bike_ok": true, "bike_oneway": false, "bike_restricted": false, "bike_facility": "", "low_stress": false, "dem_gaps": [ ], "max_abs_grade": 0.088716865939475253, "elev_min": 281.76510620117188, "elev_max": 295.39898681640625, "cum_gain_fwd": 13.633880615234375, "cum_loss_fwd": -0.0, "net_change_fwd": 13.633880615234375, "avg_grade_fwd": 0.065460838043200742, "n_samples": 43, "d_abs_above_3": 208.27537536621094, "d_abs_above_5": 193.3985595703125, "d_abs_above_8": 24.794687271118164, "d_abs_above_10": 0.0, "d_abs_above_15": 0.0, "grade_reliable": true, "max_abs_grade_reliable": 0.088716865939475253, "shortest_use": 4, "flat_use": 2, "flat_use_per_objective": 0.66666666666666663, "unavoidability": 0.16666666666666666, "barrier_score": 0.73910156240108416, "neighborhood": "Hills Park" }, "geometry": { "type": "LineString", "coordinates": [ [ -84.445445, 33.813191 ], [ -84.4455026, 33.8124951 ], [ -84.4455938, 33.8115368 ], [ -84.4456312, 33.811323499999979 ], [ -84.445631610721406, 33.81132079017307 ] ] } },
{ "type": "Feature", "properties": { "edge_id": 8685, "segment_id": "6769afa2-4c65-400e-9972-e4ecca5505b5", "u": "e7818bea-1cc7-41d5-96fc-ac0da3080c65", "v": "17a01b92-e9a9-4425-92e6-c16e13c26fb1", "part": 1, "cls": "residential", "subclass": null, "name": "Oldknow Drive Northwest", "length_m": 66.101022479164214, "is_bridge": false, "is_tunnel": false, "is_structure": false, "walk_ok": true, "walk_oneway": false, "walk_restricted": false, "bike_ok": true, "bike_oneway": false, "bike_restricted": false, "bike_facility": "", "low_stress": true, "dem_gaps": [ ], "max_abs_grade": 0.11126971453202104, "elev_min": 261.61376953125, "elev_max": 266.78909301757812, "cum_gain_fwd": 0.0, "cum_loss_fwd": 5.175323486328125, "net_change_fwd": -5.175323486328125, "avg_grade_fwd": -0.07829415374643077, "n_samples": 15, "d_abs_above_3": 56.65802001953125, "d_abs_above_5": 47.215015411376953, "d_abs_above_8": 37.772014617919922, "d_abs_above_10": 28.329010009765625, "d_abs_above_15": 0.0, "grade_reliable": true, "max_abs_grade_reliable": 0.11126971453202104, "shortest_use": 10, "flat_use": 0, "flat_use_per_objective": 0.0, "unavoidability": 0.0, "barrier_score": 0.73550419015313084, "neighborhood": "Collier Heights" }, "geometry": { "type": "LineString", "coordinates": [ [ -84.484286599906753, 33.771792500000181 ], [ -84.4842866, 33.7717925 ], [ -84.4843628, 33.7717923 ], [ -84.485, 33.771791 ] ] } },
{ "type": "Feature", "properties": { "edge_id": 35065, "segment_id": "e0b4d7a3-7fdf-4a0f-acb1-88880e388639", "u": "0659892a-edc5-4f2b-bee8-650c88a6ee0f", "v": "e0df25ed-6829-4a00-8a7c-2d5707a8a817", "part": 0, "cls": "residential", "subclass": null, "name": "Moury Avenue Southeast", "length_m": 226.1256737391258, "is_bridge": false, "is_tunnel": false, "is_structure": false, "walk_ok": true, "walk_oneway": false, "walk_restricted": false, "bike_ok": true, "bike_oneway": false, "bike_restricted": false, "bike_facility": "", "low_stress": true, "dem_gaps": [ ], "max_abs_grade": 0.16208095356344673, "elev_min": 294.60406494140625, "elev_max": 313.3182373046875, "cum_gain_fwd": 0.78533935546875, "cum_loss_fwd": 18.71417236328125, "net_change_fwd": -17.9288330078125, "avg_grade_fwd": -0.079287030516542803, "n_samples": 47, "d_abs_above_3": 201.54679584503174, "d_abs_above_5": 152.38904190063477, "d_abs_above_8": 132.72593688964844, "d_abs_above_10": 93.399734497070312, "d_abs_above_15": 29.494659423828125, "grade_reliable": true, "max_abs_grade_reliable": 0.16208095356344673, "shortest_use": 2, "flat_use": 0, "flat_use_per_objective": 0.0, "unavoidability": 0.0, "barrier_score": 0.7330132964962871, "neighborhood": "South Atlanta" }, "geometry": { "type": "LineString", "coordinates": [ [ -84.383655, 33.71309 ], [ -84.385417, 33.712731 ], [ -84.386042, 33.712723 ] ] } },
{ "type": "Feature", "properties": { "edge_id": 88991, "segment_id": "68522b46-df8d-488b-b822-81297cb59424", "u": "739bb500-3767-4c94-86c3-505995788b04", "v": "a676656e-8e02-48dd-8c3d-a5fc26c5d4ee", "part": 1, "cls": "secondary", "subclass": null, "name": "North Avenue Northeast", "length_m": 50.467747001971496, "is_bridge": false, "is_tunnel": false, "is_structure": false, "walk_ok": true, "walk_oneway": false, "walk_restricted": false, "bike_ok": true, "bike_oneway": false, "bike_restricted": false, "bike_facility": "", "low_stress": false, "dem_gaps": [ ], "max_abs_grade": 0.10357267872331757, "elev_min": 290.7581787109375, "elev_max": 295.17636108398438, "cum_gain_fwd": 4.418182373046875, "cum_loss_fwd": -0.0, "net_change_fwd": 4.418182373046875, "avg_grade_fwd": 0.087544672764559031, "n_samples": 12, "d_abs_above_3": 50.467746734619141, "d_abs_above_5": 50.467746734619141, "d_abs_above_8": 36.703815460205078, "d_abs_above_10": 9.1759529113769531, "d_abs_above_15": 0.0, "grade_reliable": true, "max_abs_grade_reliable": 0.10357267872331757, "shortest_use": 14, "flat_use": 0, "flat_use_per_objective": 0.0, "unavoidability": 0.0, "barrier_score": 0.73179116445748149, "neighborhood": "Poncey-Highland" }, "geometry": { "type": "LineString", "coordinates": [ [ -84.362208923524022, 33.771134 ], [ -84.3622089, 33.771134 ], [ -84.361664285540854, 33.771134 ] ] } },
{ "type": "Feature", "properties": { "edge_id": 7256, "segment_id": "2aa22a31-9841-4069-8013-dcaa56aa0ff7", "u": "18287e5f-9277-4d61-89d9-1d62d60710fd", "v": "58c3324a-9bdf-41e0-a34a-35a535134efd", "part": 0, "cls": "tertiary", "subclass": null, "name": "Johnson Road", "length_m": 49.12716936128232, "is_bridge": false, "is_tunnel": false, "is_structure": false, "walk_ok": true, "walk_oneway": false, "walk_restricted": false, "bike_ok": true, "bike_oneway": false, "bike_restricted": false, "bike_facility": "", "low_stress": false, "dem_gaps": [ ], "max_abs_grade": 0.10595111152265316, "elev_min": 269.90679931640625, "elev_max": 273.16513061523438, "cum_gain_fwd": 3.258331298828125, "cum_loss_fwd": -0.0, "net_change_fwd": 3.258331298828125, "avg_grade_fwd": 0.066324424173109173, "n_samples": 11, "d_abs_above_3": 44.214450836181641, "d_abs_above_5": 34.389019012451172, "d_abs_above_8": 14.738150596618652, "d_abs_above_10": 4.9127168655395508, "d_abs_above_15": 0.0, "grade_reliable": true, "max_abs_grade_reliable": 0.10595111152265316, "shortest_use": 14, "flat_use": 5, "flat_use_per_objective": 1.6666666666666667, "unavoidability": 0.11904761904761905, "barrier_score": 0.72871094797052893, "neighborhood": "Rockdale" }, "geometry": { "type": "LineString", "coordinates": [ [ -84.446575, 33.785445 ], [ -84.4461225, 33.7853971 ], [ -84.446048920706019, 33.785389354811159 ] ] } },
{ "type": "Feature", "properties": { "edge_id": 51072, "segment_id": "964fc3b0-198c-4ab0-9c66-1e8c39a89676", "u": "e55cf7d0-573f-4ab4-89e0-d5840dbe5a4d", "v": "b0ff686a-013e-4a09-bdb1-c0cf9e597802", "part": 1, "cls": "residential", "subclass": null, "name": "Elm Street Northwest", "length_m": 42.983488907751372, "is_bridge": false, "is_tunnel": false, "is_structure": false, "walk_ok": true, "walk_oneway": true, "walk_restricted": false, "bike_ok": true, "bike_oneway": true, "bike_restricted": false, "bike_facility": "", "low_stress": true, "dem_gaps": [ ], "max_abs_grade": 0.11935606257263466, "elev_min": 277.3946533203125, "elev_max": 279.71636962890625, "cum_gain_fwd": 2.32171630859375, "cum_loss_fwd": -0.0, "net_change_fwd": 2.32171630859375, "avg_grade_fwd": 0.054014141455736422, "n_samples": 10, "d_abs_above_3": 28.655660629272461, "d_abs_above_5": 19.10377311706543, "d_abs_above_8": 9.5518875122070312, "d_abs_above_10": 4.7759437561035156, "d_abs_above_15": 0.0, "grade_reliable": true, "max_abs_grade_reliable": 0.11935606257263466, "shortest_use": 14, "flat_use": 0, "flat_use_per_objective": 0.0, "unavoidability": 0.0, "barrier_score": 0.71824759883292089, "neighborhood": "English Avenue" }, "geometry": { "type": "LineString", "coordinates": [ [ -84.408847499999922, 33.765060900011513 ], [ -84.4088475, 33.7650609 ], [ -84.408849699999678, 33.764673500057938 ] ] } },
{ "type": "Feature", "properties": { "edge_id": 55287, "segment_id": "fd2f3c7c-d352-4366-b308-9940e5bd14a3", "u": "2e3792d5-74d2-4ef8-a1dc-2c81a1c72650", "v": "e800feec-aaa8-4fdc-9250-3fa21a33e373", "part": 0, "cls": "residential", "subclass": null, "name": "Huff Road Northwest", "length_m": 83.319822315459078, "is_bridge": false, "is_tunnel": false, "is_structure": false, "walk_ok": true, "walk_oneway": false, "walk_restricted": false, "bike_ok": true, "bike_oneway": false, "bike_restricted": false, "bike_facility": "", "low_stress": true, "dem_gaps": [ ], "max_abs_grade": 0.10706633115687833, "elev_min": 280.40863037109375, "elev_max": 288.8287353515625, "cum_gain_fwd": 8.42010498046875, "cum_loss_fwd": -0.0, "net_change_fwd": 8.42010498046875, "avg_grade_fwd": 0.10105764215683402, "n_samples": 18, "d_abs_above_3": 83.31982421875, "d_abs_above_5": 83.31982421875, "d_abs_above_8": 78.418655395507812, "d_abs_above_10": 63.715156555175781, "d_abs_above_15": 0.0, "grade_reliable": true, "max_abs_grade_reliable": 0.10706633115687833, "shortest_use": 8, "flat_use": 2, "flat_use_per_objective": 0.66666666666666663, "unavoidability": 0.083333333333333329, "barrier_score": 0.71365981503673626, "neighborhood": "Blandtown" }, "geometry": { "type": "LineString", "coordinates": [ [ -84.4246704, 33.7891027 ], [ -84.425266, 33.788981 ], [ -84.4254, 33.788961 ], [ -84.425547, 33.788949 ], [ -84.425549387509761, 33.788948923770448 ] ] } },
{ "type": "Feature", "properties": { "edge_id": 60136, "segment_id": "aa8e7f4f-febb-48bb-96a2-17e30bd790d4", "u": "9bb36a95-b714-4eb9-88cb-90242b0479c9", "v": "acdada88-4cbe-447a-b989-c676be1ffa66", "part": 1, "cls": "trunk", "subclass": null, "name": "Northside Drive Northwest", "length_m": 17.06485053500035, "is_bridge": false, "is_tunnel": false, "is_structure": false, "walk_ok": true, "walk_oneway": false, "walk_restricted": false, "bike_ok": true, "bike_oneway": false, "bike_restricted": false, "bike_facility": "", "low_stress": false, "dem_gaps": [ ], "max_abs_grade": 0.089674025421559708, "elev_min": 287.4632568359375, "elev_max": 288.96737670898438, "cum_gain_fwd": 0.0, "cum_loss_fwd": 1.504119873046875, "net_change_fwd": -1.504119873046875, "avg_grade_fwd": -0.088141406807455899, "n_samples": 5, "d_abs_above_3": 17.064849853515625, "d_abs_above_5": 17.064849853515625, "d_abs_above_8": 17.064849853515625, "d_abs_above_10": 0.0, "d_abs_above_15": 0.0, "grade_reliable": true, "max_abs_grade_reliable": 0.089674025421559708, "shortest_use": 46, "flat_use": 0, "flat_use_per_objective": 0.0, "unavoidability": 0.0, "barrier_score": 0.70392596671773955, "neighborhood": "Loring Heights" }, "geometry": { "type": "LineString", "coordinates": [ [ -84.40786410014644, 33.7946057924812 ], [ -84.4078641, 33.7946058 ], [ -84.407863100047933, 33.794759592628893 ] ] } },
{ "type": "Feature", "properties": { "edge_id": 88872, "segment_id": "62ad29f8-ce1a-49cb-99bc-f0a1a60e3472", "u": "f3da5510-ac89-42c2-a9a3-92fcd4bab51c", "v": "ed4efb4e-ff44-40bd-b746-01f6278aadea", "part": 1, "cls": "path", "subclass": null, "name": null, "length_m": 122.1003254898034, "is_bridge": false, "is_tunnel": false, "is_structure": false, "walk_ok": true, "walk_oneway": false, "walk_restricted": false, "bike_ok": true, "bike_oneway": false, "bike_restricted": false, "bike_facility": "shared_path", "low_stress": true, "dem_gaps": [ ], "max_abs_grade": 0.093689516790412347, "elev_min": 301.98361206054688, "elev_max": 309.37347412109375, "cum_gain_fwd": 0.0, "cum_loss_fwd": 7.389862060546875, "net_change_fwd": -7.389862060546875, "avg_grade_fwd": -0.060522868939599475, "n_samples": 26, "d_abs_above_3": 107.44828701019287, "d_abs_above_5": 83.028224945068359, "d_abs_above_8": 24.420063018798828, "d_abs_above_10": 0.0, "d_abs_above_15": 0.0, "grade_reliable": true, "max_abs_grade_reliable": 0.093689516790412347, "shortest_use": 6, "flat_use": 0, "flat_use_per_objective": 0.0, "unavoidability": 0.0, "barrier_score": 0.68637122970550479, "neighborhood": "Poncey-Highland" }, "geometry": { "type": "LineString", "coordinates": [ [ -84.357665085540958, 33.769731769184894 ], [ -84.3576743, 33.7697354 ], [ -84.35781510000001, 33.769848 ], [ -84.3578406, 33.7698836 ], [ -84.357846, 33.769916 ], [ -84.3578379, 33.7699561 ], [ -84.3578164, 33.7700163 ], [ -84.3578071, 33.7700598 ], [ -84.3578164, 33.7701111 ], [ -84.3578325, 33.7701423 ], [ -84.3578768, 33.7701702 ], [ -84.3579573, 33.7701936 ], [ -84.3580592, 33.7702192 ], [ -84.3581158, 33.77024440000001 ], [ -84.3582094, 33.77028390000001 ], [ -84.3582523, 33.7703218 ], [ -84.3582805, 33.7703675 ], [ -84.3582912, 33.7704399 ], [ -84.358297281189991, 33.770537108275796 ] ] } },
{ "type": "Feature", "properties": { "edge_id": 57126, "segment_id": "47a00eb3-df75-49a4-bce3-f2a1cf8e599c", "u": "5271be36-ca55-4d87-bd88-6a0cb51c262a", "v": "44aae1a3-a380-48a5-b1c6-0623c6ef7ff6", "part": 0, "cls": "tertiary", "subclass": null, "name": "West Wesley Road", "length_m": 69.148750768905458, "is_bridge": false, "is_tunnel": false, "is_structure": false, "walk_ok": true, "walk_oneway": false, "walk_restricted": false, "bike_ok": true, "bike_oneway": false, "bike_restricted": false, "bike_facility": "", "low_stress": false, "dem_gaps": [ ], "max_abs_grade": 0.081342004047019564, "elev_min": 248.46376037597656, "elev_max": 253.97611999511719, "cum_gain_fwd": 0.0, "cum_loss_fwd": 5.512359619140625, "net_change_fwd": -5.512359619140625, "avg_grade_fwd": -0.079717414918025281, "n_samples": 15, "d_abs_above_3": 69.148750305175781, "d_abs_above_5": 69.148750305175781, "d_abs_above_8": 34.574375152587891, "d_abs_above_10": 0.0, "d_abs_above_15": 0.0, "grade_reliable": true, "max_abs_grade_reliable": 0.081342004047019564, "shortest_use": 12, "flat_use": 17, "flat_use_per_objective": 5.666666666666667, "unavoidability": 0.47222222222222227, "barrier_score": 0.67496375578687862, "neighborhood": "Brandon" }, "geometry": { "type": "LineString", "coordinates": [ [ -84.423471, 33.828756 ], [ -84.4242173, 33.828775899999989 ], [ -84.424217385357252, 33.828775902262862 ] ] } },
{ "type": "Feature", "properties": { "edge_id": 10068, "segment_id": "472445d4-3d01-4ed3-b016-2c068a367b71", "u": "229d8b42-72d4-44d1-a189-10112ca0e07e", "v": "b1e8955a-fce6-4147-84d4-49818955151f", "part": 0, "cls": "residential", "subclass": null, "name": "Ezra Church Drive Northwest", "length_m": 288.39808151367674, "is_bridge": false, "is_tunnel": false, "is_structure": false, "walk_ok": true, "walk_oneway": false, "walk_restricted": false, "bike_ok": true, "bike_oneway": false, "bike_restricted": false, "bike_facility": "", "low_stress": true, "dem_gaps": [ ], "max_abs_grade": 0.11550009033513761, "elev_min": 274.05734252929688, "elev_max": 288.664306640625, "cum_gain_fwd": 6.91668701171875, "cum_loss_fwd": 14.606964111328125, "net_change_fwd": -7.690277099609375, "avg_grade_fwd": -0.026665494208182067, "n_samples": 59, "d_abs_above_3": 268.508544921875, "d_abs_above_5": 253.59140014648438, "d_abs_above_8": 119.33713531494141, "d_abs_above_10": 64.640941619873047, "d_abs_above_15": 0.0, "grade_reliable": true, "max_abs_grade_reliable": 0.11550009033513761, "shortest_use": 2, "flat_use": 0, "flat_use_per_objective": 0.0, "unavoidability": 0.0, "barrier_score": 0.6662000893462009, "neighborhood": "West Lake" }, "geometry": { "type": "LineString", "coordinates": [ [ -84.440235, 33.758782 ], [ -84.440224, 33.758983 ], [ -84.440188, 33.759178 ], [ -84.44013, 33.75937 ], [ -84.440088, 33.759507 ], [ -84.440095, 33.759598 ], [ -84.440133, 33.759683 ], [ -84.441294900000017, 33.7610407 ], [ -84.441302271453779, 33.761049314074981 ] ] } },
{ "type": "Feature", "properties": { "edge_id": 10655, "segment_id": "1ca25b4a-001c-427d-9763-a0dbc1208f0f", "u": "1f4fb427-908a-4901-abf7-5dc8766686e8", "v": "5e2f1d90-0a94-412c-9943-cf9a36fb31e9", "part": 0, "cls": "residential", "subclass": null, "name": "Larchwood Road Southwest", "length_m": 70.456393180583305, "is_bridge": false, "is_tunnel": false, "is_structure": false, "walk_ok": true, "walk_oneway": false, "walk_restricted": false, "bike_ok": true, "bike_oneway": false, "bike_restricted": false, "bike_facility": "", "low_stress": true, "dem_gaps": [ ], "max_abs_grade": 0.11589563107239639, "elev_min": 293.90341186523438, "elev_max": 298.21563720703125, "cum_gain_fwd": 0.0, "cum_loss_fwd": 4.312225341796875, "net_change_fwd": -4.312225341796875, "avg_grade_fwd": -0.061204176349181252, "n_samples": 16, "d_abs_above_3": 56.365116119384766, "d_abs_above_5": 42.273834228515625, "d_abs_above_8": 23.485464096069336, "d_abs_above_10": 14.091279029846191, "d_abs_above_15": 0.0, "grade_reliable": true, "max_abs_grade_reliable": 0.11589563107239639, "shortest_use": 8, "flat_use": 0, "flat_use_per_objective": 0.0, "unavoidability": 0.0, "barrier_score": 0.65324705205988709, "neighborhood": "Florida Heights" }, "geometry": { "type": "LineString", "coordinates": [ [ -84.462466, 33.747564 ], [ -84.461706, 33.74755 ] ] } },
{ "type": "Feature", "properties": { "edge_id": 86908, "segment_id": "c0f9e955-925d-4c4e-8674-98b990827226", "u": "4dc13d20-03ad-47aa-8c17-ef1ea528b65a", "v": "771dab9d-62ec-45cc-9144-dc3ff038653b", "part": 3, "cls": "service", "subclass": null, "name": null, "length_m": 65.452009720030802, "is_bridge": false, "is_tunnel": false, "is_structure": false, "walk_ok": true, "walk_oneway": false, "walk_restricted": false, "bike_ok": true, "bike_oneway": false, "bike_restricted": false, "bike_facility": "", "low_stress": false, "dem_gaps": [ ], "max_abs_grade": 0.099180711851624664, "elev_min": 301.50936889648438, "elev_max": 304.7950439453125, "cum_gain_fwd": 0.0, "cum_loss_fwd": 3.285675048828125, "net_change_fwd": -3.285675048828125, "avg_grade_fwd": -0.050199756939271888, "n_samples": 15, "d_abs_above_3": 51.426578521728516, "d_abs_above_5": 23.375717163085938, "d_abs_above_8": 14.025430679321289, "d_abs_above_10": 0.0, "d_abs_above_15": 0.0, "grade_reliable": true, "max_abs_grade_reliable": 0.099180711851624664, "shortest_use": 10, "flat_use": 0, "flat_use_per_objective": 0.0, "unavoidability": 0.0, "barrier_score": 0.64915769161521131, "neighborhood": "Poncey-Highland" }, "geometry": { "type": "LineString", "coordinates": [ [ -84.349773859460257, 33.773163226605853 ], [ -84.349686800000015, 33.7731604 ], [ -84.349574, 33.7731567 ], [ -84.3491288, 33.7731551 ], [ -84.3490757, 33.7731549 ], [ -84.349067660085325, 33.773154867872478 ] ] } },
{ "type": "Feature", "properties": { "edge_id": 66550, "segment_id": "91322e66-1b3d-4c33-a19d-06019f08331e", "u": "5d848374-61f8-4847-8d0c-534fe38c9804", "v": "7233fd3b-c9ba-4ff1-ab51-25031b71e187", "part": 0, "cls": "secondary", "subclass": null, "name": "North Avenue Northeast", "length_m": 28.727980931306938, "is_bridge": false, "is_tunnel": false, "is_structure": false, "walk_ok": true, "walk_oneway": false, "walk_restricted": false, "bike_ok": true, "bike_oneway": false, "bike_restricted": false, "bike_facility": "", "low_stress": false, "dem_gaps": [ ], "max_abs_grade": 0.093758119706723042, "elev_min": 286.1859130859375, "elev_max": 288.74749755859375, "cum_gain_fwd": 0.0, "cum_loss_fwd": 2.56158447265625, "net_change_fwd": -2.56158447265625, "avg_grade_fwd": -0.089166879568198507, "n_samples": 7, "d_abs_above_3": 28.727981567382812, "d_abs_above_5": 28.727981567382812, "d_abs_above_8": 28.727981567382812, "d_abs_above_10": 0.0, "d_abs_above_15": 0.0, "grade_reliable": true, "max_abs_grade_reliable": 0.093758119706723042, "shortest_use": 24, "flat_use": 0, "flat_use_per_objective": 0.0, "unavoidability": 0.0, "barrier_score": 0.64643555402158381, "neighborhood": "Old Fourth Ward" }, "geometry": { "type": "LineString", "coordinates": [ [ -84.3795679, 33.7712537 ], [ -84.3792579, 33.771250099999989 ], [ -84.379257899820871, 33.771250099998014 ] ] } },
{ "type": "Feature", "properties": { "edge_id": 90065, "segment_id": "1b3144da-6756-4261-a622-95964ead1c2c", "u": "ca375813-b5ba-4901-9cea-96e44ec36250", "v": "e4c2b2db-f34e-43b9-82ae-0e9b921d77ad", "part": 2, "cls": "secondary", "subclass": null, "name": "North Avenue Northeast", "length_m": 18.951508461058204, "is_bridge": false, "is_tunnel": false, "is_structure": false, "walk_ok": true, "walk_oneway": false, "walk_restricted": false, "bike_ok": true, "bike_oneway": false, "bike_restricted": false, "bike_facility": "", "low_stress": false, "dem_gaps": [ ], "max_abs_grade": 0.10646649582741465, "elev_min": 291.66543579101562, "elev_max": 293.63168334960938, "cum_gain_fwd": 0.0, "cum_loss_fwd": 1.96624755859375, "net_change_fwd": -1.96624755859375, "avg_grade_fwd": -0.10375151166741546, "n_samples": 5, "d_abs_above_3": 18.951507568359375, "d_abs_above_5": 18.951507568359375, "d_abs_above_8": 18.951507568359375, "d_abs_above_10": 18.951507568359375, "d_abs_above_15": 0.0, "grade_reliable": true, "max_abs_grade_reliable": 0.10646649582741465, "shortest_use": 32, "flat_use": 0, "flat_use_per_objective": 0.0, "unavoidability": 0.0, "barrier_score": 0.64566422287758929, "neighborhood": "Old Fourth Ward" }, "geometry": { "type": "LineString", "coordinates": [ [ -84.369557799898359, 33.77115559999875 ], [ -84.3693533, 33.7711531 ], [ -84.36935329995633, 33.771153099999459 ] ] } },
{ "type": "Feature", "properties": { "edge_id": 33444, "segment_id": "e7dd8ab5-5260-4a7f-b151-2aeacbdab93d", "u": "0572476b-e6ca-4b06-88cb-856363bf7b0a", "v": "4ef932e7-3482-4cfa-8179-c2779dee2b2f", "part": 1, "cls": "residential", "subclass": null, "name": "Fraser Street Southeast", "length_m": 129.58810827648026, "is_bridge": false, "is_tunnel": false, "is_structure": false, "walk_ok": true, "walk_oneway": true, "walk_restricted": false, "bike_ok": true, "bike_oneway": true, "bike_restricted": false, "bike_facility": "", "low_stress": true, "dem_gaps": [ ], "max_abs_grade": 0.12419110539298789, "elev_min": 279.707275390625, "elev_max": 290.35549926757812, "cum_gain_fwd": 0.0, "cum_loss_fwd": 10.648223876953125, "net_change_fwd": -10.648223876953125, "avg_grade_fwd": -0.082169763488253306, "n_samples": 27, "d_abs_above_3": 119.61978912353516, "d_abs_above_5": 109.65147399902344, "d_abs_above_8": 79.746528625488281, "d_abs_above_10": 34.889105796813965, "d_abs_above_15": 0.0, "grade_reliable": true, "max_abs_grade_reliable": 0.12419110539298789, "shortest_use": 4, "flat_use": 0, "flat_use_per_objective": 0.0, "unavoidability": 0.0, "barrier_score": 0.64374761650569146, "neighborhood": "Peoplestown" }, "geometry": { "type": "LineString", "coordinates": [ [ -84.386254100061677, 33.730475400847865 ], [ -84.3863389, 33.7316412 ], [ -84.386338900065638, 33.73164120089335 ] ] } },
{ "type": "Feature", "properties": { "edge_id": 107077, "segment_id": "66316118-9ef7-4893-8a98-fecfc49db359", "u": "d0f502b2-e9b3-4c7b-ad39-c16d8f6ffce2", "v": "f8621737-8be8-4568-a24f-0b704e0d8232", "part": 0, "cls": "residential", "subclass": null, "name": "Castlewood Drive Northwest", "length_m": 63.696557354086139, "is_bridge": false, "is_tunnel": false, "is_structure": false, "walk_ok": true, "walk_oneway": false, "walk_restricted": false, "bike_ok": true, "bike_oneway": false, "bike_restricted": false, "bike_facility": "", "low_stress": true, "dem_gaps": [ ], "max_abs_grade": 0.1258824762500354, "elev_min": 281.13931274414062, "elev_max": 287.75762939453125, "cum_gain_fwd": 6.618316650390625, "cum_loss_fwd": -0.0, "net_change_fwd": 6.618316650390625, "avg_grade_fwd": 0.10390383808040284, "n_samples": 14, "d_abs_above_3": 63.696556091308594, "d_abs_above_5": 63.696556091308594, "d_abs_above_8": 53.897087097167969, "d_abs_above_10": 44.097618103027344, "d_abs_above_15": 0.0, "grade_reliable": true, "max_abs_grade_reliable": 0.1258824762500354, "shortest_use": 8, "flat_use": 0, "flat_use_per_objective": 0.0, "unavoidability": 0.0, "barrier_score": 0.64146242946678134, "neighborhood": "Castlewood" }, "geometry": { "type": "LineString", "coordinates": [ [ -84.408249, 33.835101 ], [ -84.407792, 33.835062 ], [ -84.407564916210774, 33.835040453352754 ] ] } },
{ "type": "Feature", "properties": { "edge_id": 33228, "segment_id": "4229aeef-a1cd-42ff-9671-1293c671b0d1", "u": "17c33152-1fba-4378-b6df-d26ec7beec7a", "v": "07189e1e-e762-4159-9d0d-86e1cb2c600e", "part": 0, "cls": "residential", "subclass": null, "name": "Fern Avenue Southeast", "length_m": 198.43910601445097, "is_bridge": false, "is_tunnel": false, "is_structure": false, "walk_ok": true, "walk_oneway": false, "walk_restricted": false, "bike_ok": true, "bike_oneway": false, "bike_restricted": false, "bike_facility": "", "low_stress": true, "dem_gaps": [ ], "max_abs_grade": 0.080671007587897497, "elev_min": 293.52203369140625, "elev_max": 301.69662475585938, "cum_gain_fwd": 1.764678955078125, "cum_loss_fwd": 8.174591064453125, "net_change_fwd": -6.409912109375, "avg_grade_fwd": -0.03230165848962372, "n_samples": 41, "d_abs_above_3": 148.82933044433594, "d_abs_above_5": 99.219551086425781, "d_abs_above_8": 4.9609832763671875, "d_abs_above_10": 0.0, "d_abs_above_15": 0.0, "grade_reliable": true, "max_abs_grade_reliable": 0.080671007587897497, "shortest_use": 4, "flat_use": 0, "flat_use_per_objective": 0.0, "unavoidability": 0.0, "barrier_score": 0.64033130508109481, "neighborhood": "Peoplestown" }, "geometry": { "type": "LineString", "coordinates": [ [ -84.385153, 33.7283497 ], [ -84.385174599998479, 33.726561300126221 ] ] } },
{ "type": "Feature", "properties": { "edge_id": 18829, "segment_id": "a21a2812-742f-40db-9432-36ec06350f08", "u": "d560bc29-19b9-4867-9723-951666799ea3", "v": "2dcc3d52-3427-4ffc-b9c4-6930182be617", "part": 0, "cls": "secondary", "subclass": null, "name": "Ralph David Abernathy Boulevard", "length_m": 13.975001414122698, "is_bridge": false, "is_tunnel": false, "is_structure": false, "walk_ok": true, "walk_oneway": false, "walk_restricted": false, "bike_ok": true, "bike_oneway": false, "bike_restricted": false, "bike_facility": "", "low_stress": false, "dem_gaps": [ ], "max_abs_grade": 0.10907057810264346, "elev_min": 312.85809326171875, "elev_max": 313.51220703125, "cum_gain_fwd": 0.65411376953125, "cum_loss_fwd": 0.00921630859375, "net_change_fwd": 0.6448974609375, "avg_grade_fwd": 0.04614650442399066, "n_samples": 4, "d_abs_above_3": 9.3166675567626953, "d_abs_above_5": 4.6583337783813477, "d_abs_above_8": 4.6583337783813477, "d_abs_above_10": 4.6583337783813477, "d_abs_above_15": 0.0, "grade_reliable": false, "max_abs_grade_reliable": null, "shortest_use": 42, "flat_use": 28, "flat_use_per_objective": 9.3333333333333339, "unavoidability": 0.22222222222222224, "barrier_score": 0.64018982295392146, "neighborhood": "Westview" }, "geometry": { "type": "LineString", "coordinates": [ [ -84.4328694, 33.7390328 ], [ -84.4327187, 33.7390291 ] ] } },
{ "type": "Feature", "properties": { "edge_id": 24007, "segment_id": "a2a9b317-c4f6-4455-86ba-6eb061be2230", "u": "3a116f15-ca7e-496b-8fd7-250c69bb6f67", "v": "42b6cb32-82b0-4117-a6ee-25d40613ec9c", "part": 0, "cls": "residential", "subclass": null, "name": "Broadwell Street Southwest", "length_m": 37.439734481077608, "is_bridge": false, "is_tunnel": false, "is_structure": false, "walk_ok": true, "walk_oneway": false, "walk_restricted": false, "bike_ok": true, "bike_oneway": false, "bike_restricted": false, "bike_facility": "", "low_stress": true, "dem_gaps": [ ], "max_abs_grade": 0.12056487274061092, "elev_min": 286.506103515625, "elev_max": 290.5361328125, "cum_gain_fwd": 4.030029296875, "cum_loss_fwd": -0.0, "net_change_fwd": 4.030029296875, "avg_grade_fwd": 0.10764043208272735, "n_samples": 9, "d_abs_above_3": 37.439735412597656, "d_abs_above_5": 37.439735412597656, "d_abs_above_8": 37.439735412597656, "d_abs_above_10": 28.079801559448242, "d_abs_above_15": 0.0, "grade_reliable": true, "max_abs_grade_reliable": 0.12056487274061092, "shortest_use": 14, "flat_use": 44, "flat_use_per_objective": 14.666666666666666, "unavoidability": 1.0, "barrier_score": 0.63194835524147386, "neighborhood": "Sylvan Hills" }, "geometry": { "type": "LineString", "coordinates": [ [ -84.414736, 33.705294 ], [ -84.414768, 33.705143 ], [ -84.414775, 33.704959 ] ] } },
{ "type": "Feature", "properties": { "edge_id": 51158, "segment_id": "8107f50d-6961-4cca-8ad6-97ee11fe76f0", "u": "ea6469bc-8109-4133-ba8f-e89ac45279d0", "v": "2eeca572-43b7-43ef-8d61-e8ad48741079", "part": 0, "cls": "residential", "subclass": null, "name": "Sunset Avenue Northwest", "length_m": 101.76788530952757, "is_bridge": false, "is_tunnel": false, "is_structure": false, "walk_ok": true, "walk_oneway": false, "walk_restricted": false, "bike_ok": true, "bike_oneway": false, "bike_restricted": false, "bike_facility": "", "low_stress": true, "dem_gaps": [ ], "max_abs_grade": 0.1024958004493165, "elev_min": 276.46514892578125, "elev_max": 282.80938720703125, "cum_gain_fwd": 6.34423828125, "cum_loss_fwd": -0.0, "net_change_fwd": 6.34423828125, "avg_grade_fwd": 0.062340279422921793, "n_samples": 22, "d_abs_above_3": 82.383523941040039, "d_abs_above_5": 72.69134521484375, "d_abs_above_8": 33.922630310058594, "d_abs_above_10": 9.6921768188476562, "d_abs_above_15": 0.0, "grade_reliable": true, "max_abs_grade_reliable": 0.1024958004493165, "shortest_use": 6, "flat_use": 0, "flat_use_per_objective": 0.0, "unavoidability": 0.0, "barrier_score": 0.62584685189005596, "neighborhood": "English Avenue" }, "geometry": { "type": "LineString", "coordinates": [ [ -84.409947, 33.766375 ], [ -84.409932, 33.767231 ], [ -84.409918, 33.767291 ] ] } },
{ "type": "Feature", "properties": { "edge_id": 16476, "segment_id": "e682c527-e331-4c01-9ef5-eb07eb5871e7", "u": "f63c9a80-767d-4bcf-9cf9-f413c12c0fad", "v": "404b3f3c-4e74-433b-a725-5848ecb573d5", "part": 0, "cls": "tertiary", "subclass": null, "name": "Avon Avenue Southwest", "length_m": 91.97059192627944, "is_bridge": false, "is_tunnel": false, "is_structure": false, "walk_ok": true, "walk_oneway": false, "walk_restricted": false, "bike_ok": true, "bike_oneway": false, "bike_restricted": false, "bike_facility": "", "low_stress": false, "dem_gaps": [ ], "max_abs_grade": 0.084935011330966162, "elev_min": 295.49990844726562, "elev_max": 300.65142822265625, "cum_gain_fwd": 5.151519775390625, "cum_loss_fwd": -0.0, "net_change_fwd": 5.151519775390625, "avg_grade_fwd": 0.056012686763222089, "n_samples": 20, "d_abs_above_3": 82.289474487304688, "d_abs_above_5": 53.246131896972656, "d_abs_above_8": 14.521672248840332, "d_abs_above_10": 0.0, "d_abs_above_15": 0.0, "grade_reliable": true, "max_abs_grade_reliable": 0.084935011330966162, "shortest_use": 8, "flat_use": 0, "flat_use_per_objective": 0.0, "unavoidability": 0.0, "barrier_score": 0.62492186138993677, "neighborhood": "Cascade Avenue/Road" }, "geometry": { "type": "LineString", "coordinates": [ [ -84.442172, 33.722513 ], [ -84.442362, 33.722514 ], [ -84.443164, 33.722517 ] ] } },
{ "type": "Feature", "properties": { "edge_id": 12164, "segment_id": "f553fd9d-872f-44f6-8f15-6c7ea5d3404c", "u": "bfcd3cb4-4e84-4d19-8563-1955477ba0cb", "v": "ef8f6856-f1cf-4067-b7f1-d2a52ae104e4", "part": 1, "cls": "tertiary", "subclass": null, "name": "Lynhurst Drive Southwest", "length_m": 45.263735043480764, "is_bridge": false, "is_tunnel": false, "is_structure": false, "walk_ok": true, "walk_oneway": false, "walk_restricted": false, "bike_ok": true, "bike_oneway": false, "bike_restricted": false, "bike_facility": "", "low_stress": false, "dem_gaps": [ ], "max_abs_grade": 0.097876079550440545, "elev_min": 269.4688720703125, "elev_max": 271.94659423828125, "cum_gain_fwd": 0.0, "cum_loss_fwd": 2.47772216796875, "net_change_fwd": -2.47772216796875, "avg_grade_fwd": -0.054739673461565462, "n_samples": 11, "d_abs_above_3": 45.263736724853516, "d_abs_above_5": 22.631868362426758, "d_abs_above_8": 9.0527467727661133, "d_abs_above_10": 0.0, "d_abs_above_15": 0.0, "grade_reliable": true, "max_abs_grade_reliable": 0.097876079550440545, "shortest_use": 14, "flat_use": 39, "flat_use_per_objective": 13.0, "unavoidability": 0.9285714285714286, "barrier_score": 0.62023317046121018, "neighborhood": null }, "geometry": { "type": "LineString", "coordinates": [ [ -84.488055438576666, 33.751166145032904 ], [ -84.4881547, 33.7507674 ], [ -84.488154884834159, 33.750766717889583 ] ] } },
{ "type": "Feature", "properties": { "edge_id": 46573, "segment_id": "0b7b90e8-470c-4cf6-b23f-fa06b03e3c4e", "u": "6f850da4-da47-45cf-9da3-b2935b855121", "v": "81eb7c7c-9549-4fa3-ad60-6a1f28d0b519", "part": 0, "cls": "tertiary", "subclass": null, "name": "Forrest Park Road Southeast", "length_m": 9.4438372576251908, "is_bridge": true, "is_tunnel": false, "is_structure": true, "walk_ok": true, "walk_oneway": false, "walk_restricted": false, "bike_ok": true, "bike_oneway": false, "bike_restricted": false, "bike_facility": "", "low_stress": false, "dem_gaps": [ ], "max_abs_grade": 0.093376868111454986, "elev_min": 283.30288696289062, "elev_max": 284.18466186523438, "cum_gain_fwd": 0.0, "cum_loss_fwd": 0.88177490234375, "net_change_fwd": -0.88177490234375, "avg_grade_fwd": -0.0933704051499301, "n_samples": 3, "d_abs_above_3": 9.4438371658325195, "d_abs_above_5": 9.4438371658325195, "d_abs_above_8": 9.4438371658325195, "d_abs_above_10": 0.0, "d_abs_above_15": 0.0, "grade_reliable": false, "max_abs_grade_reliable": null, "shortest_use": 70, "flat_use": 210, "flat_use_per_objective": 70.0, "unavoidability": 1.0, "barrier_score": 0.61728516224991847, "neighborhood": "South River Gardens" }, "geometry": { "type": "LineString", "coordinates": [ [ -84.355424, 33.665963 ], [ -84.35544, 33.665879 ], [ -84.35544001715347, 33.665878945896061 ] ] } },
{ "type": "Feature", "properties": { "edge_id": 10643, "segment_id": "eac1db3e-efe8-4268-8c5b-f643ddfa3465", "u": "cf7a400b-7baa-49c5-9eef-d18b016c2e45", "v": "1f4fb427-908a-4901-abf7-5dc8766686e8", "part": 0, "cls": "residential", "subclass": null, "name": "Larchwood Road Southwest", "length_m": 63.321678160359276, "is_bridge": false, "is_tunnel": false, "is_structure": false, "walk_ok": true, "walk_oneway": false, "walk_restricted": false, "bike_ok": true, "bike_oneway": false, "bike_restricted": false, "bike_facility": "", "low_stress": true, "dem_gaps": [ ], "max_abs_grade": 0.1212834600683778, "elev_min": 298.21563720703125, "elev_max": 305.4639892578125, "cum_gain_fwd": 0.0, "cum_loss_fwd": 7.24835205078125, "net_change_fwd": -7.24835205078125, "avg_grade_fwd": -0.11446872952862508, "n_samples": 14, "d_abs_above_3": 63.321678161621094, "d_abs_above_5": 63.321678161621094, "d_abs_above_8": 63.321678161621094, "d_abs_above_10": 58.450779914855957, "d_abs_above_15": 0.0, "grade_reliable": true, "max_abs_grade_reliable": 0.1212834600683778, "shortest_use": 8, "flat_use": 0, "flat_use_per_objective": 0.0, "unavoidability": 0.0, "barrier_score": 0.61438977796996841, "neighborhood": "Florida Heights" }, "geometry": { "type": "LineString", "coordinates": [ [ -84.463149, 33.747578 ], [ -84.462466, 33.747564 ] ] } },
{ "type": "Feature", "properties": { "edge_id": 1177, "segment_id": "3a73d253-b2fc-46c1-af70-49a8d5b36128", "u": "c2d40f6c-e865-4d48-948b-2b197c6f58b7", "v": "f44f9ca9-9b70-416b-9623-5353e3b9fd11", "part": 0, "cls": "residential", "subclass": null, "name": "Daniel Road Southwest", "length_m": 311.30081248616852, "is_bridge": false, "is_tunnel": false, "is_structure": false, "walk_ok": true, "walk_oneway": false, "walk_restricted": false, "bike_ok": true, "bike_oneway": false, "bike_restricted": false, "bike_facility": "", "low_stress": true, "dem_gaps": [ ], "max_abs_grade": 0.098112601595889221, "elev_min": 281.9434814453125, "elev_max": 291.7822265625, "cum_gain_fwd": 0.77545166015625, "cum_loss_fwd": 10.0537109375, "net_change_fwd": -9.27825927734375, "avg_grade_fwd": -0.02980480270726386, "n_samples": 64, "d_abs_above_3": 148.23847579956055, "d_abs_above_5": 98.825660705566406, "d_abs_above_8": 19.765129089355469, "d_abs_above_10": 0.0, "d_abs_above_15": 0.0, "grade_reliable": true, "max_abs_grade_reliable": 0.098112601595889221, "shortest_use": 2, "flat_use": 0, "flat_use_per_objective": 0.0, "unavoidability": 0.0, "barrier_score": 0.6108506518386414, "neighborhood": "Fairburn" }, "geometry": { "type": "LineString", "coordinates": [ [ -84.518921, 33.6932853 ], [ -84.5184392, 33.6930803 ], [ -84.5183694, 33.693027 ], [ -84.518335, 33.6929381 ], [ -84.518307, 33.69247 ], [ -84.5182635, 33.6917621 ], [ -84.518314, 33.6914824 ], [ -84.5183288, 33.6913383 ], [ -84.5183066, 33.6912369 ], [ -84.518261800000019, 33.6911543 ], [ -84.5180961, 33.6907975 ] ] } },
{ "type": "Feature", "properties": { "edge_id": 48648, "segment_id": "90d1fbb5-7998-4296-a48b-1297c353f24d", "u": "d128f3b4-fae1-4fb7-a919-0dbcdaa62b0e", "v": "229d8b42-72d4-44d1-a189-10112ca0e07e", "part": 0, "cls": "residential", "subclass": null, "name": "Ezra Church Drive Northwest", "length_m": 350.54058708325732, "is_bridge": false, "is_tunnel": false, "is_structure": false, "walk_ok": true, "walk_oneway": false, "walk_restricted": false, "bike_ok": true, "bike_oneway": false, "bike_restricted": false, "bike_facility": "", "low_stress": true, "dem_gaps": [ ], "max_abs_grade": 0.086993608683289855, "elev_min": 288.664306640625, "elev_max": 293.11074829101562, "cum_gain_fwd": 4.362335205078125, "cum_loss_fwd": 5.20654296875, "net_change_fwd": -0.844207763671875, "avg_grade_fwd": -0.0024083024667013856, "n_samples": 72, "d_abs_above_3": 118.49260902404785, "d_abs_above_5": 49.371917724609375, "d_abs_above_8": 14.81158447265625, "d_abs_above_10": 0.0, "d_abs_above_15": 0.0, "grade_reliable": true, "max_abs_grade_reliable": 0.086993608683289855, "shortest_use": 2, "flat_use": 0, "flat_use_per_objective": 0.0, "unavoidability": 0.0, "barrier_score": 0.60989581320663155, "neighborhood": "West Lake" }, "geometry": { "type": "LineString", "coordinates": [ [ -84.437858, 33.756628 ], [ -84.438102, 33.756668 ], [ -84.438313, 33.756718 ], [ -84.438517, 33.756786 ], [ -84.43872, 33.756873 ], [ -84.439022, 33.757046 ], [ -84.439415, 33.757318 ], [ -84.439599, 33.757469 ], [ -84.439736, 33.757607 ], [ -84.439859, 33.757754 ], [ -84.439966, 33.75791 ], [ -84.440057, 33.758073 ], [ -84.44013, 33.758242 ], [ -84.44019, 33.758432 ], [ -84.440223, 33.758608 ], [ -84.440235, 33.758782 ] ] } },
{ "type": "Feature", "properties": { "edge_id": 115366, "segment_id": "47a43f1f-0a0a-4306-9ad3-954556d360ca", "u": "415d20c9-9ff7-46be-bad2-7c8d61367cbe", "v": "7841b236-3fbb-4d74-8bec-0a76d86a4a2b", "part": 3, "cls": "tertiary", "subclass": null, "name": "Old Ivy Road Northeast", "length_m": 31.897378621542945, "is_bridge": false, "is_tunnel": false, "is_structure": false, "walk_ok": true, "walk_oneway": false, "walk_restricted": false, "bike_ok": true, "bike_oneway": false, "bike_restricted": false, "bike_facility": "", "low_stress": false, "dem_gaps": [ ], "max_abs_grade": 0.10545407208444831, "elev_min": 266.75421142578125, "elev_max": 269.43704223632812, "cum_gain_fwd": 0.0, "cum_loss_fwd": 2.682830810546875, "net_change_fwd": -2.682830810546875, "avg_grade_fwd": -0.084108190116455289, "n_samples": 8, "d_abs_above_3": 31.897378921508789, "d_abs_above_5": 31.897378921508789, "d_abs_above_8": 18.227073669433594, "d_abs_above_10": 4.5567684173583984, "d_abs_above_15": 0.0, "grade_reliable": true, "max_abs_grade_reliable": 0.10545407208444831, "shortest_use": 18, "flat_use": 6, "flat_use_per_objective": 2.0, "unavoidability": 0.1111111111111111, "barrier_score": 0.60546752360300349, "neighborhood": "North Buckhead" }, "geometry": { "type": "LineString", "coordinates": [ [ -84.374026140982139, 33.857451398790694 ], [ -84.373748, 33.857402 ], [ -84.373689, 33.857392 ] ] } },
{ "type": "Feature", "properties": { "edge_id": 49785, "segment_id": "a1b920e6-2af1-414f-8ac9-18e32bbe849b", "u": "6b2ec202-1105-485e-9c7e-c58ff6b9d5ea", "v": "cf9328b9-7191-41c5-8708-e5f2f2ba589c", "part": 4, "cls": "footway", "subclass": null, "name": null, "length_m": 61.412219462964615, "is_bridge": false, "is_tunnel": false, "is_structure": false, "walk_ok": true, "walk_oneway": false, "walk_restricted": false, "bike_ok": true, "bike_oneway": false, "bike_restricted": false, "bike_facility": "shared_path", "low_stress": true, "dem_gaps": [ ], "max_abs_grade": 0.098529279950386517, "elev_min": 319.38909912109375, "elev_max": 322.36428833007812, "cum_gain_fwd": 0.0, "cum_loss_fwd": 2.975189208984375, "net_change_fwd": -2.975189208984375, "avg_grade_fwd": -0.048446208408118717, "n_samples": 14, "d_abs_above_3": 47.240171432495117, "d_abs_above_5": 18.896068572998047, "d_abs_above_8": 14.172050476074219, "d_abs_above_10": 0.0, "d_abs_above_15": 0.0, "grade_reliable": true, "max_abs_grade_reliable": 0.098529279950386517, "shortest_use": 10, "flat_use": 0, "flat_use_per_objective": 0.0, "unavoidability": 0.0, "barrier_score": 0.60509017638410156, "neighborhood": "Atlanta University Center" }, "geometry": { "type": "LineString", "coordinates": [ [ -84.41623384017764, 33.749285063638524 ], [ -84.4168582, 33.7492603 ], [ -84.4168937, 33.7492585 ], [ -84.416895668215645, 33.749258404052732 ] ] } },
{ "type": "Feature", "properties": { "edge_id": 29744, "segment_id": "541d2582-806e-48fa-8596-a3161176917b", "u": "02c7a5d2-54d0-471b-af16-4b9a2e521974", "v": "8e05cd75-fde2-4ca4-83e7-0806c7182c51", "part": 1, "cls": "service", "subclass": null, "name": null, "length_m": 50.843783935628167, "is_bridge": false, "is_tunnel": false, "is_structure": false, "walk_ok": true, "walk_oneway": false, "walk_restricted": false, "bike_ok": true, "bike_oneway": false, "bike_restricted": false, "bike_facility": "", "low_stress": false, "dem_gaps": [ ], "max_abs_grade": 0.084762204131748925, "elev_min": 305.5484619140625, "elev_max": 307.66500854492188, "cum_gain_fwd": 2.116546630859375, "cum_loss_fwd": -0.0, "net_change_fwd": 2.116546630859375, "avg_grade_fwd": 0.041628424371940413, "n_samples": 12, "d_abs_above_3": 27.732973098754883, "d_abs_above_5": 23.110811233520508, "d_abs_above_8": 4.6221623420715332, "d_abs_above_10": 0.0, "d_abs_above_15": 0.0, "grade_reliable": true, "max_abs_grade_reliable": 0.084762204131748925, "shortest_use": 14, "flat_use": 0, "flat_use_per_objective": 0.0, "unavoidability": 0.0, "barrier_score": 0.60334836698951522, "neighborhood": "Mechanicsville" }, "geometry": { "type": "LineString", "coordinates": [ [ -84.398704934824309, 33.737050539871639 ], [ -84.3987027, 33.7370947 ], [ -84.3986989, 33.7371682 ], [ -84.398692, 33.7373021 ], [ -84.3986222, 33.7373512 ], [ -84.3984801, 33.7373523 ], [ -84.398466339574895, 33.73735238520387 ] ] } },
{ "type": "Feature", "properties": { "edge_id": 81124, "segment_id": "c04f7625-d6ed-4c6a-9e73-2f45ffe941b9", "u": "1463c09d-5e59-4ee2-97c8-40e79e0ec1f1", "v": "98fe72f8-9c40-4ded-99d7-c3e2556cc626", "part": 2, "cls": "secondary", "subclass": null, "name": "Decatur Street Southeast", "length_m": 68.422163095657737, "is_bridge": false, "is_tunnel": false, "is_structure": false, "walk_ok": true, "walk_oneway": false, "walk_restricted": false, "bike_ok": true, "bike_oneway": false, "bike_restricted": false, "bike_facility": "", "low_stress": false, "dem_gaps": [ ], "max_abs_grade": 0.14687755624519971, "elev_min": 311.95989990234375, "elev_max": 314.19351196289062, "cum_gain_fwd": 0.0, "cum_loss_fwd": 2.233612060546875, "net_change_fwd": -2.233612060546875, "avg_grade_fwd": -0.032644568660705621, "n_samples": 15, "d_abs_above_3": 19.549190521240234, "d_abs_above_5": 14.661895751953125, "d_abs_above_8": 14.661895751953125, "d_abs_above_10": 9.77459716796875, "d_abs_above_15": 0.0, "grade_reliable": true, "max_abs_grade_reliable": 0.14687755624519971, "shortest_use": 6, "flat_use": 0, "flat_use_per_objective": 0.0, "unavoidability": 0.0, "barrier_score": 0.60298080651004182, "neighborhood": "Sweet Auburn" }, "geometry": { "type": "LineString", "coordinates": [ [ -84.371901944008513, 33.751222490680483 ], [ -84.3719016, 33.7512226 ], [ -84.3716568, 33.7513004 ], [ -84.371211924721237, 33.751441692148553 ] ] } },
{ "type": "Feature", "properties": { "edge_id": 50933, "segment_id": "f778a7e3-d67d-469e-b059-69bb9bd58797", "u": "7b64bb6e-dd76-4eb2-8f05-a6253a17e526", "v": "dd3a4642-0a74-42b7-9eb0-92eb0acecc7f", "part": 1, "cls": "footway", "subclass": null, "name": null, "length_m": 50.862245599233546, "is_bridge": false, "is_tunnel": false, "is_structure": false, "walk_ok": true, "walk_oneway": false, "walk_restricted": false, "bike_ok": true, "bike_oneway": false, "bike_restricted": false, "bike_facility": "shared_path", "low_stress": true, "dem_gaps": [ ], "max_abs_grade": 0.11796932089801127, "elev_min": 283.83221435546875, "elev_max": 286.19747924804688, "cum_gain_fwd": 2.365264892578125, "cum_loss_fwd": 1.167144775390625, "net_change_fwd": 1.1981201171875, "avg_grade_fwd": 0.023556177260233884, "n_samples": 12, "d_abs_above_3": 46.238407135009766, "d_abs_above_5": 32.366888046264648, "d_abs_above_8": 18.495365142822266, "d_abs_above_10": 13.871523857116699, "d_abs_above_15": 0.0, "grade_reliable": true, "max_abs_grade_reliable": 0.11796932089801127, "shortest_use": 10, "flat_use": 0, "flat_use_per_objective": 0.0, "unavoidability": 0.0, "barrier_score": 0.60001845726894443, "neighborhood": "Vine City" }, "geometry": { "type": "LineString", "coordinates": [ [ -84.407667092479656, 33.761313589354671 ], [ -84.4076634, 33.7613145 ], [ -84.4075288, 33.7613473 ], [ -84.4073393, 33.7614237 ], [ -84.4071992, 33.7615087 ], [ -84.407183319863293, 33.76152043365655 ] ] } },
{ "type": "Feature", "properties": { "edge_id": 61804, "segment_id": "d6df9f81-fa9d-446b-8ba1-f395bf5ed492", "u": "3b87b2a9-6bc7-46c3-a9d4-285673dce8e9", "v": "b049936a-7f47-43f3-8678-0e36369fa715", "part": 1, "cls": "tertiary", "subclass": null, "name": "Collier Road Northwest", "length_m": 17.763826250798974, "is_bridge": false, "is_tunnel": false, "is_structure": false, "walk_ok": true, "walk_oneway": false, "walk_restricted": false, "bike_ok": true, "bike_oneway": false, "bike_restricted": false, "bike_facility": "", "low_stress": false, "dem_gaps": [ ], "max_abs_grade": 0.080270046412885057, "elev_min": 280.11444091796875, "elev_max": 281.32070922851562, "cum_gain_fwd": 0.0, "cum_loss_fwd": 1.206268310546875, "net_change_fwd": -1.206268310546875, "avg_grade_fwd": -0.067905882742009038, "n_samples": 5, "d_abs_above_3": 17.763826370239258, "d_abs_above_5": 17.763826370239258, "d_abs_above_8": 4.4409570693969727, "d_abs_above_10": 0.0, "d_abs_above_15": 0.0, "grade_reliable": true, "max_abs_grade_reliable": 0.080270046412885057, "shortest_use": 42, "flat_use": 0, "flat_use_per_objective": 0.0, "unavoidability": 0.0, "barrier_score": 0.59887932620126505, "neighborhood": "Ardmore" }, "geometry": { "type": "LineString", "coordinates": [ [ -84.394025596604465, 33.806766448772905 ], [ -84.3941897, 33.8068493 ], [ -84.39418970434545, 33.806849302212548 ] ] } },
{ "type": "Feature", "properties": { "edge_id": 51067, "segment_id": "03620e61-d63d-40b0-b1b6-e9f6f4111382", "u": "86a3fa31-e345-4b4d-bd6f-de271048c910", "v": "7eb88701-2aaa-4a82-a5f1-ef41e859b66b", "part": 2, "cls": "residential", "subclass": null, "name": "Sunset Avenue Northwest", "length_m": 77.954698410479594, "is_bridge": false, "is_tunnel": false, "is_structure": false, "walk_ok": true, "walk_oneway": false, "walk_restricted": false, "bike_ok": true, "bike_oneway": false, "bike_restricted": false, "bike_facility": "", "low_stress": true, "dem_gaps": [ ], "max_abs_grade": 0.12785999477767743, "elev_min": 278.0963134765625, "elev_max": 285.85870361328125, "cum_gain_fwd": 0.0, "cum_loss_fwd": 7.76239013671875, "net_change_fwd": -7.76239013671875, "avg_grade_fwd": -0.099575657013266622, "n_samples": 17, "d_abs_above_3": 77.954696655273438, "d_abs_above_5": 73.082528114318848, "d_abs_above_8": 63.338190078735352, "d_abs_above_10": 43.849517822265625, "d_abs_above_15": 0.0, "grade_reliable": true, "max_abs_grade_reliable": 0.12785999477767743, "shortest_use": 6, "flat_use": 0, "flat_use_per_objective": 0.0, "unavoidability": 0.0, "barrier_score": 0.59803723989956037, "neighborhood": "English Avenue" }, "geometry": { "type": "LineString", "coordinates": [ [ -84.409983700545723, 33.764918983093416 ], [ -84.4099837, 33.764919 ], [ -84.40996440017615, 33.765621393589605 ] ] } },
{ "type": "Feature", "properties": { "edge_id": 42133, "segment_id": "16ec5698-d0c0-4d1f-b932-36be691b7fe3", "u": "0f4a018c-2f56-4b76-ace8-80d8a84604b1", "v": "511d6986-e81c-4bfe-9682-d87a4eab846c", "part": 2, "cls": "residential", "subclass": null, "name": "Muse Street Southeast", "length_m": 107.13413870093669, "is_bridge": false, "is_tunnel": false, "is_structure": false, "walk_ok": true, "walk_oneway": false, "walk_restricted": false, "bike_ok": true, "bike_oneway": false, "bike_restricted": false, "bike_facility": "", "low_stress": true, "dem_gaps": [ ], "max_abs_grade": 0.13931070030574091, "elev_min": 298.87857055664062, "elev_max": 310.906005859375, "cum_gain_fwd": 12.027435302734375, "cum_loss_fwd": -0.0, "net_change_fwd": 12.027435302734375, "avg_grade_fwd": 0.11226519670657613, "n_samples": 23, "d_abs_above_3": 107.13414001464844, "d_abs_above_5": 102.26440620422363, "d_abs_above_8": 92.52493953704834, "d_abs_above_10": 77.915733337402344, "d_abs_above_15": 0.0, "grade_reliable": true, "max_abs_grade_reliable": 0.13931070030574091, "shortest_use": 4, "flat_use": 0, "flat_use_per_objective": 0.0, "unavoidability": 0.0, "barrier_score": 0.59699727556319482, "neighborhood": "Grant Park" }, "geometry": { "type": "LineString", "coordinates": [ [ -84.36345111025247, 33.740990282703329 ], [ -84.363964, 33.740125 ] ] } },
{ "type": "Feature", "properties": { "edge_id": 58410, "segment_id": "d941d86a-b06d-4196-ae14-e53d90020a4e", "u": "83481d09-72a1-481c-ba25-ce0784db9415", "v": "2f014175-4e58-4aeb-b045-7102b48844d2", "part": 0, "cls": "residential", "subclass": null, "name": "Channing Drive Northwest", "length_m": 245.66968966579759, "is_bridge": false, "is_tunnel": false, "is_structure": false, "walk_ok": true, "walk_oneway": false, "walk_restricted": false, "bike_ok": true, "bike_oneway": false, "bike_restricted": false, "bike_facility": "", "low_stress": true, "dem_gaps": [ ], "max_abs_grade": 0.11929044359697395, "elev_min": 257.0584716796875, "elev_max": 273.4989013671875, "cum_gain_fwd": 16.4404296875, "cum_loss_fwd": -0.0, "net_change_fwd": 16.4404296875, "avg_grade_fwd": 0.06692087040609225, "n_samples": 51, "d_abs_above_3": 181.79557418823242, "d_abs_above_5": 137.57502746582031, "d_abs_above_8": 88.441085815429688, "d_abs_above_10": 73.700912475585938, "d_abs_above_15": 0.0, "grade_reliable": true, "max_abs_grade_reliable": 0.11929044359697395, "shortest_use": 2, "flat_use": 0, "flat_use_per_objective": 0.0, "unavoidability": 0.0, "barrier_score": 0.58612092517127845, "neighborhood": "Channing Valley" }, "geometry": { "type": "LineString", "coordinates": [ [ -84.409541, 33.806874 ], [ -84.409611, 33.806987 ], [ -84.409705, 33.80711 ], [ -84.410112, 33.807547 ], [ -84.410284, 33.807703 ], [ -84.410374, 33.807764 ], [ -84.410471, 33.807818 ], [ -84.410591, 33.807869 ], [ -84.410719, 33.807908 ], [ -84.410851, 33.807934 ], [ -84.410985, 33.807947 ], [ -84.411102, 33.807946 ], [ -84.411236, 33.807933 ], [ -84.411571, 33.807862 ], [ -84.4116072, 33.8078571 ] ] } },
{ "type": "Feature", "properties": { "edge_id": 14248, "segment_id": "c94763a8-0ea2-4b84-bd31-970e1ed94eec", "u": "088958eb-c5e9-454c-b0ac-905b0ccde19f", "v": "c7e1602a-2fc7-47c1-b30e-c10e80656eea", "part": 0, "cls": "residential", "subclass": null, "name": "Utoy Springs Road Southwest", "length_m": 19.228193969710336, "is_bridge": false, "is_tunnel": false, "is_structure": false, "walk_ok": true, "walk_oneway": false, "walk_restricted": false, "bike_ok": true, "bike_oneway": false, "bike_restricted": false, "bike_facility": "", "low_stress": true, "dem_gaps": [ ], "max_abs_grade": 0.10860390288332308, "elev_min": 261.04461669921875, "elev_max": 262.97589111328125, "cum_gain_fwd": 1.9312744140625, "cum_loss_fwd": -0.0, "net_change_fwd": 1.9312744140625, "avg_grade_fwd": 0.10043972335985588, "n_samples": 5, "d_abs_above_3": 19.228193283081055, "d_abs_above_5": 19.228193283081055, "d_abs_above_8": 19.228193283081055, "d_abs_above_10": 9.6140966415405273, "d_abs_above_15": 0.0, "grade_reliable": true, "max_abs_grade_reliable": 0.10860390288332308, "shortest_use": 28, "flat_use": 131, "flat_use_per_objective": 43.666666666666664, "unavoidability": 1.0, "barrier_score": 0.58471193494227358, "neighborhood": null }, "geometry": { "type": "LineString", "coordinates": [ [ -84.5076597, 33.7208977 ], [ -84.5076818, 33.7207316 ], [ -84.507683097571828, 33.720725507802001 ] ] } },
{ "type": "Feature", "properties": { "edge_id": 10653, "segment_id": "95af775a-001e-4fde-9a74-9beea41330da", "u": "17b9ca3d-bf1d-4945-87ee-a3ed6ecd4068", "v": "16e37ba5-9dcc-4700-a82e-f0affd1cd5f0", "part": 0, "cls": "residential", "subclass": null, "name": "Larchwood Road Southwest", "length_m": 76.186495830314882, "is_bridge": false, "is_tunnel": false, "is_structure": false, "walk_ok": true, "walk_oneway": false, "walk_restricted": false, "bike_ok": true, "bike_oneway": false, "bike_restricted": false, "bike_facility": "", "low_stress": true, "dem_gaps": [ ], "max_abs_grade": 0.095866333183255117, "elev_min": 289.64593505859375, "elev_max": 295.66928100585938, "cum_gain_fwd": 6.023345947265625, "cum_loss_fwd": -0.0, "net_change_fwd": 6.023345947265625, "avg_grade_fwd": 0.079060548877038422, "n_samples": 17, "d_abs_above_3": 76.186492919921875, "d_abs_above_5": 76.186492919921875, "d_abs_above_8": 38.093246459960938, "d_abs_above_10": 0.0, "d_abs_above_15": 0.0, "grade_reliable": true, "max_abs_grade_reliable": 0.095866333183255117, "shortest_use": 8, "flat_use": 0, "flat_use_per_objective": 0.0, "unavoidability": 0.0, "barrier_score": 0.58429759946669146, "neighborhood": "Florida Heights" }, "geometry": { "type": "LineString", "coordinates": [ [ -84.459609, 33.747536 ], [ -84.458787, 33.747533 ] ] } },
{ "type": "Feature", "properties": { "edge_id": 84531, "segment_id": "029e472e-b6ed-4af9-b337-5ed7af1c37ae", "u": "7f6a02ee-f6e3-469a-80c8-df16774cb07b", "v": "83d81088-0418-42e8-a42b-311591dfd5f9", "part": 1, "cls": "residential", "subclass": null, "name": "Walthall Street Southeast", "length_m": 158.18785990298625, "is_bridge": false, "is_tunnel": false, "is_structure": false, "walk_ok": true, "walk_oneway": false, "walk_restricted": false, "bike_ok": true, "bike_oneway": false, "bike_restricted": false, "bike_facility": "", "low_stress": true, "dem_gaps": [ ], "max_abs_grade": 0.092194006216644184, "elev_min": 299.86880493164062, "elev_max": 307.93145751953125, "cum_gain_fwd": 8.062652587890625, "cum_loss_fwd": 0.402618408203125, "net_change_fwd": 7.6600341796875, "avg_grade_fwd": 0.048423651972605383, "n_samples": 33, "d_abs_above_3": 118.64089965820312, "d_abs_above_5": 84.037297248840332, "d_abs_above_8": 39.546962738037109, "d_abs_above_10": 0.0, "d_abs_above_15": 0.0, "grade_reliable": true, "max_abs_grade_reliable": 0.092194006216644184, "shortest_use": 4, "flat_use": 3, "flat_use_per_objective": 1.0, "unavoidability": 0.25, "barrier_score": 0.58335890157174208, "neighborhood": "Reynoldstown" }, "geometry": { "type": "LineString", "coordinates": [ [ -84.351684999994603, 33.752405400219651 ], [ -84.351685, 33.7524054 ], [ -84.351719, 33.75098 ] ] } },
{ "type": "Feature", "properties": { "edge_id": 54814, "segment_id": "f982c569-727d-49db-8f76-26314fe09c52", "u": "2486ce68-aca6-4156-84d0-fcb432fff744", "v": "2e8da9de-c8f8-42ce-8a9f-1017b3309477", "part": 2, "cls": "path", "subclass": null, "name": null, "length_m": 76.531467454044403, "is_bridge": false, "is_tunnel": false, "is_structure": false, "walk_ok": true, "walk_oneway": false, "walk_restricted": false, "bike_ok": true, "bike_oneway": false, "bike_restricted": false, "bike_facility": "shared_path", "low_stress": true, "dem_gaps": [ ], "max_abs_grade": 0.094693998643423288, "elev_min": 255.30101013183594, "elev_max": 259.41622924804688, "cum_gain_fwd": 4.1152191162109375, "cum_loss_fwd": 0.7457122802734375, "net_change_fwd": 3.3695068359375, "avg_grade_fwd": 0.044027728472945178, "n_samples": 17, "d_abs_above_3": 71.748254776000977, "d_abs_above_5": 62.181822776794434, "d_abs_above_8": 14.349649906158447, "d_abs_above_10": 0.0, "d_abs_above_15": 0.0, "grade_reliable": true, "max_abs_grade_reliable": 0.094693998643423288, "shortest_use": 8, "flat_use": 0, "flat_use_per_objective": 0.0, "unavoidability": 0.0, "barrier_score": 0.57976565402179792, "neighborhood": "Rockdale" }, "geometry": { "type": "LineString", "coordinates": [ [ -84.438803979233455, 33.781465874234982 ], [ -84.4388302, 33.7814933 ], [ -84.438854, 33.7815348 ], [ -84.4388674, 33.7816064 ], [ -84.4388637, 33.7816732 ], [ -84.4388512, 33.7817479 ], [ -84.4388077, 33.7818047 ], [ -84.4387683, 33.7818677 ], [ -84.4387409, 33.781916099999989 ], [ -84.438735500000021, 33.7819924 ], [ -84.4387327, 33.7820658 ], [ -84.438732, 33.7821178 ] ] } },
{ "type": "Feature", "properties": { "edge_id": 38597, "segment_id": "a420bae5-95a7-48a6-875d-a780553affe0", "u": "e3c27652-23a5-46d0-8fc9-dc6d980a5716", "v": "5a2a2f59-cb08-4002-91d7-7a748c776c9f", "part": 8, "cls": "tertiary", "subclass": null, "name": "Sawtell Avenue Southeast", "length_m": 48.759029671760629, "is_bridge": false, "is_tunnel": false, "is_structure": false, "walk_ok": true, "walk_oneway": false, "walk_restricted": false, "bike_ok": true, "bike_oneway": false, "bike_restricted": false, "bike_facility": "", "low_stress": false, "dem_gaps": [ ], "max_abs_grade": 0.08436936947509327, "elev_min": 286.813232421875, "elev_max": 289.69625854492188, "cum_gain_fwd": 2.883026123046875, "cum_loss_fwd": -0.0, "net_change_fwd": 2.883026123046875, "avg_grade_fwd": 0.059128045804191509, "n_samples": 11, "d_abs_above_3": 43.883126258850098, "d_abs_above_5": 34.131320953369141, "d_abs_above_8": 9.7518043518066406, "d_abs_above_10": 0.0, "d_abs_above_15": 0.0, "grade_reliable": true, "max_abs_grade_reliable": 0.08436936947509327, "shortest_use": 14, "flat_use": 9, "flat_use_per_objective": 3.0, "unavoidability": 0.21428571428571427, "barrier_score": 0.57592760254733311, "neighborhood": "Lakewood Heights" }, "geometry": { "type": "LineString", "coordinates": [ [ -84.374136978747444, 33.708914911908288 ], [ -84.3741014, 33.7089668 ], [ -84.3740852, 33.708994200000014 ], [ -84.3740518, 33.7090507 ], [ -84.3739963, 33.709161 ], [ -84.373926, 33.7093153 ], [ -84.373925543575339, 33.709316547401436 ] ] } },
{ "type": "Feature", "properties": { "edge_id": 19682, "segment_id": "991b8c69-cc8b-4a4e-8e44-42ef6cbd61b4", "u": "b601ee6f-ac03-45ec-a367-69edf7aaea2c", "v": "0e84050f-06ed-4fde-a667-801ddc29405d", "part": 0, "cls": "residential", "subclass": null, "name": "Oakland Drive Southwest", "length_m": 112.81785154970981, "is_bridge": false, "is_tunnel": false, "is_structure": false, "walk_ok": true, "walk_oneway": false, "walk_restricted": false, "bike_ok": true, "bike_oneway": false, "bike_restricted": false, "bike_facility": "", "low_stress": true, "dem_gaps": [ ], "max_abs_grade": 0.084744017838021601, "elev_min": 309.2901611328125, "elev_max": 312.49783325195312, "cum_gain_fwd": 2.09844970703125, "cum_loss_fwd": 3.207672119140625, "net_change_fwd": -1.109222412109375, "avg_grade_fwd": -0.0098319763206992823, "n_samples": 24, "d_abs_above_3": 88.292224884033203, "d_abs_above_5": 39.240993499755859, "d_abs_above_8": 9.8102483749389648, "d_abs_above_10": 0.0, "d_abs_above_15": 0.0, "grade_reliable": true, "max_abs_grade_reliable": 0.084744017838021601, "shortest_use": 6, "flat_use": 0, "flat_use_per_objective": 0.0, "unavoidability": 0.0, "barrier_score": 0.57363828145055284, "neighborhood": "Oakland City" }, "geometry": { "type": "LineString", "coordinates": [ [ -84.42745, 33.721037 ], [ -84.427469399991409, 33.7200203004504 ] ] } },
{ "type": "Feature", "properties": { "edge_id": 89746, "segment_id": "9e912aad-7bc8-4ce3-be4c-5fed71788992", "u": "34684236-0be4-46e3-ab20-61ddefc91bdd", "v": "1fcf6743-146f-4faf-a079-07c37f696b53", "part": 0, "cls": "cycleway", "subclass": null, "name": null, "length_m": 28.707256011061002, "is_bridge": false, "is_tunnel": false, "is_structure": false, "walk_ok": true, "walk_oneway": false, "walk_restricted": false, "bike_ok": true, "bike_oneway": false, "bike_restricted": false, "bike_facility": "dedicated_cycleway", "low_stress": true, "dem_gaps": [ ], "max_abs_grade": 0.090317705565117021, "elev_min": 277.78363037109375, "elev_max": 279.1317138671875, "cum_gain_fwd": 0.0, "cum_loss_fwd": 1.34808349609375, "net_change_fwd": -1.34808349609375, "avg_grade_fwd": -0.046959677413996669, "n_samples": 7, "d_abs_above_3": 19.13817024230957, "d_abs_above_5": 14.353628158569336, "d_abs_above_8": 4.7845425605773926, "d_abs_above_10": 0.0, "d_abs_above_15": 0.0, "grade_reliable": true, "max_abs_grade_reliable": 0.090317705565117021, "shortest_use": 22, "flat_use": 0, "flat_use_per_objective": 0.0, "unavoidability": 0.0, "barrier_score": 0.5704101691176775, "neighborhood": "Old Fourth Ward" }, "geometry": { "type": "LineString", "coordinates": [ [ -84.3632224, 33.769145 ], [ -84.363517652594609, 33.769066657846139 ] ] } },
{ "type": "Feature", "properties": { "edge_id": 83506, "segment_id": "708459b1-5d17-4207-aa2e-b5a1dc9c94bb", "u": "3b5877a6-ba3e-435e-b9a5-16f1ca22d1f3", "v": "ba109b3e-4690-4aa0-94a8-1fc13069b6a4", "part": 0, "cls": "residential", "subclass": null, "name": "Elizabeth Street Northeast", "length_m": 10.974308350434109, "is_bridge": false, "is_tunnel": false, "is_structure": false, "walk_ok": true, "walk_oneway": false, "walk_restricted": false, "bike_ok": true, "bike_oneway": false, "bike_restricted": false, "bike_facility": "", "low_stress": true, "dem_gaps": [ ], "max_abs_grade": 0.1039053537353435, "elev_min": 288.96881103515625, "elev_max": 290.09075927734375, "cum_gain_fwd": 1.1219482421875, "cum_loss_fwd": -0.0, "net_change_fwd": 1.1219482421875, "avg_grade_fwd": 0.10223407624105402, "n_samples": 4, "d_abs_above_3": 10.974308013916016, "d_abs_above_5": 10.974308013916016, "d_abs_above_8": 10.974308013916016, "d_abs_above_10": 10.974308013916016, "d_abs_above_15": 0.0, "grade_reliable": false, "max_abs_grade_reliable": null, "shortest_use": 50, "flat_use": 47, "flat_use_per_objective": 15.666666666666666, "unavoidability": 0.3133333333333333, "barrier_score": 0.57014469557629499, "neighborhood": "Inman Park" }, "geometry": { "type": "LineString", "coordinates": [ [ -84.357973, 33.762483 ], [ -84.3579809, 33.762581 ], [ -84.357980954635934, 33.762581683793798 ] ] } },
{ "type": "Feature", "properties": { "edge_id": 78008, "segment_id": "68f04c93-69c0-469c-a166-6a56a3878aad", "u": "92e89617-a7ee-42b9-bcce-6f0185d20dd0", "v": "416083e5-72ae-41c8-99e1-86173789051d", "part": 1, "cls": "secondary", "subclass": null, "name": "Peachtree Street Northeast", "length_m": 3.5602226011318336, "is_bridge": false, "is_tunnel": false, "is_structure": false, "walk_ok": true, "walk_oneway": false, "walk_restricted": false, "bike_ok": true, "bike_oneway": false, "bike_restricted": false, "bike_facility": "", "low_stress": false, "dem_gaps": [ ], "max_abs_grade": 0.18569985138611644, "elev_min": 327.48162841796875, "elev_max": 328.06781005859375, "cum_gain_fwd": 0.0, "cum_loss_fwd": 0.586181640625, "net_change_fwd": -0.586181640625, "avg_grade_fwd": -0.16464746793872437, "n_samples": 3, "d_abs_above_3": 3.5602226257324219, "d_abs_above_5": 3.5602226257324219, "d_abs_above_8": 3.5602226257324219, "d_abs_above_10": 3.5602226257324219, "d_abs_above_15": 1.7801113128662109, "grade_reliable": false, "max_abs_grade_reliable": null, "shortest_use": 86, "flat_use": 43, "flat_use_per_objective": 14.333333333333334, "unavoidability": 0.16666666666666669, "barrier_score": 0.56857421482124004, "neighborhood": "Downtown" }, "geometry": { "type": "LineString", "coordinates": [ [ -84.387623601482233, 33.758370186581686 ], [ -84.3876236, 33.7583703 ], [ -84.387625595659415, 33.758402230550523 ] ] } },
{ "type": "Feature", "properties": { "edge_id": 54351, "segment_id": "9d75f39d-ddf8-42b8-ab30-8aeaed4c0a6a", "u": "4aede52f-d4c4-409a-91fe-a0aa75d63af1", "v": "7b26c2b2-3e0c-4275-81d0-fd2585e916af", "part": 0, "cls": "residential", "subclass": null, "name": "Rice Street Northwest", "length_m": 32.965666346661422, "is_bridge": false, "is_tunnel": false, "is_structure": false, "walk_ok": true, "walk_oneway": false, "walk_restricted": false, "bike_ok": true, "bike_oneway": false, "bike_restricted": false, "bike_facility": "", "low_stress": true, "dem_gaps": [ ], "max_abs_grade": 0.08572613516333262, "elev_min": 278.94558715820312, "elev_max": 281.00003051757812, "cum_gain_fwd": 2.054443359375, "cum_loss_fwd": -0.0, "net_change_fwd": 2.054443359375, "avg_grade_fwd": 0.062320696081072449, "n_samples": 8, "d_abs_above_3": 32.965667724609375, "d_abs_above_5": 28.256285667419434, "d_abs_above_8": 4.709381103515625, "d_abs_above_10": 0.0, "d_abs_above_15": 0.0, "grade_reliable": true, "max_abs_grade_reliable": 0.08572613516333262, "shortest_use": 20, "flat_use": 0, "flat_use_per_objective": 0.0, "unavoidability": 0.0, "barrier_score": 0.56520383379664452, "neighborhood": "Knight Park/Howell Station" }, "geometry": { "type": "LineString", "coordinates": [ [ -84.427174, 33.779738 ], [ -84.427184, 33.780035 ] ] } },
{ "type": "Feature", "properties": { "edge_id": 57318, "segment_id": "0a5483ac-621b-4a51-ba16-c0940f8b6afd", "u": "a5422388-5c78-497e-abfd-988d3b535239", "v": "ec21a944-554d-47b3-b18a-6d4c48b50634", "part": 2, "cls": "residential", "subclass": null, "name": "Bohler Road Northwest", "length_m": 40.585084396254544, "is_bridge": false, "is_tunnel": false, "is_structure": false, "walk_ok": true, "walk_oneway": false, "walk_restricted": false, "bike_ok": true, "bike_oneway": false, "bike_restricted": false, "bike_facility": "", "low_stress": true, "dem_gaps": [ ], "max_abs_grade": 0.087002551546419005, "elev_min": 272.99380493164062, "elev_max": 276.20681762695312, "cum_gain_fwd": 0.0, "cum_loss_fwd": 3.2130126953125, "net_change_fwd": -3.2130126953125, "avg_grade_fwd": -0.079167330881003875, "n_samples": 10, "d_abs_above_3": 40.5850830078125, "d_abs_above_5": 40.5850830078125, "d_abs_above_8": 18.037816047668457, "d_abs_above_10": 0.0, "d_abs_above_15": 0.0, "grade_reliable": true, "max_abs_grade_reliable": 0.087002551546419005, "shortest_use": 16, "flat_use": 0, "flat_use_per_objective": 0.0, "unavoidability": 0.0, "barrier_score": 0.56496094355214421, "neighborhood": "Cross Creek" }, "geometry": { "type": "LineString", "coordinates": [ [ -84.430566251135403, 33.816954862554546 ], [ -84.430568, 33.816959 ], [ -84.430606, 33.817085 ], [ -84.430655810814727, 33.817312706581596 ] ] } },
{ "type": "Feature", "properties": { "edge_id": 21752, "segment_id": "16665716-12a5-44ff-ac40-9a87f2150910", "u": "223c9d95-2006-4939-80f6-17081128f330", "v": "e546a036-e020-43a1-9e24-070129b1c452", "part": 2, "cls": "path", "subclass": null, "name": null, "length_m": 160.49332175479341, "is_bridge": false, "is_tunnel": false, "is_structure": false, "walk_ok": true, "walk_oneway": false, "walk_restricted": false, "bike_ok": true, "bike_oneway": false, "bike_restricted": false, "bike_facility": "shared_path", "low_stress": true, "dem_gaps": [ ], "max_abs_grade": 0.087516079440278602, "elev_min": 307.37326049804688, "elev_max": 313.68408203125, "cum_gain_fwd": 6.87823486328125, "cum_loss_fwd": 0.897674560546875, "net_change_fwd": 5.980560302734375, "avg_grade_fwd": 0.037263609647759238, "n_samples": 34, "d_abs_above_3": 131.31271362304688, "d_abs_above_5": 87.54180908203125, "d_abs_above_8": 14.590301513671875, "d_abs_above_10": 0.0, "d_abs_above_15": 0.0, "grade_reliable": true, "max_abs_grade_reliable": 0.087516079440278602, "shortest_use": 4, "flat_use": 2, "flat_use_per_objective": 0.66666666666666663, "unavoidability": 0.16666666666666666, "barrier_score": 0.56182985185306777, "neighborhood": "West End" }, "geometry": { "type": "LineString", "coordinates": [ [ -84.4192093, 33.731343114188057 ], [ -84.4192093, 33.7312869 ], [ -84.4191744, 33.7312066 ], [ -84.4190967, 33.7311687 ], [ -84.4189143, 33.7311286 ], [ -84.4187211, 33.731072800000014 ], [ -84.4185495, 33.7309903 ], [ -84.418469, 33.7309077 ], [ -84.4183832, 33.7308363 ], [ -84.4182678, 33.7308185 ], [ -84.4181847, 33.730852 ], [ -84.418109, 33.7309272 ], [ -84.4178168, 33.7308543 ] ] } },
{ "type": "Feature", "properties": { "edge_id": 37424, "segment_id": "2d9a28dc-5c64-41d9-8a74-996d64e9cb0a", "u": "6397b4dd-7aa7-4b23-a50c-a466afeaaf45", "v": "78cbf5cf-8e08-4f85-9dab-821c495378ba", "part": 1, "cls": "tertiary", "subclass": null, "name": "Hutchens Road Southeast", "length_m": 65.291977813643769, "is_bridge": false, "is_tunnel": false, "is_structure": false, "walk_ok": true, "walk_oneway": false, "walk_restricted": false, "bike_ok": true, "bike_oneway": false, "bike_restricted": false, "bike_facility": "", "low_stress": false, "dem_gaps": [ ], "max_abs_grade": 0.084831550740901901, "elev_min": 268.6676025390625, "elev_max": 272.41012573242188, "cum_gain_fwd": 3.742523193359375, "cum_loss_fwd": -0.0, "net_change_fwd": 3.742523193359375, "avg_grade_fwd": 0.057319802055398779, "n_samples": 15, "d_abs_above_3": 55.964553833007812, "d_abs_above_5": 41.973415374755859, "d_abs_above_8": 9.3274250030517578, "d_abs_above_10": 0.0, "d_abs_above_15": 0.0, "grade_reliable": true, "max_abs_grade_reliable": 0.084831550740901901, "shortest_use": 10, "flat_use": 1, "flat_use_per_objective": 0.33333333333333331, "unavoidability": 0.033333333333333333, "barrier_score": 0.55388197288719621, "neighborhood": "South River Gardens" }, "geometry": { "type": "LineString", "coordinates": [ [ -84.372295906392964, 33.67187901551636 ], [ -84.3722951, 33.6718789 ], [ -84.372171, 33.67186 ], [ -84.372005, 33.671827 ], [ -84.371753, 33.671757 ], [ -84.371632, 33.671697 ] ] } },
{ "type": "Feature", "properties": { "edge_id": 48826, "segment_id": "3eb5f60d-4974-4a2e-a816-b1f09b59b998", "u": "a4509f65-bad4-470c-a88e-836a9f2d3706", "v": "114ea297-b7e6-4615-ab8b-91b60f57df67", "part": 0, "cls": "residential", "subclass": null, "name": "Burbank Drive Northwest", "length_m": 286.5383217207621, "is_bridge": false, "is_tunnel": false, "is_structure": false, "walk_ok": true, "walk_oneway": false, "walk_restricted": false, "bike_ok": true, "bike_oneway": false, "bike_restricted": false, "bike_facility": "", "low_stress": true, "dem_gaps": [ ], "max_abs_grade": 0.09664297693726083, "elev_min": 276.60842895507812, "elev_max": 285.40966796875, "cum_gain_fwd": 1.472808837890625, "cum_loss_fwd": 10.2740478515625, "net_change_fwd": -8.801239013671875, "avg_grade_fwd": -0.030715747562541484, "n_samples": 59, "d_abs_above_3": 118.56758117675781, "d_abs_above_5": 98.806318283081055, "d_abs_above_8": 49.403160095214844, "d_abs_above_10": 0.0, "d_abs_above_15": 0.0, "grade_reliable": true, "max_abs_grade_reliable": 0.09664297693726083, "shortest_use": 2, "flat_use": 1, "flat_use_per_objective": 0.33333333333333331, "unavoidability": 0.16666666666666666, "barrier_score": 0.55383832835402069, "neighborhood": "Hunter Hills" }, "geometry": { "type": "LineString", "coordinates": [ [ -84.429209, 33.760843 ], [ -84.429169, 33.761304 ], [ -84.429172, 33.761726 ], [ -84.429235, 33.762217 ], [ -84.429323, 33.762665 ], [ -84.429341, 33.76284 ], [ -84.429301809135922, 33.763413966200829 ] ] } },
{ "type": "Feature", "properties": { "edge_id": 60262, "segment_id": "a4129591-0689-470a-b38e-70854052f0f7", "u": "ed43c85f-ead4-4eaa-b579-c3c3d688500f", "v": "c54930d8-7d31-4fcf-9f70-a5368f7fb5a2", "part": 0, "cls": "unclassified", "subclass": null, "name": null, "length_m": 25.379808611370322, "is_bridge": false, "is_tunnel": false, "is_structure": false, "walk_ok": true, "walk_oneway": true, "walk_restricted": false, "bike_ok": true, "bike_oneway": true, "bike_restricted": false, "bike_facility": "", "low_stress": false, "dem_gaps": [ ], "max_abs_grade": 0.09866703280822231, "elev_min": 284.7119140625, "elev_max": 286.60455322265625, "cum_gain_fwd": 1.89263916015625, "cum_loss_fwd": -0.0, "net_change_fwd": 1.89263916015625, "avg_grade_fwd": 0.074572633819590659, "n_samples": 7, "d_abs_above_3": 25.37980842590332, "d_abs_above_5": 25.37980842590332, "d_abs_above_8": 8.4599361419677734, "d_abs_above_10": 0.0, "d_abs_above_15": 0.0, "grade_reliable": true, "max_abs_grade_reliable": 0.09866703280822231, "shortest_use": 22, "flat_use": 0, "flat_use_per_objective": 0.0, "unavoidability": 0.0, "barrier_score": 0.55091308996338528, "neighborhood": "Loring Heights" }, "geometry": { "type": "LineString", "coordinates": [ [ -84.4078225, 33.7899473 ], [ -84.4077802, 33.7900858 ], [ -84.4077621, 33.7901193 ], [ -84.407736, 33.790149 ], [ -84.407724103220175, 33.790156122912762 ] ] } },
{ "type": "Feature", "properties": { "edge_id": 83429, "segment_id": "f4147b06-fae8-4863-be42-62a541e1de1c", "u": "0d8ac6f1-ac42-4092-984e-e64dd10c57c1", "v": "f596f110-dca8-4e99-ade2-94eacd034377", "part": 1, "cls": "residential", "subclass": null, "name": "Washita Avenue Northeast", "length_m": 110.13136592393533, "is_bridge": false, "is_tunnel": false, "is_structure": false, "walk_ok": true, "walk_oneway": false, "walk_restricted": false, "bike_ok": true, "bike_oneway": false, "bike_restricted": false, "bike_facility": "", "low_stress": true, "dem_gaps": [ ], "max_abs_grade": 0.0828470012854223, "elev_min": 302.1168212890625, "elev_max": 309.43844604492188, "cum_gain_fwd": 0.0, "cum_loss_fwd": 7.321624755859375, "net_change_fwd": -7.321624755859375, "avg_grade_fwd": -0.06648083308936846, "n_samples": 24, "d_abs_above_3": 110.13136291503906, "d_abs_above_5": 95.766403198242188, "d_abs_above_8": 19.153280258178711, "d_abs_above_10": 0.0, "d_abs_above_15": 0.0, "grade_reliable": true, "max_abs_grade_reliable": 0.0828470012854223, "shortest_use": 6, "flat_use": 0, "flat_use_per_objective": 0.0, "unavoidability": 0.0, "barrier_score": 0.54744320485593501, "neighborhood": "Inman Park" }, "geometry": { "type": "LineString", "coordinates": [ [ -84.355264014260868, 33.766016968961651 ], [ -84.355281, 33.76598 ], [ -84.355139, 33.765724 ], [ -84.3550991, 33.7656602 ], [ -84.3547695, 33.765129 ], [ -84.354769167729557, 33.765128507457931 ] ] } },
{ "type": "Feature", "properties": { "edge_id": 45294, "segment_id": "4c3b2fda-c04e-4634-9c35-cab9b7a09ede", "u": "ab4844f0-e199-40a8-b0d3-4171ff646400", "v": "dc2cd4e0-2022-4fa0-8e11-f53b20bd9896", "part": 4, "cls": "footway", "subclass": null, "name": null, "length_m": 127.43068298919066, "is_bridge": false, "is_tunnel": false, "is_structure": false, "walk_ok": true, "walk_oneway": false, "walk_restricted": false, "bike_ok": true, "bike_oneway": false, "bike_restricted": false, "bike_facility": "shared_path", "low_stress": true, "dem_gaps": [ ], "max_abs_grade": 0.10624408961601475, "elev_min": 292.96231079101562, "elev_max": 300.32461547851562, "cum_gain_fwd": 0.40643310546875, "cum_loss_fwd": 7.3623046875, "net_change_fwd": -6.95587158203125, "avg_grade_fwd": -0.054585533241124105, "n_samples": 27, "d_abs_above_3": 83.320060729980469, "d_abs_above_5": 78.41888427734375, "d_abs_above_8": 58.814163208007812, "d_abs_above_10": 34.308261871337891, "d_abs_above_15": 0.0, "grade_reliable": true, "max_abs_grade_reliable": 0.10624408961601475, "shortest_use": 4, "flat_use": 0, "flat_use_per_objective": 0.0, "unavoidability": 0.0, "barrier_score": 0.5415502761333415, "neighborhood": "East Atlanta" }, "geometry": { "type": "LineString", "coordinates": [ [ -84.347293433890712, 33.734147642036142 ], [ -84.3471849, 33.7341451 ], [ -84.3464668, 33.7341323 ], [ -84.3462809, 33.73413080000001 ], [ -84.3461424, 33.7341276 ], [ -84.3459191, 33.7341268 ] ] } },
{ "type": "Feature", "properties": { "edge_id": 6580, "segment_id": "5d2a18f9-2cf1-4fa2-927a-3978231f5ae9", "u": "ceda960d-d610-4760-ab1d-816e2cfdf14d", "v": "dc09950e-afd5-4ca3-9dec-7ad7056313ec", "part": 1, "cls": "footway", "subclass": null, "name": null, "length_m": 326.04118304404949, "is_bridge": false, "is_tunnel": false, "is_structure": false, "walk_ok": true, "walk_oneway": false, "walk_restricted": false, "bike_ok": true, "bike_oneway": false, "bike_restricted": false, "bike_facility": "shared_path", "low_stress": true, "dem_gaps": [ ], "max_abs_grade": 0.082224192198277063, "elev_min": 249.12179565429688, "elev_max": 270.86328125, "cum_gain_fwd": 0.0, "cum_loss_fwd": 21.741485595703125, "net_change_fwd": -21.741485595703125, "avg_grade_fwd": -0.066683252654483452, "n_samples": 67, "d_abs_above_3": 326.04116821289062, "d_abs_above_5": 326.04116821289062, "d_abs_above_8": 4.9400177001953125, "d_abs_above_10": 0.0, "d_abs_above_15": 0.0, "grade_reliable": true, "max_abs_grade_reliable": 0.082224192198277063, "shortest_use": 2, "flat_use": 0, "flat_use_per_objective": 0.0, "unavoidability": 0.0, "barrier_score": 0.53616945798335114, "neighborhood": "West Highlands" }, "geometry": { "type": "LineString", "coordinates": [ [ -84.454788256145264, 33.799437292946621 ], [ -84.4547539, 33.7994078 ], [ -84.452989, 33.79776 ], [ -84.4524622, 33.7973642 ], [ -84.4523748, 33.7973046 ], [ -84.45237368929449, 33.797304048033531 ] ] } },
{ "type": "Feature", "properties": { "edge_id": 84946, "segment_id": "f192e22f-5195-4c8f-a654-772648ee0321", "u": "5bf8fd15-ad97-42ae-b469-dbd235eb04bd", "v": "c1aaac5f-7745-4a96-baf5-d8be3d269d38", "part": 0, "cls": "residential", "subclass": null, "name": "Leslie Street Southeast", "length_m": 99.228297107336076, "is_bridge": false, "is_tunnel": false, "is_structure": false, "walk_ok": true, "walk_oneway": false, "walk_restricted": false, "bike_ok": true, "bike_oneway": false, "bike_restricted": false, "bike_facility": "", "low_stress": true, "dem_gaps": [ ], "max_abs_grade": 0.089859650040058248, "elev_min": 294.80050659179688, "elev_max": 302.406005859375, "cum_gain_fwd": 0.0, "cum_loss_fwd": 7.605499267578125, "net_change_fwd": -7.605499267578125, "avg_grade_fwd": -0.076646477858652098, "n_samples": 21, "d_abs_above_3": 99.228294372558594, "d_abs_above_5": 99.228294372558594, "d_abs_above_8": 34.729909896850586, "d_abs_above_10": 0.0, "d_abs_above_15": 0.0, "grade_reliable": true, "max_abs_grade_reliable": 0.089859650040058248, "shortest_use": 6, "flat_use": 0, "flat_use_per_objective": 0.0, "unavoidability": 0.0, "barrier_score": 0.53499720312816867, "neighborhood": "Edgewood" }, "geometry": { "type": "LineString", "coordinates": [ [ -84.3434734, 33.7524761 ], [ -84.343518699969152, 33.751582600608536 ] ] } },
{ "type": "Feature", "properties": { "edge_id": 88379, "segment_id": "5f460e6e-bd8e-4e7f-ab59-0056d4085fa4", "u": "c3e70eae-2fce-4014-94d3-b3f579226d25", "v": "cdcf7708-684f-49f2-beb2-8d8f5ede0bc2", "part": 5, "cls": "residential", "subclass": null, "name": "Virginia Circle Northeast", "length_m": 26.071529039515593, "is_bridge": false, "is_tunnel": false, "is_structure": false, "walk_ok": true, "walk_oneway": false, "walk_restricted": false, "bike_ok": true, "bike_oneway": false, "bike_restricted": false, "bike_facility": "", "low_stress": true, "dem_gaps": [ ], "max_abs_grade": 0.10257378196926034, "elev_min": 291.40695190429688, "elev_max": 293.9315185546875, "cum_gain_fwd": 2.524566650390625, "cum_loss_fwd": -0.0, "net_change_fwd": 2.524566650390625, "avg_grade_fwd": 0.096832318993575972, "n_samples": 7, "d_abs_above_3": 26.071529388427734, "d_abs_above_5": 26.071529388427734, "d_abs_above_8": 26.071529388427734, "d_abs_above_10": 13.035764694213867, "d_abs_above_15": 0.0, "grade_reliable": true, "max_abs_grade_reliable": 0.10257378196926034, "shortest_use": 20, "flat_use": 13, "flat_use_per_objective": 4.333333333333333, "unavoidability": 0.21666666666666665, "barrier_score": 0.53485106706090246, "neighborhood": "Virginia Highland" }, "geometry": { "type": "LineString", "coordinates": [ [ -84.359244899115808, 33.780940300033649 ], [ -84.358963800530574, 33.780950999979808 ] ] } },
{ "type": "Feature", "properties": { "edge_id": 7058, "segment_id": "f7f96b0c-fbed-4b94-9946-ad6063bd6ef4", "u": "12f2edd6-1f42-4415-aea7-a62c4ccb0f39", "v": "365c4249-d8d7-40b0-b3e2-079e9252bf8e", "part": 1, "cls": "residential", "subclass": null, "name": "Drew Drive", "length_m": 62.983470744993419, "is_bridge": false, "is_tunnel": false, "is_structure": false, "walk_ok": true, "walk_oneway": false, "walk_restricted": false, "bike_ok": true, "bike_oneway": false, "bike_restricted": false, "bike_facility": "", "low_stress": true, "dem_gaps": [ ], "max_abs_grade": 0.084682830117630573, "elev_min": 251.26589965820312, "elev_max": 255.3994140625, "cum_gain_fwd": 0.0, "cum_loss_fwd": 4.133514404296875, "net_change_fwd": -4.133514404296875, "avg_grade_fwd": -0.065628558479423602, "n_samples": 14, "d_abs_above_3": 58.138587951660156, "d_abs_above_5": 48.448822021484375, "d_abs_above_8": 24.224411010742188, "d_abs_above_10": 0.0, "d_abs_above_15": 0.0, "grade_reliable": true, "max_abs_grade_reliable": 0.084682830117630573, "shortest_use": 10, "flat_use": 0, "flat_use_per_objective": 0.0, "unavoidability": 0.0, "barrier_score": 0.53336185533170322, "neighborhood": "West Highlands" }, "geometry": { "type": "LineString", "coordinates": [ [ -84.448548898188392, 33.790306757212015 ], [ -84.4484841, 33.790190899999985 ], [ -84.4482075, 33.7898178 ], [ -84.448206803311763, 33.789816974087344 ] ] } },
{ "type": "Feature", "properties": { "edge_id": 55303, "segment_id": "7383c7f6-01e0-41c7-802a-74bff1c27f97", "u": "80abe1d2-bc1e-4a79-873d-aa4d7691fbc3", "v": "2e3792d5-74d2-4ef8-a1dc-2c81a1c72650", "part": 6, "cls": "residential", "subclass": null, "name": "Huff Road Northwest", "length_m": 56.808078938318076, "is_bridge": false, "is_tunnel": false, "is_structure": false, "walk_ok": true, "walk_oneway": false, "walk_restricted": false, "bike_ok": true, "bike_oneway": false, "bike_restricted": false, "bike_facility": "", "low_stress": true, "dem_gaps": [ ], "max_abs_grade": 0.11711930223506858, "elev_min": 274.339111328125, "elev_max": 280.40863037109375, "cum_gain_fwd": 6.06951904296875, "cum_loss_fwd": -0.0, "net_change_fwd": 6.06951904296875, "avg_grade_fwd": 0.10684253322461201, "n_samples": 13, "d_abs_above_3": 56.808078765869141, "d_abs_above_5": 56.808078765869141, "d_abs_above_8": 56.808078765869141, "d_abs_above_10": 42.606059074401855, "d_abs_above_15": 0.0, "grade_reliable": true, "max_abs_grade_reliable": 0.11711930223506858, "shortest_use": 8, "flat_use": 2, "flat_use_per_objective": 0.66666666666666663, "unavoidability": 0.083333333333333329, "barrier_score": 0.53226580532564072, "neighborhood": "Blandtown" }, "geometry": { "type": "LineString", "coordinates": [ [ -84.424072149448165, 33.78921510776172 ], [ -84.4240727, 33.789215 ], [ -84.4246704, 33.7891027 ] ] } },
{ "type": "Feature", "properties": { "edge_id": 15857, "segment_id": "3d98985a-1dfb-4a84-9c92-ea41ee1b2dfc", "u": "44da92bb-1fa9-4cd4-a9e2-c4418696f0c7", "v": "b7eaefa4-5071-4291-b755-66d370e59a69", "part": 0, "cls": "tertiary", "subclass": null, "name": "Lynhurst Drive Southwest", "length_m": 76.600308219754169, "is_bridge": false, "is_tunnel": false, "is_structure": false, "walk_ok": true, "walk_oneway": false, "walk_restricted": false, "bike_ok": true, "bike_oneway": false, "bike_restricted": false, "bike_facility": "", "low_stress": false, "dem_gaps": [ ], "max_abs_grade": 0.08659622954215869, "elev_min": 287.26174926757812, "elev_max": 291.47308349609375, "cum_gain_fwd": 0.0, "cum_loss_fwd": 4.211334228515625, "net_change_fwd": -4.211334228515625, "avg_grade_fwd": -0.054978030221841175, "n_samples": 17, "d_abs_above_3": 57.450233459472656, "d_abs_above_5": 47.87519645690918, "d_abs_above_8": 19.150081634521484, "d_abs_above_10": 0.0, "d_abs_above_15": 0.0, "grade_reliable": true, "max_abs_grade_reliable": 0.08659622954215869, "shortest_use": 8, "flat_use": 40, "flat_use_per_objective": 13.333333333333334, "unavoidability": 1.0, "barrier_score": 0.530663829887835, "neighborhood": "Magnum Manor" }, "geometry": { "type": "LineString", "coordinates": [ [ -84.487826, 33.724818 ], [ -84.487772, 33.724222 ], [ -84.4877717, 33.724131 ], [ -84.487771695398635, 33.724129284350632 ] ] } },
{ "type": "Feature", "properties": { "edge_id": 81172, "segment_id": "6558e44e-cc01-4e94-91a5-1ccc74aa4e17", "u": "9e36d368-61fe-4da6-a51a-cc5506ab1576", "v": "fcd6db3f-aae8-423a-acca-ebb4d9d2beff", "part": 1, "cls": "secondary", "subclass": null, "name": "Decatur Street Southeast", "length_m": 54.223878040855702, "is_bridge": false, "is_tunnel": false, "is_structure": false, "walk_ok": true, "walk_oneway": false, "walk_restricted": false, "bike_ok": true, "bike_oneway": false, "bike_restricted": false, "bike_facility": "", "low_stress": false, "dem_gaps": [ ], "max_abs_grade": 0.16270863255906096, "elev_min": 311.17840576171875, "elev_max": 313.77252197265625, "cum_gain_fwd": 2.5941162109375, "cum_loss_fwd": -0.0, "net_change_fwd": 2.5941162109375, "avg_grade_fwd": 0.047840847182137859, "n_samples": 12, "d_abs_above_3": 19.7177734375, "d_abs_above_5": 19.7177734375, "d_abs_above_8": 14.788330078125, "d_abs_above_10": 14.788330078125, "d_abs_above_15": 4.929443359375, "grade_reliable": true, "max_abs_grade_reliable": 0.16270863255906096, "shortest_use": 6, "flat_use": 0, "flat_use_per_objective": 0.0, "unavoidability": 0.0, "barrier_score": 0.52936158288461543, "neighborhood": "Old Fourth Ward" }, "geometry": { "type": "LineString", "coordinates": [ [ -84.370924098697557, 33.751532800405556 ], [ -84.370375904066549, 33.751703498733747 ] ] } },
{ "type": "Feature", "properties": { "edge_id": 48577, "segment_id": "9e5de77c-31b0-4394-a7e6-8052726547c6", "u": "9acbb285-6fbe-48d0-81e9-84a99615f0ee", "v": "a3017fc8-895a-448c-b005-f386ad8f8dfa", "part": 0, "cls": "residential", "subclass": null, "name": "Westview Place Northwest", "length_m": 79.935226090829303, "is_bridge": false, "is_tunnel": false, "is_structure": false, "walk_ok": true, "walk_oneway": false, "walk_restricted": false, "bike_ok": true, "bike_oneway": false, "bike_restricted": false, "bike_facility": "", "low_stress": true, "dem_gaps": [ ], "max_abs_grade": 0.08206105558775223, "elev_min": 294.1693115234375, "elev_max": 299.91519165039062, "cum_gain_fwd": 0.0, "cum_loss_fwd": 5.745880126953125, "net_change_fwd": -5.745880126953125, "avg_grade_fwd": -0.071881702008252155, "n_samples": 17, "d_abs_above_3": 79.935226440429688, "d_abs_above_5": 74.939277648925781, "d_abs_above_8": 24.979757308959961, "d_abs_above_10": 0.0, "d_abs_above_15": 0.0, "grade_reliable": true, "max_abs_grade_reliable": 0.08206105558775223, "shortest_use": 8, "flat_use": 0, "flat_use_per_objective": 0.0, "unavoidability": 0.0, "barrier_score": 0.5247655225327269, "neighborhood": "Mozley Park" }, "geometry": { "type": "LineString", "coordinates": [ [ -84.434669, 33.749618 ], [ -84.4346859, 33.7488977 ], [ -84.434685900531036, 33.748897681281392 ] ] } },
{ "type": "Feature", "properties": { "edge_id": 41741, "segment_id": "ecbe6557-d1aa-4dcc-a12b-657cafbfb60e", "u": "c303f508-adad-4c2d-a705-0df07b1ea494", "v": "5ea68726-4126-45dc-a292-5e69b8cdb731", "part": 1, "cls": "residential", "subclass": null, "name": "Berne Street Southeast", "length_m": 129.56644480457589, "is_bridge": false, "is_tunnel": false, "is_structure": false, "walk_ok": true, "walk_oneway": false, "walk_restricted": false, "bike_ok": true, "bike_oneway": false, "bike_restricted": false, "bike_facility": "", "low_stress": true, "dem_gaps": [ ], "max_abs_grade": 0.10098993530054778, "elev_min": 296.77548217773438, "elev_max": 305.10986328125, "cum_gain_fwd": 8.334381103515625, "cum_loss_fwd": -0.0, "net_change_fwd": 8.334381103515625, "avg_grade_fwd": 0.064325147236566696, "n_samples": 27, "d_abs_above_3": 109.63315200805664, "d_abs_above_5": 89.699844360351562, "d_abs_above_8": 59.799896240234375, "d_abs_above_10": 4.9833221435546875, "d_abs_above_15": 0.0, "grade_reliable": true, "max_abs_grade_reliable": 0.10098993530054778, "shortest_use": 4, "flat_use": 0, "flat_use_per_objective": 0.0, "unavoidability": 0.0, "barrier_score": 0.52339627511744458, "neighborhood": "Grant Park" }, "geometry": { "type": "LineString", "coordinates": [ [ -84.36660839766553, 33.736796299959401 ], [ -84.365211, 33.736772 ] ] } },
{ "type": "Feature", "properties": { "edge_id": 90885, "segment_id": "7f5272af-5bcb-453c-aa1b-e2d281d5978d", "u": "1905154e-6ac4-49c5-88a9-aeebb3ac8e0a", "v": "e072f8db-3788-487a-8c56-c00a5897d6e3", "part": 1, "cls": "footway", "subclass": null, "name": null, "length_m": 15.596900884355865, "is_bridge": false, "is_tunnel": false, "is_structure": false, "walk_ok": true, "walk_oneway": false, "walk_restricted": false, "bike_ok": true, "bike_oneway": false, "bike_restricted": false, "bike_facility": "shared_path", "low_stress": true, "dem_gaps": [ ], "max_abs_grade": 0.16770784570103364, "elev_min": 263.42578125, "elev_max": 265.59976196289062, "cum_gain_fwd": 2.173980712890625, "cum_loss_fwd": -0.0, "net_change_fwd": 2.173980712890625, "avg_grade_fwd": 0.13938542799379938, "n_samples": 5, "d_abs_above_3": 15.596900939941406, "d_abs_above_5": 15.596900939941406, "d_abs_above_8": 15.596900939941406, "d_abs_above_10": 15.596900939941406, "d_abs_above_15": 3.8992252349853516, "grade_reliable": true, "max_abs_grade_reliable": 0.16770784570103364, "shortest_use": 20, "flat_use": 7, "flat_use_per_objective": 2.3333333333333335, "unavoidability": 0.11666666666666667, "barrier_score": 0.52314452938557376, "neighborhood": "Midtown" }, "geometry": { "type": "LineString", "coordinates": [ [ -84.370719807009763, 33.784423899096232 ], [ -84.3707193, 33.7844239 ], [ -84.3705766, 33.784424 ], [ -84.370552840077167, 33.784430855629914 ] ] } },
{ "type": "Feature", "properties": { "edge_id": 57068, "segment_id": "88ad00ff-7648-411e-bb92-ad2991fdb1b6", "u": "1fe8e6e9-4d35-4895-8a0b-a3d220525669", "v": "b8686793-0297-4862-92d6-6ee1d00166fc", "part": 2, "cls": "residential", "subclass": null, "name": "Bohler Road Northwest", "length_m": 20.127252496678445, "is_bridge": true, "is_tunnel": false, "is_structure": true, "walk_ok": true, "walk_oneway": false, "walk_restricted": false, "bike_ok": true, "bike_oneway": false, "bike_restricted": false, "bike_facility": "", "low_stress": true, "dem_gaps": [ ], "max_abs_grade": 0.085788405089801206, "elev_min": 239.02096557617188, "elev_max": 240.74761962890625, "cum_gain_fwd": 1.726654052734375, "cum_loss_fwd": -0.0, "net_change_fwd": 1.726654052734375, "avg_grade_fwd": 0.08578687259872729, "n_samples": 6, "d_abs_above_3": 20.127252578735352, "d_abs_above_5": 20.127252578735352, "d_abs_above_8": 20.127252578735352, "d_abs_above_10": 0.0, "d_abs_above_15": 0.0, "grade_reliable": true, "max_abs_grade_reliable": 0.085788405089801206, "shortest_use": 30, "flat_use": 29, "flat_use_per_objective": 9.6666666666666661, "unavoidability": 0.32222222222222219, "barrier_score": 0.51800546715892892, "neighborhood": "Wesley Battle" }, "geometry": { "type": "LineString", "coordinates": [ [ -84.429293199993907, 33.824453598144324 ], [ -84.4292932, 33.8244536 ], [ -84.429292, 33.824635 ] ] } },
{ "type": "Feature", "properties": { "edge_id": 8667, "segment_id": "6b5a588b-661f-48ed-b37c-9d2c5ab477b5", "u": "3ac86d3f-a43e-4fce-bd37-230a3b3c3ee3", "v": "381f0c43-8f8b-4448-8693-17312becc2b1", "part": 0, "cls": "residential", "subclass": null, "name": "Ozburn Road Northwest", "length_m": 126.14916845439646, "is_bridge": false, "is_tunnel": false, "is_structure": false, "walk_ok": true, "walk_oneway": false, "walk_restricted": false, "bike_ok": true, "bike_oneway": false, "bike_restricted": false, "bike_facility": "", "low_stress": true, "dem_gaps": [ ], "max_abs_grade": 0.10176944707285078, "elev_min": 278.157958984375, "elev_max": 285.34915161132812, "cum_gain_fwd": 0.577056884765625, "cum_loss_fwd": 7.191192626953125, "net_change_fwd": -6.6141357421875, "avg_grade_fwd": -0.052431068284346835, "n_samples": 27, "d_abs_above_3": 101.88970947265625, "d_abs_above_5": 67.926475524902344, "d_abs_above_8": 48.518909454345703, "d_abs_above_10": 9.7037830352783203, "d_abs_above_15": 0.0, "grade_reliable": true, "max_abs_grade_reliable": 0.10176944707285078, "shortest_use": 4, "flat_use": 0, "flat_use_per_objective": 0.0, "unavoidability": 0.0, "barrier_score": 0.51352524489215345, "neighborhood": "Collier Heights" }, "geometry": { "type": "LineString", "coordinates": [ [ -84.476007, 33.773982 ], [ -84.476003, 33.775119 ] ] } },
{ "type": "Feature", "properties": { "edge_id": 33441, "segment_id": "7eb34ac7-4a82-4047-aaff-680c5b55cc30", "u": "c0dc5f13-b8b2-4da1-8020-3b2daae497dd", "v": "e59910f3-b41a-4d11-b80a-88848f63391b", "part": 1, "cls": "residential", "subclass": null, "name": "Fraser Street Southeast", "length_m": 148.16783235398884, "is_bridge": false, "is_tunnel": false, "is_structure": false, "walk_ok": true, "walk_oneway": true, "walk_restricted": false, "bike_ok": true, "bike_oneway": true, "bike_restricted": false, "bike_facility": "", "low_stress": true, "dem_gaps": [ ], "max_abs_grade": 0.086499679464899476, "elev_min": 279.91934204101562, "elev_max": 291.50411987304688, "cum_gain_fwd": 11.58477783203125, "cum_loss_fwd": -0.0, "net_change_fwd": 11.58477783203125, "avg_grade_fwd": 0.078186862296192497, "n_samples": 31, "d_abs_above_3": 148.16783142089844, "d_abs_above_5": 143.22890377044678, "d_abs_above_8": 113.59533405303955, "d_abs_above_10": 0.0, "d_abs_above_15": 0.0, "grade_reliable": true, "max_abs_grade_reliable": 0.086499679464899476, "shortest_use": 4, "flat_use": 0, "flat_use_per_objective": 0.0, "unavoidability": 0.0, "barrier_score": 0.51265880022515986, "neighborhood": "Summerhill" }, "geometry": { "type": "LineString", "coordinates": [ [ -84.38634739869137, 33.731763580192123 ], [ -84.3863474, 33.7317636 ], [ -84.386394, 33.732475 ], [ -84.386385700225333, 33.733097883089997 ] ] } },
{ "type": "Feature", "properties": { "edge_id": 111132, "segment_id": "94056adc-061a-40be-b0e5-1a8bbfba1276", "u": "7db1537f-2422-4e3c-aaa7-efb39454a4b2", "v": "6d866d04-2118-4667-aebb-91fb9f344671", "part": 3, "cls": "footway", "subclass": null, "name": null, "length_m": 8.849575064367464, "is_bridge": false, "is_tunnel": false, "is_structure": false, "walk_ok": true, "walk_oneway": false, "walk_restricted": false, "bike_ok": true, "bike_oneway": false, "bike_restricted": false, "bike_facility": "shared_path", "low_stress": true, "dem_gaps": [ ], "max_abs_grade": 0.10826156544589055, "elev_min": 301.48220825195312, "elev_max": 302.39779663085938, "cum_gain_fwd": 0.91558837890625, "cum_loss_fwd": -0.0, "net_change_fwd": 0.91558837890625, "avg_grade_fwd": 0.10346128198087559, "n_samples": 3, "d_abs_above_3": 8.8495750427246094, "d_abs_above_5": 8.8495750427246094, "d_abs_above_8": 8.8495750427246094, "d_abs_above_10": 4.4247875213623047, "d_abs_above_15": 0.0, "grade_reliable": false, "max_abs_grade_reliable": null, "shortest_use": 52, "flat_use": 136, "flat_use_per_objective": 45.333333333333336, "unavoidability": 0.87179487179487181, "barrier_score": 0.49819580199965641, "neighborhood": "North Buckhead" }, "geometry": { "type": "LineString", "coordinates": [ [ -84.372945475057236, 33.850069329391346 ], [ -84.372997, 33.8501123 ], [ -84.3730131, 33.8501257 ] ] } },
{ "type": "Feature", "properties": { "edge_id": 62376, "segment_id": "adc7256b-feae-49b7-b303-982f729b0af5", "u": "7213817d-450f-4a35-8a12-1456df4023c4", "v": "22f68306-05e8-45cf-98f3-f0dada4df609", "part": 2, "cls": "residential", "subclass": null, "name": "Habersham Road Northwest", "length_m": 74.691956582492793, "is_bridge": false, "is_tunnel": false, "is_structure": false, "walk_ok": true, "walk_oneway": false, "walk_restricted": false, "bike_ok": true, "bike_oneway": false, "bike_restricted": false, "bike_facility": "", "low_stress": true, "dem_gaps": [ ], "max_abs_grade": 0.083331737321473309, "elev_min": 267.1707763671875, "elev_max": 269.95770263671875, "cum_gain_fwd": 2.78692626953125, "cum_loss_fwd": 0.981292724609375, "net_change_fwd": 1.805633544921875, "avg_grade_fwd": 0.024174404475412931, "n_samples": 16, "d_abs_above_3": 59.753562927246094, "d_abs_above_5": 34.856245040893555, "d_abs_above_8": 9.9589309692382812, "d_abs_above_10": 0.0, "d_abs_above_15": 0.0, "grade_reliable": true, "max_abs_grade_reliable": 0.083331737321473309, "shortest_use": 8, "flat_use": 16, "flat_use_per_objective": 5.333333333333333, "unavoidability": 0.66666666666666663, "barrier_score": 0.49793684047673431, "neighborhood": "Peachtree Battle Alliance" }, "geometry": { "type": "LineString", "coordinates": [ [ -84.394296009630835, 33.827190335750451 ], [ -84.3942961, 33.8271908 ], [ -84.394396, 33.827703 ], [ -84.394420963625777, 33.827855347186407 ] ] } },
{ "type": "Feature", "properties": { "edge_id": 82625, "segment_id": "1f3c4fd4-3509-4cf3-b111-defd01ab92b6", "u": "58647664-3017-4968-be93-e38bc70e9a2f", "v": "23df85ff-7c19-496b-aad6-d8e20a24ab16", "part": 1, "cls": "footway", "subclass": null, "name": null, "length_m": 145.68519519921952, "is_bridge": false, "is_tunnel": false, "is_structure": false, "walk_ok": true, "walk_oneway": false, "walk_restricted": false, "bike_ok": true, "bike_oneway": false, "bike_restricted": false, "bike_facility": "shared_path", "low_stress": true, "dem_gaps": [ ], "max_abs_grade": 0.084982301899894586, "elev_min": 274.56002807617188, "elev_max": 279.42788696289062, "cum_gain_fwd": 4.86785888671875, "cum_loss_fwd": 1.097259521484375, "net_change_fwd": 3.770599365234375, "avg_grade_fwd": 0.025881829250729894, "n_samples": 31, "d_abs_above_3": 97.123468399047852, "d_abs_above_5": 63.130243301391602, "d_abs_above_8": 4.8561782836914062, "d_abs_above_10": 0.0, "d_abs_above_15": 0.0, "grade_reliable": true, "max_abs_grade_reliable": 0.084982301899894586, "shortest_use": 4, "flat_use": 0, "flat_use_per_objective": 0.0, "unavoidability": 0.0, "barrier_score": 0.49522652963060587, "neighborhood": "Old Fourth Ward" }, "geometry": { "type": "LineString", "coordinates": [ [ -84.364479898186133, 33.768895017977904 ], [ -84.3644872, 33.7688974 ], [ -84.3645082, 33.7689043 ], [ -84.3646046, 33.768896 ], [ -84.3646578, 33.768856 ], [ -84.364676, 33.7687938 ], [ -84.3646661, 33.7687399 ], [ -84.3646544, 33.7686805 ], [ -84.3646594, 33.7686087 ], [ -84.3646794, 33.7685382 ], [ -84.364701, 33.7684705 ], [ -84.364699300000012, 33.7684014 ], [ -84.3646893, 33.7683365 ], [ -84.3646644, 33.7682743 ], [ -84.3646461, 33.7682025 ], [ -84.3646445, 33.7681209 ], [ -84.3646611, 33.768015899999988 ], [ -84.3646546, 33.7679894 ], [ -84.3646844, 33.7679372 ], [ -84.3647359, 33.7678805 ], [ -84.3648093, 33.7678241 ], [ -84.3648455, 33.7678086 ], [ -84.364866047389299, 33.767799737707485 ] ] } },
{ "type": "Feature", "properties": { "edge_id": 33245, "segment_id": "d53269e9-b742-4f7b-9bb9-c6c5be232e69", "u": "146cee63-10f2-4a3b-9242-f3a6241e37f5", "v": "ca48f0ff-0c82-4be1-861e-c25ddb8176f0", "part": 1, "cls": "service", "subclass": null, "name": null, "length_m": 44.051336024035749, "is_bridge": false, "is_tunnel": false, "is_structure": false, "walk_ok": true, "walk_oneway": false, "walk_restricted": false, "bike_ok": true, "bike_oneway": false, "bike_restricted": false, "bike_facility": "", "low_stress": false, "dem_gaps": [ ], "max_abs_grade": 0.28066664172683403, "elev_min": 292.21392822265625, "elev_max": 295.75924682617188, "cum_gain_fwd": 0.088043212890625, "cum_loss_fwd": 3.545318603515625, "net_change_fwd": -3.457275390625, "avg_grade_fwd": -0.078482875472395464, "n_samples": 10, "d_abs_above_3": 19.578369140625, "d_abs_above_5": 19.578369140625, "d_abs_above_8": 14.68377685546875, "d_abs_above_10": 14.68377685546875, "d_abs_above_15": 14.68377685546875, "grade_reliable": true, "max_abs_grade_reliable": 0.28066664172683403, "shortest_use": 4, "flat_use": 0, "flat_use_per_objective": 0.0, "unavoidability": 0.0, "barrier_score": 0.49454962181785672, "neighborhood": "Peoplestown" }, "geometry": { "type": "LineString", "coordinates": [ [ -84.385641196815143, 33.724166637627221 ], [ -84.3856328, 33.7241714 ], [ -84.3853789, 33.724316 ], [ -84.385288459459147, 33.724423978141395 ] ] } },
{ "type": "Feature", "properties": { "edge_id": 77993, "segment_id": "e66237c5-58ff-43b1-990d-02c0c2763147", "u": "9fb75c4d-63ee-43d1-9b58-fbd7155e2124", "v": "cee35631-01da-4a06-b669-66db79dbba2f", "part": 0, "cls": "tertiary", "subclass": null, "name": "Ellis Street Northeast", "length_m": 10.437823560207798, "is_bridge": false, "is_tunnel": false, "is_structure": false, "walk_ok": true, "walk_oneway": true, "walk_restricted": false, "bike_ok": true, "bike_oneway": true, "bike_restricted": false, "bike_facility": "", "low_stress": false, "dem_gaps": [ ], "max_abs_grade": 0.097808181723803692, "elev_min": 326.69711303710938, "elev_max": 327.44537353515625, "cum_gain_fwd": 0.748260498046875, "cum_loss_fwd": -0.0, "net_change_fwd": 0.748260498046875, "avg_grade_fwd": 0.071687408078922224, "n_samples": 4, "d_abs_above_3": 10.437823295593262, "d_abs_above_5": 6.9585490226745605, "d_abs_above_8": 3.4792745113372803, "d_abs_above_10": 0.0, "d_abs_above_15": 0.0, "grade_reliable": false, "max_abs_grade_reliable": null, "shortest_use": 48, "flat_use": 2, "flat_use_per_objective": 0.66666666666666663, "unavoidability": 0.013888888888888888, "barrier_score": 0.49003418091734596, "neighborhood": "Downtown" }, "geometry": { "type": "LineString", "coordinates": [ [ -84.3876252, 33.7584382 ], [ -84.3875127, 33.7584342 ], [ -84.387512673978705, 33.758434200010505 ] ] } },
{ "type": "Feature", "properties": { "edge_id": 53997, "segment_id": "2e679404-5d53-43fb-9528-6513af9102cd", "u": "e14c9d76-ead1-462d-9474-5358aca00eba", "v": "b0a0b823-99c4-4bb5-9ed3-53e7206d617a", "part": 0, "cls": "service", "subclass": null, "name": null, "length_m": 8.7812967653999046, "is_bridge": false, "is_tunnel": false, "is_structure": false, "walk_ok": true, "walk_oneway": false, "walk_restricted": false, "bike_ok": true, "bike_oneway": false, "bike_restricted": false, "bike_facility": "", "low_stress": false, "dem_gaps": [ ], "max_abs_grade": 0.11131363139110435, "elev_min": 285.70758056640625, "elev_max": 286.68353271484375, "cum_gain_fwd": 0.9759521484375, "cum_loss_fwd": -0.0, "net_change_fwd": 0.9759521484375, "avg_grade_fwd": 0.11113986674641016, "n_samples": 3, "d_abs_above_3": 8.7812967300415039, "d_abs_above_5": 8.7812967300415039, "d_abs_above_8": 8.7812967300415039, "d_abs_above_10": 8.7812967300415039, "d_abs_above_15": 0.0, "grade_reliable": false, "max_abs_grade_reliable": null, "shortest_use": 50, "flat_use": 81, "flat_use_per_objective": 27.0, "unavoidability": 0.54, "barrier_score": 0.48873901563981098, "neighborhood": "Knight Park/Howell Station" }, "geometry": { "type": "LineString", "coordinates": [ [ -84.4176337, 33.7832436 ], [ -84.417717582710978, 33.783206751523394 ] ] } },
{ "type": "Feature", "properties": { "edge_id": 50866, "segment_id": "97444adf-5fd6-486b-b498-6c8cc28bf762", "u": "37ca4a62-f2ec-4c4f-b442-91ee0b182175", "v": "52b1508b-4053-415b-9645-ee9f529d6c1b", "part": 0, "cls": "residential", "subclass": null, "name": "Foundry Street Northwest", "length_m": 52.835228523052869, "is_bridge": false, "is_tunnel": false, "is_structure": false, "walk_ok": true, "walk_oneway": false, "walk_restricted": false, "bike_ok": true, "bike_oneway": false, "bike_restricted": false, "bike_facility": "", "low_stress": true, "dem_gaps": [ ], "max_abs_grade": 0.092228706192744481, "elev_min": 291.0992431640625, "elev_max": 292.7794189453125, "cum_gain_fwd": 0.68817138671875, "cum_loss_fwd": 1.68017578125, "net_change_fwd": -0.99200439453125, "avg_grade_fwd": -0.018775435116203547, "n_samples": 12, "d_abs_above_3": 33.622415542602539, "d_abs_above_5": 19.212811470031738, "d_abs_above_8": 4.8032026290893555, "d_abs_above_10": 0.0, "d_abs_above_15": 0.0, "grade_reliable": true, "max_abs_grade_reliable": 0.092228706192744481, "shortest_use": 10, "flat_use": 0, "flat_use_per_objective": 0.0, "unavoidability": 0.0, "barrier_score": 0.4872924768079156, "neighborhood": "Vine City" }, "geometry": { "type": "LineString", "coordinates": [ [ -84.408883, 33.7592733 ], [ -84.4083129, 33.759269 ], [ -84.408312899824963, 33.759268999998653 ] ] } },
{ "type": "Feature", "properties": { "edge_id": 6335, "segment_id": "942ed11a-0e31-4469-b848-bd5239524c8d", "u": "500c7643-b48c-4b9a-b1e5-d2f6e66e1ea4", "v": "be7fcbc8-7ef2-4b07-affa-d14d6f2b9651", "part": 0, "cls": "tertiary", "subclass": null, "name": "Perry Boulevard Northwest", "length_m": 223.31200634384612, "is_bridge": false, "is_tunnel": false, "is_structure": false, "walk_ok": true, "walk_oneway": false, "walk_restricted": false, "bike_ok": true, "bike_oneway": false, "bike_restricted": false, "bike_facility": "", "low_stress": false, "dem_gaps": [ ], "max_abs_grade": 0.10910086033540166, "elev_min": 269.78634643554688, "elev_max": 281.05953979492188, "cum_gain_fwd": 2.460540771484375, "cum_loss_fwd": 11.273193359375, "net_change_fwd": -8.812652587890625, "avg_grade_fwd": -0.0394634060213013, "n_samples": 46, "d_abs_above_3": 183.61209678649902, "d_abs_above_5": 109.17476654052734, "d_abs_above_8": 94.28729248046875, "d_abs_above_10": 74.437332153320312, "d_abs_above_15": 0.0, "grade_reliable": true, "max_abs_grade_reliable": 0.10910086033540166, "shortest_use": 2, "flat_use": 0, "flat_use_per_objective": 0.0, "unavoidability": 0.0, "barrier_score": 0.4872706403067657, "neighborhood": "Scotts Crossing" }, "geometry": { "type": "LineString", "coordinates": [ [ -84.464608, 33.805782 ], [ -84.465164, 33.805688 ], [ -84.465427, 33.805622 ], [ -84.465601, 33.805558 ], [ -84.465771, 33.805476 ], [ -84.466337, 33.80513 ], [ -84.466498, 33.805059 ], [ -84.466719, 33.804989 ], [ -84.4667801, 33.8049774 ] ] } },
{ "type": "Feature", "properties": { "edge_id": 29664, "segment_id": "3e2a43b7-1115-4e22-9720-18f21d9dd789", "u": "870b0e94-2a7e-438e-9417-dd0238e64335", "v": "c0714bd2-6ad3-49e4-91d0-a5487e048b58", "part": 3, "cls": "tertiary", "subclass": null, "name": "Fulton Street Southwest", "length_m": 48.006210765932551, "is_bridge": false, "is_tunnel": false, "is_structure": false, "walk_ok": true, "walk_oneway": false, "walk_restricted": false, "bike_ok": true, "bike_oneway": false, "bike_restricted": false, "bike_facility": "", "low_stress": false, "dem_gaps": [ ], "max_abs_grade": 0.084147692327252333, "elev_min": 313.40628051757812, "elev_max": 317.078857421875, "cum_gain_fwd": 3.672576904296875, "cum_loss_fwd": -0.0, "net_change_fwd": 3.672576904296875, "avg_grade_fwd": 0.076502120856225181, "n_samples": 11, "d_abs_above_3": 48.006210327148438, "d_abs_above_5": 48.006210327148438, "d_abs_above_8": 24.003105163574219, "d_abs_above_10": 0.0, "d_abs_above_15": 0.0, "grade_reliable": true, "max_abs_grade_reliable": 0.084147692327252333, "shortest_use": 12, "flat_use": 20, "flat_use_per_objective": 6.666666666666667, "unavoidability": 0.55555555555555558, "barrier_score": 0.48475342239947045, "neighborhood": "Mechanicsville" }, "geometry": { "type": "LineString", "coordinates": [ [ -84.40131300637826, 33.742104445286202 ], [ -84.401315, 33.7421044 ], [ -84.401343, 33.7421038 ], [ -84.4015093, 33.7420841 ], [ -84.401823328433849, 33.742032944238588 ] ] } },
{ "type": "Feature", "properties": { "edge_id": 65294, "segment_id": "a83fbe99-bdf1-43c4-8c0d-7291b1cf11f9", "u": "ac4264eb-4067-4d89-9c60-59b9ba63994d", "v": "7a18ee50-d286-4a76-9258-5a38e0c4dc56", "part": 0, "cls": "residential", "subclass": null, "name": "Beverly Road Northeast", "length_m": 103.39039169804076, "is_bridge": false, "is_tunnel": false, "is_structure": false, "walk_ok": true, "walk_oneway": false, "walk_restricted": false, "bike_ok": true, "bike_oneway": false, "bike_restricted": false, "bike_facility": "", "low_stress": true, "dem_gaps": [ ], "max_abs_grade": 0.11613571067728269, "elev_min": 270.73208618164062, "elev_max": 274.86639404296875, "cum_gain_fwd": 1.4913330078125, "cum_loss_fwd": 4.134307861328125, "net_change_fwd": -2.642974853515625, "avg_grade_fwd": -0.025563061442628297, "n_samples": 22, "d_abs_above_3": 83.696979522705078, "d_abs_above_5": 44.310165405273438, "d_abs_above_8": 34.463462829589844, "d_abs_above_10": 14.770057678222656, "d_abs_above_15": 0.0, "grade_reliable": true, "max_abs_grade_reliable": 0.11613571067728269, "shortest_use": 4, "flat_use": 0, "flat_use_per_objective": 0.0, "unavoidability": 0.0, "barrier_score": 0.48029266468218368, "neighborhood": "Ansley Park" }, "geometry": { "type": "LineString", "coordinates": [ [ -84.379111, 33.796736 ], [ -84.378081, 33.796734 ], [ -84.3780627, 33.796732499999983 ], [ -84.378007, 33.796728 ], [ -84.377995673402609, 33.796725357127265 ] ] } },
{ "type": "Feature", "properties": { "edge_id": 38775, "segment_id": "d1d583fd-8d81-4eb6-a87d-bdbb05718f71", "u": "31d3f55e-b8f0-4152-81e6-0a58c0a43ccd", "v": "27886f5c-3c39-4103-b3d8-fcf31e15b1f5", "part": 0, "cls": "residential", "subclass": null, "name": "Espen Lane Southeast", "length_m": 35.627325201680918, "is_bridge": false, "is_tunnel": false, "is_structure": false, "walk_ok": true, "walk_oneway": false, "walk_restricted": false, "bike_ok": true, "bike_oneway": false, "bike_restricted": false, "bike_facility": "", "low_stress": true, "dem_gaps": [ ], "max_abs_grade": 0.095902452917664666, "elev_min": 293.64398193359375, "elev_max": 296.60919189453125, "cum_gain_fwd": 2.9652099609375, "cum_loss_fwd": -0.0, "net_change_fwd": 2.9652099609375, "avg_grade_fwd": 0.083228527467773941, "n_samples": 9, "d_abs_above_3": 35.627326965332031, "d_abs_above_5": 35.627326965332031, "d_abs_above_8": 22.267078399658203, "d_abs_above_10": 0.0, "d_abs_above_15": 0.0, "grade_reliable": true, "max_abs_grade_reliable": 0.095902452917664666, "shortest_use": 14, "flat_use": 0, "flat_use_per_objective": 0.0, "unavoidability": 0.0, "barrier_score": 0.47834470288311448, "neighborhood": "Chosewood Park" }, "geometry": { "type": "LineString", "coordinates": [ [ -84.3727308, 33.7157062 ], [ -84.372346600000014, 33.7157017 ] ] } },
{ "type": "Feature", "properties": { "edge_id": 58551, "segment_id": "e283791b-7deb-4f18-97ad-5563be97216e", "u": "b24b38fb-c23c-42b4-9f90-d8fd4d4a47ad", "v": "d155e83c-42bf-4457-a90e-0bb7f6d09ccb", "part": 1, "cls": "residential", "subclass": null, "name": "Holmes Street Northwest", "length_m": 89.182519720298075, "is_bridge": false, "is_tunnel": false, "is_structure": false, "walk_ok": true, "walk_oneway": false, "walk_restricted": false, "bike_ok": true, "bike_oneway": false, "bike_restricted": false, "bike_facility": "", "low_stress": true, "dem_gaps": [ ], "max_abs_grade": 0.13354330684411564, "elev_min": 271.64309692382812, "elev_max": 279.41888427734375, "cum_gain_fwd": 7.775787353515625, "cum_loss_fwd": -0.0, "net_change_fwd": 7.775787353515625, "avg_grade_fwd": 0.087189591944996675, "n_samples": 19, "d_abs_above_3": 79.273353576660156, "d_abs_above_5": 69.364181518554688, "d_abs_above_8": 54.50042724609375, "d_abs_above_10": 44.591259002685547, "d_abs_above_15": 0.0, "grade_reliable": true, "max_abs_grade_reliable": 0.13354330684411564, "shortest_use": 4, "flat_use": 0, "flat_use_per_objective": 0.0, "unavoidability": 0.0, "barrier_score": 0.47638914384556641, "neighborhood": "Berkeley Park" }, "geometry": { "type": "LineString", "coordinates": [ [ -84.408581299949532, 33.799275599999461 ], [ -84.4085813, 33.7992756 ], [ -84.409544, 33.799286 ] ] } },
{ "type": "Feature", "properties": { "edge_id": 59845, "segment_id": "74535a0d-cd7f-4463-8cec-357ffab3f3e0", "u": "33ab4b4c-f00f-4bd6-8e2f-98c6aaa1d846", "v": "fa28eadd-4788-4b3d-b11a-36d4399bab7b", "part": 2, "cls": "residential", "subclass": null, "name": "Huff Road Northwest", "length_m": 72.774559353983392, "is_bridge": false, "is_tunnel": false, "is_structure": false, "walk_ok": true, "walk_oneway": false, "walk_restricted": false, "bike_ok": true, "bike_oneway": false, "bike_restricted": false, "bike_facility": "", "low_stress": true, "dem_gaps": [ ], "max_abs_grade": 0.08164628441688393, "elev_min": 280.47622680664062, "elev_max": 284.50595092773438, "cum_gain_fwd": 0.0, "cum_loss_fwd": 4.02972412109375, "net_change_fwd": -4.02972412109375, "avg_grade_fwd": -0.055372704078236183, "n_samples": 16, "d_abs_above_3": 63.071285247802734, "d_abs_above_5": 43.66473388671875, "d_abs_above_8": 9.7032747268676758, "d_abs_above_10": 0.0, "d_abs_above_15": 0.0, "grade_reliable": true, "max_abs_grade_reliable": 0.08164628441688393, "shortest_use": 8, "flat_use": 0, "flat_use_per_objective": 0.0, "unavoidability": 0.0, "barrier_score": 0.47534178970629831, "neighborhood": "Blandtown" }, "geometry": { "type": "LineString", "coordinates": [ [ -84.419840647680047, 33.789652957751798 ], [ -84.420034, 33.789648 ], [ -84.420411, 33.789612 ], [ -84.420623, 33.789598 ] ] } },
{ "type": "Feature", "properties": { "edge_id": 20969, "segment_id": "2b39540f-6010-4540-bbb0-282ca45f11af", "u": "8d07cec9-b82d-4ccc-bd91-c345373a9c1f", "v": "6d8cba48-bd76-44a1-a70e-ad45c373e336", "part": 3, "cls": "cycleway", "subclass": null, "name": "West End Trail", "length_m": 117.13128888803834, "is_bridge": false, "is_tunnel": false, "is_structure": false, "walk_ok": true, "walk_oneway": false, "walk_restricted": false, "bike_ok": true, "bike_oneway": false, "bike_restricted": false, "bike_facility": "dedicated_cycleway", "low_stress": true, "dem_gaps": [ ], "max_abs_grade": 0.1000354857720813, "elev_min": 308.708984375, "elev_max": 314.55242919921875, "cum_gain_fwd": 5.84344482421875, "cum_loss_fwd": -0.0, "net_change_fwd": 5.84344482421875, "avg_grade_fwd": 0.049887993146712564, "n_samples": 25, "d_abs_above_3": 68.326583862304688, "d_abs_above_5": 58.565643310546875, "d_abs_above_8": 39.04376220703125, "d_abs_above_10": 4.8804702758789062, "d_abs_above_15": 0.0, "grade_reliable": true, "max_abs_grade_reliable": 0.1000354857720813, "shortest_use": 4, "flat_use": 16, "flat_use_per_objective": 5.333333333333333, "unavoidability": 1.0, "barrier_score": 0.46869141532099612, "neighborhood": "West End" }, "geometry": { "type": "LineString", "coordinates": [ [ -84.421997986597148, 33.732710404721004 ], [ -84.4219905, 33.7327689 ], [ -84.4219935, 33.732792699999983 ], [ -84.4220103, 33.7328142 ], [ -84.4220871, 33.7328618 ], [ -84.4223213, 33.7330347 ], [ -84.4224138, 33.733096600000017 ], [ -84.4225365, 33.7331561 ], [ -84.4228142, 33.7332826 ], [ -84.422923, 33.733346499999989 ], [ -84.422936563517865, 33.733353496873164 ] ] } },
{ "type": "Feature", "properties": { "edge_id": 65276, "segment_id": "3c1f2dac-0db9-42c4-8b1f-d77dd92aa14d", "u": "7f842579-5856-4e1e-bec4-6ae41e327c66", "v": "ac4264eb-4067-4d89-9c60-59b9ba63994d", "part": 3, "cls": "residential", "subclass": null, "name": "Beverly Road Northeast", "length_m": 135.88560427041793, "is_bridge": false, "is_tunnel": false, "is_structure": false, "walk_ok": true, "walk_oneway": false, "walk_restricted": false, "bike_ok": true, "bike_oneway": false, "bike_restricted": false, "bike_facility": "", "low_stress": true, "dem_gaps": [ ], "max_abs_grade": 0.085986480113189753, "elev_min": 273.34033203125, "elev_max": 279.86553955078125, "cum_gain_fwd": 0.525787353515625, "cum_loss_fwd": 6.52520751953125, "net_change_fwd": -5.999420166015625, "avg_grade_fwd": -0.044150520375336358, "n_samples": 29, "d_abs_above_3": 97.061144828796387, "d_abs_above_5": 72.795856475830078, "d_abs_above_8": 33.971401214599609, "d_abs_above_10": 0.0, "d_abs_above_15": 0.0, "grade_reliable": true, "max_abs_grade_reliable": 0.085986480113189753, "shortest_use": 4, "flat_use": 0, "flat_use_per_objective": 0.0, "unavoidability": 0.0, "barrier_score": 0.46737299237068258, "neighborhood": "Ansley Park" }, "geometry": { "type": "LineString", "coordinates": [ [ -84.380577899758251, 33.796738299999511 ], [ -84.380427, 33.796738 ], [ -84.379111, 33.796736 ] ] } },
{ "type": "Feature", "properties": { "edge_id": 1532, "segment_id": "b0c0cc05-4bec-45ed-a5fe-342352c24090", "u": "ea416f15-e388-4b36-a496-7741a28ff879", "v": "7a5397b8-9dab-442c-bc74-8549e89f9bb1", "part": 1, "cls": "residential", "subclass": null, "name": null, "length_m": 103.32605164496222, "is_bridge": false, "is_tunnel": false, "is_structure": false, "walk_ok": true, "walk_oneway": false, "walk_restricted": false, "bike_ok": true, "bike_oneway": false, "bike_restricted": false, "bike_facility": "", "low_stress": true, "dem_gaps": [ ], "max_abs_grade": 0.22350336169896048, "elev_min": 280.58932495117188, "elev_max": 293.49551391601562, "cum_gain_fwd": 0.136444091796875, "cum_loss_fwd": 12.90618896484375, "net_change_fwd": -12.769744873046875, "avg_grade_fwd": -0.12358688730658859, "n_samples": 22, "d_abs_above_3": 83.6448974609375, "d_abs_above_5": 73.8043212890625, "d_abs_above_8": 68.884033203125, "d_abs_above_10": 59.04345703125, "d_abs_above_15": 49.202880859375, "grade_reliable": true, "max_abs_grade_reliable": 0.22350336169896048, "shortest_use": 2, "flat_use": 0, "flat_use_per_objective": 0.0, "unavoidability": 0.0, "barrier_score": 0.46187439787458923, "neighborhood": null }, "geometry": { "type": "LineString", "coordinates": [ [ -84.505126953644904, 33.689310604594795 ], [ -84.5051253, 33.6893101 ], [ -84.5049258, 33.689249 ], [ -84.5048523, 33.6892368 ], [ -84.5047714, 33.6892286 ], [ -84.5044454, 33.6892102 ], [ -84.5040287, 33.6892114 ] ] } },
{ "type": "Feature", "properties": { "edge_id": 89213, "segment_id": "50134699-1108-4c2d-8ece-accaaf3f0c7f", "u": "70d0e638-c514-49d0-b879-1e48c116540b", "v": "54c325a4-1ab3-4914-96e4-8d315d8c8cf1", "part": 9, "cls": "footway", "subclass": null, "name": null, "length_m": 39.230421267640182, "is_bridge": false, "is_tunnel": false, "is_structure": false, "walk_ok": true, "walk_oneway": false, "walk_restricted": false, "bike_ok": true, "bike_oneway": false, "bike_restricted": false, "bike_facility": "shared_path", "low_stress": true, "dem_gaps": [ ], "max_abs_grade": 0.097760954272374315, "elev_min": 297.0074462890625, "elev_max": 300.43292236328125, "cum_gain_fwd": 3.42547607421875, "cum_loss_fwd": -0.0, "net_change_fwd": 3.42547607421875, "avg_grade_fwd": 0.087316827466302094, "n_samples": 9, "d_abs_above_3": 39.230422973632812, "d_abs_above_5": 39.230422973632812, "d_abs_above_8": 29.422817230224609, "d_abs_above_10": 0.0, "d_abs_above_15": 0.0, "grade_reliable": true, "max_abs_grade_reliable": 0.097760954272374315, "shortest_use": 12, "flat_use": 0, "flat_use_per_objective": 0.0, "unavoidability": 0.0, "barrier_score": 0.4602244103558103, "neighborhood": "Virginia Highland" }, "geometry": { "type": "LineString", "coordinates": [ [ -84.358871670602625, 33.773936158024824 ], [ -84.3588577, 33.7739368 ], [ -84.3587939, 33.7739456 ], [ -84.3587877, 33.7740174 ], [ -84.358791371096601, 33.774233273591584 ] ] } },
{ "type": "Feature", "properties": { "edge_id": 52740, "segment_id": "08d16a35-f138-4cc8-85e3-ab3dd387c694", "u": "426f9dc0-290a-4b69-b1f7-62f155263710", "v": "4597000a-0c71-4eab-99c3-d40acbb140a2", "part": 1, "cls": "residential", "subclass": null, "name": "Griffin Street Northwest", "length_m": 97.588800591441995, "is_bridge": false, "is_tunnel": false, "is_structure": false, "walk_ok": true, "walk_oneway": false, "walk_restricted": false, "bike_ok": true, "bike_oneway": false, "bike_restricted": false, "bike_facility": "", "low_stress": true, "dem_gaps": [ ], "max_abs_grade": 0.11781263736295954, "elev_min": 290.67459106445312, "elev_max": 299.18038940429688, "cum_gain_fwd": 0.0, "cum_loss_fwd": 8.50579833984375, "net_change_fwd": -8.50579833984375, "avg_grade_fwd": -0.08715957639178748, "n_samples": 21, "d_abs_above_3": 97.588798522949219, "d_abs_above_5": 87.829917907714844, "d_abs_above_8": 68.312156677246094, "d_abs_above_10": 43.914959907531738, "d_abs_above_15": 0.0, "grade_reliable": true, "max_abs_grade_reliable": 0.11781263736295954, "shortest_use": 4, "flat_use": 0, "flat_use_per_objective": 0.0, "unavoidability": 0.0, "barrier_score": 0.45988775899062906, "neighborhood": "English Avenue" }, "geometry": { "type": "LineString", "coordinates": [ [ -84.411420900004643, 33.773146399677358 ], [ -84.4114209, 33.7731464 ], [ -84.4114208, 33.773155 ], [ -84.4114324, 33.774025899999984 ], [ -84.411432399999413, 33.774025900043441 ] ] } },
{ "type": "Feature", "properties": { "edge_id": 27508, "segment_id": "1ef89c63-ccc3-4cd2-be01-55371db3a951", "u": "01948678-8568-4229-b5ab-9ccc494c91b5", "v": "55119866-8174-4f9c-8495-7beed5643ca0", "part": 0, "cls": "secondary", "subclass": null, "name": "University Avenue", "length_m": 71.669761288246747, "is_bridge": false, "is_tunnel": false, "is_structure": false, "walk_ok": true, "walk_oneway": false, "walk_restricted": false, "bike_ok": true, "bike_oneway": false, "bike_restricted": false, "bike_facility": "", "low_stress": false, "dem_gaps": [ ], "max_abs_grade": 0.080088150297814631, "elev_min": 292.46810913085938, "elev_max": 297.35769653320312, "cum_gain_fwd": 4.88958740234375, "cum_loss_fwd": -0.0, "net_change_fwd": 4.88958740234375, "avg_grade_fwd": 0.068223854652897584, "n_samples": 16, "d_abs_above_3": 71.669761657714844, "d_abs_above_5": 71.669761657714844, "d_abs_above_8": 4.7779841423034668, "d_abs_above_10": 0.0, "d_abs_above_15": 0.0, "grade_reliable": true, "max_abs_grade_reliable": 0.080088150297814631, "shortest_use": 8, "flat_use": 1, "flat_use_per_objective": 0.33333333333333331, "unavoidability": 0.041666666666666664, "barrier_score": 0.45919188910892822, "neighborhood": "Pittsburgh" }, "geometry": { "type": "LineString", "coordinates": [ [ -84.402457, 33.722141 ], [ -84.40323, 33.722146 ] ] } }
]
}
