{
"type": "FeatureCollection",
"name": "flat_corridors",
"crs": { "type": "name", "properties": { "name": "urn:ogc:def:crs:OGC:1.3:CRS84" } },
"features": [
{ "type": "Feature", "properties": { "corridor_id": 0, "corridor_name": "Edgewood Avenue Northeast - Peachtree Center Avenue Northeast - Decatur Street Southeast - Atlanta Beltline Southeast Trail", "street_names": "Alabama Street Southwest; Atlanta Beltline Eastside Trail; Atlanta Beltline Southeast Trail; Decatur Street Southeast; Edgewood Avenue Northeast; Krog Street Northeast; Marietta Street; Peachtree Center Avenue Northeast; Peachtree Street Southwest; Pryor Street; Pryor Street Southwest; Shirley Clarke Franklin Boulevard Southwest", "n_edges": 138, "length_m": 4775.0659001811, "length_km": 4.7750659001811, "mean_score": 48.953490942929328, "total_score": 6755.5817501242473, "pair_count_max": 277, "neighborhood_span": 36, "climb_saved_m": 4031.5904795912229, "mean_abs_grade": 0.018489517767097893, "max_grade": 0.062862838665358051, "elev_min_m": 298.26034545898438, "elev_max_m": 321.09420776367188, "elev_range_m": 22.8338623046875, "gain_per_km": 8.7230177530242852, "low_stress_share": 0.20535038853406495, "mode": "walk", "n_pieces": 1, "neighborhoods": "Cabbagetown; Downtown; Inman Park; Old Fourth Ward; Reynoldstown; Sweet Auburn", "end_a_lon": -84.392982, "end_a_lat": 33.751013, "end_b_lon": -84.3574, "end_b_lat": 33.756165, "corridor_uid": "walk-0" }, "geometry": { "type": "MultiLineString", "coordinates": [ [ [ -84.392982146361405, 33.751012696424361 ], [ -84.3929818, 33.7510131 ], [ -84.3927369, 33.7513184 ], [ -84.3926325, 33.7514485 ], [ -84.3922062, 33.7519925 ], [ -84.392206146701895, 33.75199256632208 ], [ -84.3921796, 33.7520256 ], [ -84.392179565278923, 33.752025643058069 ], [ -84.3921442, 33.7520695 ], [ -84.392082500000015, 33.7521472 ], [ -84.39208249514887, 33.752147206113413 ], [ -84.391325400000014, 33.7531013 ], [ -84.391325292026863, 33.753101432367863 ], [ -84.3912745, 33.7531637 ], [ -84.3911984, 33.7531207 ], [ -84.3910469, 33.7530366 ], [ -84.3905327, 33.7527511 ], [ -84.390178705631541, 33.75255450312757 ], [ -84.3901787, 33.7525545 ], [ -84.390110607539143, 33.752516704184721 ] ], [ [ -84.390528766868727, 33.7548311592885 ], [ -84.3902148, 33.7545428 ], [ -84.3900451, 33.7545015 ], [ -84.3898828, 33.7543818 ], [ -84.389882113245918, 33.754381360202984 ], [ -84.3897927, 33.7543241 ], [ -84.3897253, 33.7542869 ], [ -84.389725291736838, 33.754286895448111 ], [ -84.3890883, 33.753936 ], [ -84.389088299274874, 33.75393599960055 ], [ -84.3890028, 33.7538889 ] ], [ [ -84.3890028, 33.7538889 ], [ -84.3890512, 33.7538274 ], [ -84.389051200248204, 33.75382739968466 ], [ -84.389427597639767, 33.753349202998578 ], [ -84.3894276, 33.753349199999988 ], [ -84.389478100000019, 33.753285 ], [ -84.3895255, 33.7532191 ], [ -84.389525951922565, 33.753218542460765 ], [ -84.3896958, 33.753009 ], [ -84.389696163322185, 33.753008596197617 ], [ -84.3897685, 33.7529282 ], [ -84.3899679, 33.7526924 ], [ -84.390056023584364, 33.752586454774558 ], [ -84.3900574, 33.7525848 ], [ -84.390109400377639, 33.752518235606814 ] ], [ [ -84.3890028, 33.7538889 ], [ -84.388935904014502, 33.753851957440844 ], [ -84.3889358, 33.7538519 ], [ -84.388561448303349, 33.753647218496795 ], [ -84.3885605, 33.7536467 ], [ -84.388339896515134, 33.753520299087754 ], [ -84.3883392, 33.7535199 ], [ -84.3877458, 33.753178099999985 ], [ -84.387745617412662, 33.753177999313287 ], [ -84.387635, 33.753117 ] ], [ [ -84.388295430851073, 33.752623664522744 ], [ -84.3882638, 33.7526522 ], [ -84.388071, 33.752869 ], [ -84.38795, 33.752945 ], [ -84.3878523, 33.7529919 ], [ -84.387701869807273, 33.753063471631194 ], [ -84.3877016, 33.7530636 ], [ -84.387694, 33.753068 ], [ -84.387635, 33.753117 ] ], [ [ -84.3641365, 33.754618 ], [ -84.3642127, 33.7545985 ], [ -84.364212898885796, 33.754598454279609 ], [ -84.3646986, 33.7544868 ], [ -84.364698900735675, 33.754486733448999 ], [ -84.3652612, 33.7543623 ], [ -84.3652903, 33.7543556 ], [ -84.365290597865069, 33.754355553538751 ], [ -84.3653948, 33.7543393 ], [ -84.3655932, 33.7543163 ], [ -84.365892800000012, 33.7542997 ], [ -84.3668893, 33.7542896 ], [ -84.3673476, 33.7542875 ], [ -84.367347711158104, 33.75428749963045 ], [ -84.367498, 33.754287 ], [ -84.367851899932887, 33.754285700000246 ], [ -84.3678519, 33.754285699999983 ], [ -84.3679453, 33.7542853 ], [ -84.367945300014441, 33.75428529999995 ], [ -84.368027, 33.754285 ], [ -84.368105799632147, 33.75428430000327 ], [ -84.3681058, 33.7542843 ], [ -84.368251599803088, 33.754282800002024 ], [ -84.3682516, 33.7542828 ], [ -84.368580599825307, 33.754279500001758 ], [ -84.3685806, 33.7542795 ], [ -84.368584, 33.7542795 ], [ -84.368828, 33.754282 ], [ -84.3688845, 33.7542817 ], [ -84.368884500121979, 33.754281699999495 ], [ -84.369008, 33.7542812 ], [ -84.369008000072583, 33.754281199999696 ], [ -84.3697164, 33.7542782 ], [ -84.369716400041, 33.754278199999831 ], [ -84.369769, 33.754278 ], [ -84.369831099995196, 33.754278699999936 ], [ -84.3698311, 33.7542787 ], [ -84.369938799918572, 33.754279899999084 ], [ -84.3699388, 33.7542799 ], [ -84.3705167, 33.7542865 ], [ -84.370516700265355, 33.754286500002983 ], [ -84.3709155, 33.754291 ], [ -84.370915500211225, 33.754291000002368 ], [ -84.3712903, 33.7542952 ], [ -84.371459799848566, 33.754297099998304 ], [ -84.3714598, 33.7542971 ], [ -84.3719443, 33.7543027 ], [ -84.372079, 33.754304199999986 ], [ -84.372079000050107, 33.754304200000568 ], [ -84.37215, 33.754305 ], [ -84.372237190456204, 33.754306299857724 ], [ -84.3722372, 33.7543063 ], [ -84.372422, 33.754309 ], [ -84.372842020984919, 33.754314798909093 ], [ -84.3728421, 33.7543148 ], [ -84.373205479151935, 33.754319898304466 ], [ -84.3732056, 33.7543199 ], [ -84.37336, 33.754322 ], [ -84.3738346, 33.7543395 ], [ -84.374309290161833, 33.754356999637309 ], [ -84.3743093, 33.754357 ], [ -84.3743863, 33.75435980000001 ], [ -84.374465296605266, 33.754359000034377 ], [ -84.3744653, 33.754359 ], [ -84.374527492864274, 33.754359299965579 ], [ -84.3745275, 33.7543593 ], [ -84.374759794158564, 33.754363499894382 ], [ -84.3747598, 33.7543635 ], [ -84.37484, 33.754365 ], [ -84.375491599493671, 33.754376899990746 ], [ -84.3754916, 33.7543769 ], [ -84.3755454, 33.7543779 ], [ -84.3756028, 33.754379199999988 ], [ -84.375602802584808, 33.754379200060022 ], [ -84.3757966, 33.7543837 ], [ -84.375796612407342, 33.754383700283341 ], [ -84.3758798, 33.7543856 ], [ -84.3758798163026, 33.75438560037594 ], [ -84.376153, 33.7543919 ], [ -84.376153029696752, 33.754391900076492 ], [ -84.3763471, 33.7543924 ], [ -84.376566100000019, 33.7543922 ], [ -84.376566102685885, 33.7543922 ], [ -84.3766067, 33.7543922 ], [ -84.376655499916453, 33.754392299999829 ], [ -84.3766555, 33.7543923 ], [ -84.3772031, 33.7543933 ], [ -84.3772466, 33.7543928 ], [ -84.3773451, 33.7544145 ], [ -84.377345978353773, 33.75441451301954 ], [ -84.377534, 33.7544173 ], [ -84.377534650349006, 33.754417299121819 ], [ -84.3780524, 33.7544166 ], [ -84.3781506, 33.75441330000001 ], [ -84.378150601068526, 33.754413300028538 ], [ -84.3783004, 33.7544173 ], [ -84.3788317, 33.7544355 ], [ -84.3794308, 33.7544446 ], [ -84.3795524, 33.7544469 ], [ -84.379552402895072, 33.754446900036079 ], [ -84.379793098070522, 33.754449899975938 ], [ -84.3797931, 33.7544499 ], [ -84.380175991076044, 33.754454799885792 ], [ -84.380176, 33.7544548 ], [ -84.3802891, 33.7544576 ], [ -84.380412349131532, 33.754459599174872 ], [ -84.3804124, 33.7544596 ], [ -84.3808237, 33.7544681 ], [ -84.38142192414891, 33.754473695549081 ], [ -84.3814224, 33.7544737 ], [ -84.3820385, 33.7544812 ], [ -84.382196782830974, 33.754482692295696 ], [ -84.3821976, 33.7544827 ], [ -84.3822992, 33.7544623 ], [ -84.382434293853692, 33.754461600031853 ], [ -84.3824343, 33.7544616 ], [ -84.382733998007396, 33.754466799965435 ], [ -84.382734, 33.7544668 ], [ -84.3830983, 33.7544703 ], [ -84.383243082061128, 33.754471699826567 ], [ -84.3832431, 33.7544717 ], [ -84.383377, 33.754477 ], [ -84.3834626, 33.754478 ], [ -84.3834919, 33.7544783 ], [ -84.383491917840459, 33.754478300218402 ], [ -84.3836226, 33.7544799 ], [ -84.383622615351285, 33.754479900171368 ], [ -84.3842049, 33.7544864 ], [ -84.384204901047013, 33.754486400013299 ], [ -84.3842364, 33.7544868 ], [ -84.384236400523008, 33.75448680000752 ], [ -84.3843129, 33.754487899999987 ], [ -84.38449649525441, 33.754487400012927 ], [ -84.3844965, 33.7544874 ], [ -84.3846076, 33.7544894 ], [ -84.3847085, 33.7544912 ], [ -84.3854012, 33.7545007 ], [ -84.3856586, 33.754501599999983 ], [ -84.3861082, 33.7545033 ], [ -84.386181, 33.7544733 ], [ -84.386339053758462, 33.754474299075596 ], [ -84.3863392, 33.7544743 ], [ -84.3864419, 33.7544996 ], [ -84.3864661, 33.7544691 ], [ -84.386466139130206, 33.754469052218909 ], [ -84.386505, 33.7544216 ], [ -84.3865838, 33.7543288 ], [ -84.386583947037721, 33.75432862985933 ], [ -84.3867951, 33.7540843 ], [ -84.3868273, 33.754047 ], [ -84.386843, 33.7540288 ], [ -84.3869502, 33.7539053 ], [ -84.386950454553258, 33.753905028300665 ], [ -84.3869888, 33.7538641 ], [ -84.3870216, 33.7538243 ], [ -84.387021736927281, 33.753824140944175 ], [ -84.3871435, 33.7536827 ], [ -84.3872346, 33.7535779 ], [ -84.3873813, 33.753409 ], [ -84.387587197187131, 33.753172303233633 ], [ -84.3875872, 33.7531723 ], [ -84.387635, 33.753117 ] ], [ [ -84.3574, 33.756165 ], [ -84.357492, 33.756136 ], [ -84.3585842, 33.755886099999984 ], [ -84.35907, 33.755775 ], [ -84.3594119, 33.7556994 ], [ -84.3597738, 33.7556194 ], [ -84.3599484, 33.7555775 ], [ -84.3605016, 33.7554495 ], [ -84.360501639883381, 33.755449490991431 ], [ -84.360599, 33.7554275 ], [ -84.360843500000016, 33.7553719 ], [ -84.361398, 33.75524 ], [ -84.361541, 33.755208 ], [ -84.361615596489912, 33.755190900804593 ], [ -84.3616156, 33.7551909 ], [ -84.361903999937041, 33.755124600014476 ], [ -84.361904, 33.7551246 ], [ -84.36207289956495, 33.755085800099941 ], [ -84.3620729, 33.7550858 ], [ -84.3622103, 33.755054199999989 ], [ -84.362210302502419, 33.755054199425103 ], [ -84.3625681, 33.754972 ], [ -84.362568102562292, 33.754971999411808 ], [ -84.362854298372866, 33.754906300373527 ], [ -84.3628543, 33.7549063 ], [ -84.36296, 33.754882 ], [ -84.3630331, 33.7548655 ], [ -84.363033107441382, 33.754865498317493 ], [ -84.363689, 33.7547172 ], [ -84.363689096616682, 33.754717178162316 ], [ -84.3640894, 33.7546267 ], [ -84.364089550090867, 33.75462667227621 ], [ -84.3641365, 33.754618 ] ], [ [ -84.363870700000021, 33.7535152 ], [ -84.3638799, 33.7535483 ], [ -84.363885769057632, 33.753570483048293 ], [ -84.3638858, 33.7535706 ], [ -84.3639525, 33.7538249 ], [ -84.3641143, 33.7545485 ], [ -84.364114426943885, 33.754548897414409 ], [ -84.3641365, 33.754618 ] ], [ [ -84.3570751, 33.7525848 ], [ -84.3575194, 33.7525958 ], [ -84.357584504071738, 33.752596847466499 ], [ -84.3576002, 33.75259710000001 ], [ -84.358196415003945, 33.752607118831698 ], [ -84.358231, 33.7526077 ], [ -84.358957713447893, 33.752619830410509 ], [ -84.3590158, 33.7526208 ], [ -84.3600319, 33.7526377 ], [ -84.360046667469447, 33.752638477966407 ], [ -84.3601382, 33.7526433 ], [ -84.3606448, 33.75267 ], [ -84.3610914, 33.752700099999984 ], [ -84.3612939, 33.7527035 ], [ -84.3614817, 33.7526879 ], [ -84.3616989, 33.7526444 ], [ -84.362116563790494, 33.752541886593754 ], [ -84.3622587, 33.752507 ], [ -84.362998748507081, 33.752329971047743 ], [ -84.363113239988223, 33.752302583239029 ], [ -84.3631579, 33.7522919 ], [ -84.363269, 33.7523327 ], [ -84.3635043, 33.7528551 ], [ -84.3637819, 33.7534735 ], [ -84.363870268140658, 33.753514997201172 ] ] ] } },
{ "type": "Feature", "properties": { "corridor_id": 1, "corridor_name": "Peachtree Street Northeast", "street_names": "Peachtree Street; Peachtree Street Northeast", "n_edges": 111, "length_m": 3425.9974085985723, "length_km": 3.4259974085985725, "mean_score": 43.441933271665093, "total_score": 4782.7670131345976, "pair_count_max": 182, "neighborhood_span": 34, "climb_saved_m": 2587.0377564144519, "mean_abs_grade": 0.016353247558363138, "max_grade": 0.042646484366831369, "elev_min_m": 272.19796752929688, "elev_max_m": 312.2598876953125, "elev_range_m": 40.061920166015625, "gain_per_km": 11.089700779532672, "low_stress_share": 0.0, "mode": "walk", "n_pieces": 4, "neighborhoods": "Brookwood; Brookwood Hills; Downtown; Midtown", "end_a_lon": -84.385145, "end_a_lat": 33.769878, "end_b_lon": -84.39284, "end_b_lat": 33.802335, "corridor_uid": "walk-1" }, "geometry": { "type": "MultiLineString", "coordinates": [ [ [ -84.384716795707561, 33.774309841207483 ], [ -84.3847168, 33.7743098 ], [ -84.38477459751104, 33.773752124015473 ], [ -84.3847746, 33.7737521 ], [ -84.3847802, 33.7736907 ], [ -84.3847861, 33.7736173 ], [ -84.384786101655806, 33.773617280392145 ], [ -84.3848348, 33.7730406 ], [ -84.384834809695406, 33.773040484085882 ], [ -84.3848438, 33.772933 ], [ -84.384843813727599, 33.772932864169071 ], [ -84.3848514, 33.7728578 ], [ -84.384851411398827, 33.772857686164841 ], [ -84.384903497599666, 33.772337523971004 ], [ -84.3849035, 33.7723375 ], [ -84.3849109, 33.7722457 ], [ -84.3849179, 33.77217 ], [ -84.384917904570557, 33.772169959202913 ], [ -84.3849409, 33.7719647 ], [ -84.3850029, 33.7713946 ], [ -84.385002907517659, 33.771394540531929 ], [ -84.385016300000018, 33.7712886 ], [ -84.385029586834136, 33.771179707900657 ], [ -84.3850296, 33.771179600000011 ], [ -84.385071895619063, 33.77068885083127 ], [ -84.3850719, 33.7706888 ], [ -84.385084697201705, 33.770539932551955 ], [ -84.3850847, 33.7705399 ], [ -84.385145195760984, 33.769877946383907 ] ], [ [ -84.383115034228368, 33.784243978294342 ], [ -84.383127, 33.784220500000011 ], [ -84.3831801, 33.7841205 ], [ -84.3832451, 33.7840252 ], [ -84.383341, 33.7839064 ], [ -84.38359, 33.7836312 ], [ -84.3836508, 33.7835564 ], [ -84.3837299, 33.7834416 ], [ -84.3837963, 33.7833299 ], [ -84.38380800722409, 33.783303101432345 ], [ -84.3838091, 33.7833006 ], [ -84.3838515, 33.7832062 ], [ -84.383893788693427, 33.783094970901679 ], [ -84.3838945, 33.7830931 ], [ -84.3839319, 33.7826727 ], [ -84.383941, 33.782568 ], [ -84.3839521, 33.782427 ], [ -84.383961, 33.782315 ], [ -84.384007891405901, 33.78185488432846 ], [ -84.3840079, 33.7818548 ], [ -84.3840244, 33.7817186 ], [ -84.384040381067535, 33.781587355482912 ], [ -84.3840404, 33.7815872 ], [ -84.3840873, 33.7808607 ], [ -84.384087318464694, 33.780860563908533 ], [ -84.3840981, 33.7807811 ], [ -84.384109083482343, 33.780700421329712 ], [ -84.3841091, 33.7807003 ], [ -84.384126191437645, 33.780503898391949 ], [ -84.3841262, 33.7805038 ], [ -84.384159495224736, 33.780122154736304 ], [ -84.3841595, 33.7801221 ], [ -84.384207, 33.779578499999985 ], [ -84.384207000517364, 33.779578494567701 ], [ -84.384212, 33.779526 ], [ -84.384215898088385, 33.779490817253581 ], [ -84.3842159, 33.7794908 ], [ -84.3842321, 33.7793129 ], [ -84.3842743, 33.7788659 ], [ -84.384274300493743, 33.778865894818388 ], [ -84.3843022, 33.7785731 ], [ -84.384302200066827, 33.778573099298278 ], [ -84.384307, 33.7785227 ], [ -84.3843134, 33.778451 ], [ -84.384313400937458, 33.778450990089915 ], [ -84.3843843, 33.7777015 ], [ -84.384384300363635, 33.777701496166017 ], [ -84.384412099939411, 33.777408400638862 ], [ -84.3844121, 33.7774084 ], [ -84.384417, 33.7773562 ], [ -84.3844199, 33.7773225 ], [ -84.384419900778852, 33.777322491936189 ], [ -84.3844315, 33.7772024 ], [ -84.3844554, 33.7769509 ], [ -84.384455400148894, 33.776950898434109 ], [ -84.3844703, 33.7767942 ], [ -84.384470300078064, 33.776794199178568 ], [ -84.38452629990266, 33.7762049010244 ], [ -84.3845263, 33.7762049 ], [ -84.384531, 33.776155 ], [ -84.3845356, 33.7761064 ], [ -84.38453560043807, 33.776106395494097 ], [ -84.3846465, 33.77496570000001 ], [ -84.384646503022012, 33.77496567365025 ], [ -84.3846522, 33.774916 ], [ -84.384657798157718, 33.77486721605414 ], [ -84.3846578, 33.7748672 ], [ -84.3846892, 33.7745526 ], [ -84.38468920343368, 33.774552569952007 ], [ -84.384715295272215, 33.774324241372646 ] ], [ [ -84.3877663, 33.7952019 ], [ -84.387769, 33.7949935 ], [ -84.3877542, 33.7948553 ], [ -84.387722, 33.794720399999989 ], [ -84.3876553, 33.794549899999986 ], [ -84.387548, 33.794358 ], [ -84.3875392, 33.7943436 ], [ -84.387538337335357, 33.794342191063464 ], [ -84.3875043, 33.7942866 ], [ -84.387503381707859, 33.794285092879299 ], [ -84.387465, 33.7942221 ], [ -84.387464000139559, 33.794220465093048 ], [ -84.3874502, 33.7941979 ], [ -84.3873842, 33.7940945 ], [ -84.387383215325599, 33.794092955221444 ], [ -84.3871924, 33.7937936 ], [ -84.387191606305464, 33.793792357695494 ], [ -84.3871832, 33.7937792 ], [ -84.3869526, 33.7934173 ], [ -84.386952043899385, 33.79341642703293 ], [ -84.3869175, 33.7933622 ], [ -84.386916977519263, 33.7933613798713 ], [ -84.3867948, 33.7931696 ], [ -84.386794395577894, 33.793168965539621 ], [ -84.3867512, 33.7931012 ], [ -84.386750839348963, 33.793100633942068 ], [ -84.3864327, 33.7926013 ], [ -84.38643264781561, 33.792601218049114 ], [ -84.3863766, 33.7925132 ], [ -84.386326908664856, 33.79243771316289 ], [ -84.3863269, 33.7924377 ], [ -84.3861923, 33.7922317 ], [ -84.38619226179874, 33.79223164161985 ], [ -84.3861675, 33.7921938 ], [ -84.3860389, 33.7919964 ], [ -84.386038784666752, 33.791996222680517 ], [ -84.3859855, 33.7919143 ], [ -84.385985348015751, 33.791914068671709 ], [ -84.38582, 33.7916624 ], [ -84.385819854574351, 33.791662177615514 ], [ -84.3857652, 33.7915786 ], [ -84.385765038515245, 33.791578353224004 ], [ -84.3857226, 33.7915135 ], [ -84.385722428085913, 33.791513237287347 ], [ -84.3856143, 33.791348 ], [ -84.385614101638197, 33.791347696726852 ], [ -84.3855018, 33.791176 ], [ -84.385501570171911, 33.791175648917502 ], [ -84.3852245, 33.7907524 ], [ -84.385224190607758, 33.790751968648145 ], [ -84.3851763, 33.790685199999984 ], [ -84.385132117500135, 33.790623503716397 ], [ -84.3851319, 33.7906232 ], [ -84.3847254, 33.7900111 ], [ -84.384725355010502, 33.790011033188073 ], [ -84.384521330454632, 33.789708045226831 ], [ -84.3845213, 33.789708 ], [ -84.384488616527321, 33.789658924816244 ], [ -84.3844886, 33.7896589 ], [ -84.3844546, 33.7896078 ], [ -84.3844455, 33.7895191 ], [ -84.3842064, 33.789091 ], [ -84.3841143, 33.7890203 ], [ -84.384085595815606, 33.788957708931228 ], [ -84.3840855, 33.7889575 ], [ -84.38402050000002, 33.788806 ], [ -84.3839337, 33.7885839 ], [ -84.383933502415587, 33.788583472452338 ], [ -84.38388, 33.7884677 ], [ -84.383833781464318, 33.788362014943182 ], [ -84.3838336, 33.7883616 ], [ -84.3837582, 33.7881598 ], [ -84.3837399, 33.7880237 ], [ -84.383619, 33.7877298 ], [ -84.383616719862644, 33.787724253719951 ], [ -84.3836116, 33.7877118 ], [ -84.3835186, 33.7876115 ], [ -84.383442564457596, 33.787431499519869 ], [ -84.3834421, 33.7874304 ], [ -84.383338009735198, 33.787122021363125 ], [ -84.3833378, 33.7871214 ], [ -84.383287147487778, 33.786988610963071 ], [ -84.3832868, 33.786987699999983 ], [ -84.383195142236033, 33.786704530484968 ], [ -84.3831951, 33.7867044 ], [ -84.383164511638924, 33.786615533813716 ], [ -84.3831645, 33.786615500000011 ], [ -84.3831523, 33.7865802 ], [ -84.383132022156417, 33.786457034575648 ], [ -84.383132, 33.7864569 ], [ -84.383064996817382, 33.786050986531535 ], [ -84.3830649, 33.7860504 ], [ -84.383048, 33.785948 ], [ -84.383002815980149, 33.785515952801397 ] ], [ [ -84.389794712598686, 33.79757479584341 ], [ -84.3898045, 33.7975806 ], [ -84.389956, 33.797670599999989 ], [ -84.3901012, 33.797763 ], [ -84.39045568591844, 33.798008145468138 ], [ -84.3904575, 33.7980094 ], [ -84.3905475, 33.7980745 ], [ -84.3906543, 33.7981525 ], [ -84.3908047, 33.7982546 ], [ -84.3909449, 33.798342099999985 ], [ -84.3910354, 33.7984043 ], [ -84.391039999935145, 33.798407783187876 ], [ -84.3910527, 33.7984174 ], [ -84.391074159037345, 33.798433755598651 ], [ -84.3910876, 33.798444 ], [ -84.391234190581358, 33.798556003806056 ], [ -84.3912512, 33.798569 ], [ -84.391465064239526, 33.798746991418867 ], [ -84.3914849, 33.7987635 ], [ -84.3916097, 33.7988659 ], [ -84.3918559, 33.7991196 ], [ -84.392140800000021, 33.7994958 ], [ -84.3922825, 33.7997135 ], [ -84.3923463, 33.799815 ], [ -84.39240567154026, 33.799947254543973 ], [ -84.3924065, 33.7999491 ], [ -84.3925087, 33.8001737 ], [ -84.392567422328838, 33.800312021589512 ], [ -84.3925703, 33.8003188 ], [ -84.3926037, 33.8004178 ], [ -84.3926771, 33.8006853 ], [ -84.392698808741386, 33.800787359277749 ], [ -84.3927002, 33.8007939 ], [ -84.3927535, 33.8010452 ], [ -84.3927683, 33.8012124 ], [ -84.39276642298401, 33.801348829426402 ], [ -84.3927664, 33.8013505 ], [ -84.392765614754495, 33.801403896694204 ], [ -84.3927656, 33.8014049 ], [ -84.3927659, 33.8014865 ], [ -84.392771, 33.8015612 ], [ -84.392771001879964, 33.801561340030169 ], [ -84.392774500000016, 33.8018219 ], [ -84.392774510293009, 33.801822704325062 ], [ -84.3927752, 33.8018766 ], [ -84.3927756, 33.8019083 ], [ -84.392775615132592, 33.801909324692794 ], [ -84.3927763, 33.8019557 ], [ -84.3927808, 33.80199540000001 ], [ -84.392780930545143, 33.801996563860172 ], [ -84.392793800000021, 33.8021113 ], [ -84.3928038, 33.8022003 ], [ -84.3928402, 33.8023351 ], [ -84.392840243584914, 33.802335318273236 ] ] ] } },
{ "type": "Feature", "properties": { "corridor_id": 2, "corridor_name": "Campbellton Road Southwest - Lee Street Southwest - Oakland Drive Southwest", "street_names": "Campbellton Road Southwest; Lee Street Southwest; Oakland Drive Southwest", "n_edges": 70, "length_m": 4213.4805086990282, "length_km": 4.2134805086990283, "mean_score": 51.836181669999362, "total_score": 3628.5327168999552, "pair_count_max": 224, "neighborhood_span": 36, "climb_saved_m": 2201.8354938265093, "mean_abs_grade": 0.019553090721048567, "max_grade": 0.052557003560974702, "elev_min_m": 288.31488037109375, "elev_max_m": 318.2342529296875, "elev_range_m": 29.91937255859375, "gain_per_km": 10.054420600058712, "low_stress_share": 0.051279916311290571, "mode": "walk", "n_pieces": 1, "neighborhoods": "Fort McPherson; Oakland City; Venetian Hills", "end_a_lon": -84.45339, "end_a_lat": 33.708028, "end_b_lon": -84.418293, "end_b_lat": 33.726554, "corridor_uid": "walk-2" }, "geometry": { "type": "MultiLineString", "coordinates": [ [ [ -84.427446, 33.717586 ], [ -84.428285, 33.717262 ], [ -84.42863, 33.717109 ], [ -84.429674, 33.71662 ], [ -84.4298, 33.716562 ], [ -84.430502, 33.716231 ], [ -84.430845, 33.71606 ], [ -84.431551, 33.715676 ], [ -84.432507, 33.715142 ], [ -84.433171, 33.714835 ], [ -84.4338137, 33.7145966 ], [ -84.433845, 33.714585 ], [ -84.4340202, 33.7145348 ], [ -84.434022241708718, 33.714534224101612 ], [ -84.4341847, 33.7144884 ], [ -84.4344159, 33.714404 ], [ -84.434416473953519, 33.714403788209033 ], [ -84.434714, 33.714294 ], [ -84.43501590000001, 33.7141995 ], [ -84.435016360877214, 33.714199355787088 ], [ -84.435670242479489, 33.71399474994508 ], [ -84.435672, 33.7139942 ], [ -84.436476910976424, 33.713742304830333 ], [ -84.4364814, 33.713740900000012 ], [ -84.436795741781737, 33.713642440961152 ], [ -84.4368013, 33.7136407 ], [ -84.436963669425253, 33.713589917396376 ], [ -84.4369698, 33.713588 ], [ -84.437238142854298, 33.713504008881493 ], [ -84.4372452, 33.7135018 ], [ -84.437612, 33.713387 ], [ -84.437836870163324, 33.713306792765124 ], [ -84.4378447, 33.713304 ], [ -84.4378653, 33.7132954 ], [ -84.438018963036939, 33.713240138572431 ], [ -84.4380263, 33.7132375 ], [ -84.438146, 33.713194 ], [ -84.438460726297762, 33.713072278301588 ], [ -84.4384661, 33.7130702 ], [ -84.439527, 33.71266 ], [ -84.439688, 33.712599 ], [ -84.440824, 33.712166 ], [ -84.441237, 33.712016 ], [ -84.441443, 33.711956 ], [ -84.4415241, 33.7119415 ], [ -84.44152897118434, 33.711940628239475 ], [ -84.441661, 33.711917 ], [ -84.441916, 33.711871 ], [ -84.442239, 33.711813 ], [ -84.4424831, 33.7117714 ], [ -84.442483103223026, 33.711771399451322 ], [ -84.443151, 33.7116577 ], [ -84.443696, 33.711565 ], [ -84.4439697, 33.7115183 ], [ -84.443969701920935, 33.711518299672747 ], [ -84.444403497220804, 33.711444400473439 ], [ -84.4444035, 33.7114444 ], [ -84.444676994982615, 33.71139780085489 ], [ -84.444677, 33.7113978 ], [ -84.445872, 33.711194 ], [ -84.446411, 33.711093 ], [ -84.446621, 33.711029 ], [ -84.446845193868569, 33.710937735239334 ], [ -84.446847, 33.710937 ], [ -84.446926, 33.710899 ], [ -84.447594, 33.710503 ], [ -84.4477734, 33.7103909 ], [ -84.447774060590191, 33.710390487090301 ], [ -84.448178, 33.710138 ], [ -84.4483626, 33.7100391 ], [ -84.4485012, 33.7099649 ], [ -84.448529, 33.70995 ], [ -84.448562, 33.7099354 ], [ -84.448562655989733, 33.709935110133053 ], [ -84.448839, 33.709813 ], [ -84.450614, 33.709117 ], [ -84.450737, 33.709068 ], [ -84.4508033, 33.709042 ], [ -84.450803303371785, 33.70904199867902 ], [ -84.4512117, 33.708882 ], [ -84.451896, 33.708614 ], [ -84.452646597515212, 33.708319600974583 ], [ -84.4526466, 33.7083196 ], [ -84.45339, 33.708028 ] ], [ [ -84.4274788, 33.7195298 ], [ -84.427507, 33.718332 ], [ -84.427496, 33.71819 ], [ -84.427492, 33.718165 ], [ -84.427444, 33.717885 ], [ -84.427446, 33.717586 ] ], [ [ -84.418293, 33.726554 ], [ -84.418502, 33.726374 ], [ -84.419205, 33.725754 ], [ -84.419640197601808, 33.725370102115491 ], [ -84.4196402, 33.7253701 ], [ -84.419867091257899, 33.725170007709551 ], [ -84.4198671, 33.72517 ], [ -84.420147, 33.724923 ], [ -84.4206831, 33.7244493 ], [ -84.420683100972241, 33.724449299141114 ], [ -84.42095329694294, 33.724210602700673 ], [ -84.4209533, 33.7242106 ], [ -84.421063196637078, 33.724113502971242 ], [ -84.4210632, 33.7241135 ], [ -84.421109, 33.724073 ], [ -84.421379, 33.723834 ], [ -84.421484, 33.7237416 ], [ -84.421484079126031, 33.723741530296017 ], [ -84.4216486, 33.7235966 ], [ -84.421648667139266, 33.72359654088131 ], [ -84.422258, 33.72306 ], [ -84.422704, 33.72263 ], [ -84.42301, 33.722275 ], [ -84.423208026430402, 33.722016345199251 ], [ -84.4232112, 33.7220122 ], [ -84.423366, 33.72181 ], [ -84.423502, 33.7216329 ], [ -84.423638573102494, 33.721438708651235 ], [ -84.4236473, 33.7214263 ], [ -84.4237956, 33.7212156 ], [ -84.423995108570949, 33.720875820966043 ], [ -84.4240034, 33.7208617 ], [ -84.4241598, 33.7205953 ], [ -84.424415573583502, 33.720068939691103 ], [ -84.4244188, 33.7200623 ], [ -84.4246556, 33.719575 ], [ -84.4247758, 33.719344299999989 ], [ -84.4249609, 33.7189096 ], [ -84.4251159, 33.718538 ], [ -84.4253034, 33.718389 ], [ -84.425306794741118, 33.718386277647227 ], [ -84.4253241, 33.718372399999986 ], [ -84.4254474, 33.7182832 ], [ -84.4257099, 33.718161 ], [ -84.425854, 33.718139 ], [ -84.426197, 33.718053 ], [ -84.426299842515064, 33.718015925421234 ], [ -84.42630130000002, 33.7180154 ], [ -84.426378174364245, 33.71798766996617 ], [ -84.4263792, 33.7179873 ], [ -84.426491492674003, 33.717946846738556 ], [ -84.4264919, 33.7179467 ], [ -84.426566, 33.71792 ], [ -84.427253, 33.71766 ], [ -84.427446, 33.717586 ] ] ] } },
{ "type": "Feature", "properties": { "corridor_id": 3, "corridor_name": "Fairburn Road Southwest", "street_names": "Fairburn Road Southwest; Landings North Drive", "n_edges": 71, "length_m": 6743.9622600871298, "length_km": 6.7439622600871294, "mean_score": 50.599654644268412, "total_score": 3577.7634756187285, "pair_count_max": 132, "neighborhood_span": 36, "climb_saved_m": 2799.5992649591408, "mean_abs_grade": 0.014276256303237315, "max_grade": 0.07804981923343704, "elev_min_m": 266.28045654296875, "elev_max_m": 299.78912353515625, "elev_range_m": 33.5086669921875, "gain_per_km": 11.205561706825137, "low_stress_share": 0.018665427254327495, "mode": "walk", "n_pieces": 3, "neighborhoods": "Ben Hill; Ben Hill Acres; Briar Glen; Cascade Green; Deerwood; Fairburn Tell; Heritage Valley; Kings Forest; Mt. Gilead Woods; Old Fairburn Village; Princeton Lakes", "end_a_lon": -84.507978, "end_a_lat": 33.72024, "end_b_lon": -84.520793, "end_b_lat": 33.665642, "corridor_uid": "walk-3" }, "geometry": { "type": "MultiLineString", "coordinates": [ [ [ -84.5079782, 33.7202402 ], [ -84.5078544, 33.7198102 ], [ -84.5078606, 33.7197013 ], [ -84.507881, 33.719345 ], [ -84.5078925, 33.7192562 ], [ -84.507901826701982, 33.719183471568506 ], [ -84.5079019, 33.7191829 ], [ -84.5079323, 33.7189471 ], [ -84.507957, 33.718755 ], [ -84.5079698, 33.7186743 ], [ -84.5080688, 33.718052099999987 ], [ -84.508068803126349, 33.718052080352358 ], [ -84.5080811, 33.7179748 ], [ -84.5080927, 33.7178918 ], [ -84.508249, 33.716772 ], [ -84.508251, 33.716592 ], [ -84.508232, 33.716439 ], [ -84.508194, 33.716288 ], [ -84.508136, 33.71614 ], [ -84.508048, 33.715978 ], [ -84.507185, 33.714628 ], [ -84.5071628, 33.7145992 ], [ -84.5069896, 33.714384 ], [ -84.506346, 33.713619 ], [ -84.506209, 33.713421 ], [ -84.50611, 33.713207 ], [ -84.506057, 33.713008 ], [ -84.506038, 33.71283 ], [ -84.5060399, 33.7125301 ] ], [ [ -84.50604, 33.71252 ], [ -84.5060407, 33.7121572 ], [ -84.506040715693274, 33.712149267423989 ], [ -84.5060428, 33.7110957 ], [ -84.506042848470045, 33.711064557993893 ], [ -84.506043, 33.7109672 ], [ -84.506043081679834, 33.710933248414349 ], [ -84.5060433, 33.7108425 ], [ -84.506043366600977, 33.710805821889558 ], [ -84.506044, 33.710457 ], [ -84.5060517, 33.7103636 ], [ -84.506055534207036, 33.710316697839524 ], [ -84.506056, 33.710311 ], [ -84.5060613, 33.710286600000011 ], [ -84.506071592391976, 33.710239173383307 ], [ -84.506084, 33.710182 ], [ -84.506194, 33.709901 ], [ -84.506286, 33.70974 ], [ -84.506828, 33.7091 ], [ -84.507034, 33.708826 ], [ -84.507116, 33.708646 ], [ -84.507124482132596, 33.70859038419875 ], [ -84.5071248, 33.7085883 ], [ -84.507149, 33.708462 ], [ -84.507147, 33.708167 ], [ -84.5071318, 33.7080687 ], [ -84.50713152886577, 33.708066953514297 ], [ -84.507055, 33.707574 ], [ -84.50685, 33.706589 ], [ -84.506754, 33.706227 ], [ -84.50656, 33.705673 ], [ -84.506451, 33.705138 ], [ -84.506193, 33.703968 ], [ -84.506174408595271, 33.703838655521146 ], [ -84.5061743, 33.7038379 ], [ -84.506138, 33.703586 ], [ -84.506126, 33.703329 ], [ -84.5061288, 33.7029662 ], [ -84.506128803323676, 33.702965712526698 ], [ -84.5061291, 33.70292220000001 ], [ -84.506129104020104, 33.702921672026164 ], [ -84.50613, 33.702804 ], [ -84.506221, 33.702017 ], [ -84.506243, 33.701604 ], [ -84.506283, 33.701303 ], [ -84.506355, 33.701005 ], [ -84.506531, 33.70048 ], [ -84.506594, 33.700325 ], [ -84.506685, 33.7001 ], [ -84.506745, 33.6999628 ], [ -84.506746958984593, 33.69995832058985 ], [ -84.506842, 33.699741 ], [ -84.507037, 33.699444 ], [ -84.507223, 33.699232 ], [ -84.507446, 33.699053 ], [ -84.508398592980114, 33.69847930422771 ], [ -84.5083986, 33.6984793 ], [ -84.508839, 33.698214 ], [ -84.50903, 33.698091 ], [ -84.509101452492189, 33.698038058019222 ], [ -84.5091045, 33.6980358 ], [ -84.509439, 33.697788 ], [ -84.509591454236599, 33.697663140175919 ], [ -84.5095948, 33.6976604 ], [ -84.510266, 33.697111 ], [ -84.510332, 33.697037 ], [ -84.510364, 33.696952 ], [ -84.510839, 33.693646 ], [ -84.5108878, 33.6933989 ], [ -84.510888092577716, 33.693397415894005 ], [ -84.510914, 33.693266 ], [ -84.510982, 33.6929686 ], [ -84.510982219057084, 33.692967645343792 ] ], [ [ -84.511601735280138, 33.688300515609534 ], [ -84.5117071, 33.6875512 ], [ -84.511707304720503, 33.687549741117948 ], [ -84.5117277, 33.6874044 ], [ -84.51172788025228, 33.687403120242053 ], [ -84.5117818, 33.6870203 ], [ -84.511781912910322, 33.687019496836122 ], [ -84.5118736, 33.686367299999986 ], [ -84.5119959, 33.685464 ], [ -84.5121065, 33.6847336 ], [ -84.512155, 33.684336 ], [ -84.5122274, 33.6840928 ], [ -84.512229730352971, 33.684084945847388 ], [ -84.512249, 33.68402 ], [ -84.51229, 33.683938 ], [ -84.512401, 33.683713 ], [ -84.512511, 33.683549 ], [ -84.512692, 33.683318 ], [ -84.512848, 33.683154 ], [ -84.512895, 33.6831128 ], [ -84.512904827493898, 33.683104183319699 ], [ -84.513132, 33.682905 ], [ -84.5132262, 33.6828296 ], [ -84.513231739151692, 33.682825168678654 ], [ -84.5132737, 33.6827916 ], [ -84.51327831239351, 33.682787909477454 ], [ -84.514488, 33.68182 ], [ -84.514838735521039, 33.681516821837732 ], [ -84.514842, 33.681514 ], [ -84.5148594, 33.6814949 ], [ -84.514970256102501, 33.681364820794201 ], [ -84.514988, 33.681344 ], [ -84.515091, 33.681216 ], [ -84.515415, 33.680669 ], [ -84.515635, 33.680433 ], [ -84.5158639, 33.6802396 ], [ -84.5158865, 33.6802178 ], [ -84.516581, 33.679657 ], [ -84.517968, 33.678572 ], [ -84.518191, 33.67837 ], [ -84.518298, 33.678244 ], [ -84.518382, 33.678111 ], [ -84.518484, 33.677905 ], [ -84.518518, 33.677791 ], [ -84.518554, 33.677586 ], [ -84.51856, 33.677421 ], [ -84.518547, 33.677283 ], [ -84.5185, 33.677072 ], [ -84.518487, 33.677042 ], [ -84.5183573, 33.6768272 ], [ -84.518346872551831, 33.676813051280902 ], [ -84.518278, 33.6767196 ], [ -84.518179, 33.676615 ], [ -84.5181165, 33.6765265 ], [ -84.5179945, 33.6764049 ], [ -84.517959, 33.6763827 ], [ -84.517924706130344, 33.676361271935029 ], [ -84.517806, 33.6762871 ], [ -84.5175766, 33.6761716 ], [ -84.5171861, 33.6760439 ], [ -84.5168881, 33.675914 ], [ -84.515655, 33.675613 ], [ -84.51536, 33.67553 ], [ -84.5152313, 33.6754907 ], [ -84.5150328, 33.675333 ], [ -84.5148437, 33.67516 ], [ -84.5147122, 33.6749848 ], [ -84.5145996, 33.6747761 ], [ -84.5144856, 33.6744848 ], [ -84.514432, 33.674229 ], [ -84.51433, 33.673446 ], [ -84.514303, 33.673144 ], [ -84.514268, 33.672238 ], [ -84.51429, 33.671963 ], [ -84.5143376, 33.6717523 ], [ -84.514341370741406, 33.671735548372929 ], [ -84.514355, 33.671675 ], [ -84.514552, 33.671106 ], [ -84.514643, 33.670904 ], [ -84.514713, 33.670796 ], [ -84.514716749525363, 33.67079021343968 ], [ -84.5148216, 33.6706284 ], [ -84.51502, 33.6703223 ], [ -84.515284, 33.669915 ], [ -84.515450726955052, 33.669600249736973 ], [ -84.5154605, 33.6695818 ], [ -84.515562, 33.66933 ], [ -84.515777, 33.668665 ], [ -84.515864521366694, 33.668336794874932 ], [ -84.5158662, 33.6683305 ], [ -84.515949834921983, 33.668016769477227 ], [ -84.5159502, 33.6680154 ], [ -84.5159736, 33.6679277 ], [ -84.515985, 33.667885 ], [ -84.516009400000016, 33.6677665 ], [ -84.516012226668693, 33.66775274522827 ], [ -84.516043, 33.667603 ], [ -84.516294, 33.666648 ], [ -84.516392, 33.666394 ], [ -84.516484, 33.666233 ], [ -84.516585, 33.6661 ], [ -84.516922, 33.665782 ], [ -84.51698, 33.665743 ], [ -84.517325, 33.665581 ], [ -84.5176608, 33.6654426 ], [ -84.517755310320084, 33.665403651693218 ], [ -84.518315, 33.665173 ], [ -84.5184015, 33.6651401 ], [ -84.518453312038218, 33.665120408473221 ], [ -84.518928, 33.66494 ], [ -84.5192188, 33.6648457 ], [ -84.519329, 33.66481 ], [ -84.519689, 33.664716 ], [ -84.5199829, 33.6646497 ], [ -84.519983722895432, 33.664649514534652 ], [ -84.5204155, 33.6645522 ], [ -84.5207935, 33.6656419 ] ] ] } },
{ "type": "Feature", "properties": { "corridor_id": 4, "corridor_name": "Cascade Road", "street_names": "Cascade Road", "n_edges": 61, "length_m": 3941.108314988699, "length_km": 3.941108314988699, "mean_score": 53.057510048554889, "total_score": 3236.5081129618484, "pair_count_max": 216, "neighborhood_span": 36, "climb_saved_m": 1991.3334009198777, "mean_abs_grade": 0.027163483295062296, "max_grade": 0.056857022369724231, "elev_min_m": 247.66903686523438, "elev_max_m": 312.30575561523438, "elev_range_m": 64.63671875, "gain_per_km": 8.3122301636504083, "low_stress_share": 0.0, "mode": "walk", "n_pieces": 1, "neighborhoods": "Adams Park; Audobon Forest; Cascade Heights; Horseshoe Community; Magnum Manor", "end_a_lon": -84.50314, "end_a_lat": 33.722972, "end_b_lon": -84.463573, "end_b_lat": 33.722369, "corridor_uid": "walk-4" }, "geometry": { "type": "MultiLineString", "coordinates": [ [ [ -84.5031401, 33.722972199999987 ], [ -84.5022266, 33.7229677 ], [ -84.5020655, 33.72296690000001 ], [ -84.5012454, 33.722971099999988 ], [ -84.501092000088292, 33.722971899999528 ], [ -84.501092, 33.7229719 ], [ -84.5008107, 33.7229734 ], [ -84.5005363, 33.7229518 ], [ -84.5003107, 33.7229113 ], [ -84.500187540909494, 33.722873778761688 ], [ -84.500184, 33.722872700000011 ], [ -84.4997162, 33.7227301 ], [ -84.4994324, 33.7226291 ], [ -84.4992432, 33.7226255 ] ], [ [ -84.4992432, 33.7226255 ], [ -84.4993853, 33.7227304 ], [ -84.5000842, 33.722975299999987 ], [ -84.5005293, 33.7230602 ], [ -84.5008152, 33.7230756 ] ], [ [ -84.4635727, 33.7223687 ], [ -84.464019194379247, 33.722209802000307 ], [ -84.4640192, 33.7222098 ], [ -84.4642143, 33.7221403 ], [ -84.4646858, 33.7219496 ], [ -84.464686664781965, 33.721949250453306 ], [ -84.4648857, 33.7218688 ], [ -84.464886925149329, 33.721868303763046 ], [ -84.4649452, 33.7218447 ], [ -84.4651618, 33.7217645 ], [ -84.465162665371125, 33.721764178957315 ], [ -84.4652397, 33.7217356 ], [ -84.465240396305461, 33.721735342032304 ], [ -84.4654748, 33.7216485 ], [ -84.465474971752997, 33.721648436111202 ], [ -84.4655162, 33.7216331 ], [ -84.465516286767738, 33.721633067889101 ], [ -84.4655543, 33.721619 ], [ -84.465916, 33.721485 ], [ -84.4662781, 33.7213512 ], [ -84.4663257, 33.7213336 ], [ -84.466326316919861, 33.72133337199184 ], [ -84.466744, 33.721179 ], [ -84.4669739, 33.721109599999984 ], [ -84.466981271821197, 33.721107380526952 ], [ -84.467039, 33.72109 ], [ -84.4671566, 33.7210656 ], [ -84.46716406057952, 33.72106405425626 ], [ -84.4674404, 33.7210068 ], [ -84.467446829857693, 33.721005466954608 ], [ -84.4680414, 33.7208822 ], [ -84.468045654590043, 33.720881318339899 ], [ -84.469215, 33.720639 ], [ -84.470732797762309, 33.720327500459241 ], [ -84.4707328, 33.7203275 ], [ -84.471544, 33.720161 ], [ -84.472284, 33.720009 ], [ -84.4729692, 33.7198684 ], [ -84.472969573676707, 33.719868323362114 ], [ -84.473527, 33.719754 ], [ -84.473713, 33.719727 ], [ -84.473958, 33.71972 ], [ -84.474273, 33.719746 ], [ -84.4744171, 33.719769 ], [ -84.474561, 33.719792 ], [ -84.474893, 33.719875 ], [ -84.475594, 33.720064 ], [ -84.475881, 33.720108 ], [ -84.47611, 33.72011 ], [ -84.476768, 33.720055 ], [ -84.477171, 33.720062 ], [ -84.4773644, 33.7200813 ], [ -84.477367374546446, 33.720081598665452 ], [ -84.4775118, 33.7200961 ], [ -84.477514479988031, 33.720096365207148 ], [ -84.477531, 33.720098 ], [ -84.477787, 33.720123 ], [ -84.4783098, 33.7202099 ], [ -84.478312727836808, 33.720210386743652 ], [ -84.4785083, 33.720242899999988 ], [ -84.4787952, 33.7202906 ], [ -84.478798915771435, 33.7202912144189 ], [ -84.478846, 33.720299 ], [ -84.479259, 33.720332 ], [ -84.479687, 33.720325 ], [ -84.4804886, 33.7202299 ], [ -84.482307, 33.720072 ], [ -84.483079, 33.7200012 ], [ -84.483477053836666, 33.719960504719538 ], [ -84.4834771, 33.7199605 ], [ -84.483668, 33.719941 ], [ -84.484312, 33.719903 ], [ -84.4844994, 33.7199016 ], [ -84.484499497017964, 33.719901599259401 ], [ -84.4845125, 33.7199015 ], [ -84.484713, 33.7199 ], [ -84.486338, 33.719886 ], [ -84.487601, 33.719875 ], [ -84.488076, 33.719884 ], [ -84.4882036295555, 33.719891278873085 ], [ -84.488204, 33.7198913 ], [ -84.488604, 33.719914 ], [ -84.488681363092098, 33.719921834237169 ], [ -84.488683, 33.719922 ], [ -84.489158, 33.71997 ], [ -84.489672, 33.720043 ], [ -84.48974427891828, 33.720055990670446 ], [ -84.489746, 33.7200563 ], [ -84.4903031, 33.7201562 ], [ -84.490938, 33.720274 ], [ -84.491333152807769, 33.720340058676264 ], [ -84.4913334, 33.7203401 ], [ -84.491551, 33.7203765 ], [ -84.491739557033412, 33.720400778583716 ], [ -84.4917405, 33.7204009 ], [ -84.491818215999842, 33.720413934958046 ], [ -84.4918192, 33.7204141 ], [ -84.4920829, 33.7204528 ], [ -84.492784, 33.720596 ], [ -84.493078781099243, 33.720655254480661 ], [ -84.4930805, 33.7206556 ], [ -84.493262913171662, 33.720692338721946 ], [ -84.4932657, 33.7206929 ], [ -84.493783, 33.720797 ], [ -84.49408365638611, 33.720865539878588 ], [ -84.4940905, 33.7208671 ], [ -84.494375, 33.720932 ], [ -84.494611650452796, 33.720999018632327 ], [ -84.494619, 33.7210011 ], [ -84.49494, 33.721092 ], [ -84.494991059346845, 33.721108901177523 ], [ -84.4949974, 33.721111 ], [ -84.495934, 33.721421 ], [ -84.496420959582011, 33.721593337961558 ], [ -84.4964217, 33.7215936 ], [ -84.496437, 33.721599 ], [ -84.497211180863118, 33.721886881328047 ], [ -84.4972115, 33.721887 ], [ -84.4977553, 33.7220893 ], [ -84.498723200000015, 33.722438099999977 ], [ -84.4988198, 33.7224707 ], [ -84.4992432, 33.7226255 ] ] ] } },
{ "type": "Feature", "properties": { "corridor_id": 5, "corridor_name": "Peachtree Road Northeast", "street_names": "Fairhaven Circle Northeast; Peachtree Road Northeast", "n_edges": 72, "length_m": 2200.9005357033639, "length_km": 2.2009005357033637, "mean_score": 43.960734203987649, "total_score": 3122.7595207532318, "pair_count_max": 185, "neighborhood_span": 35, "climb_saved_m": 1662.2271301474523, "mean_abs_grade": 0.024029276357246915, "max_grade": 0.053113038439317958, "elev_min_m": 247.07655334472656, "elev_max_m": 284.46426391601562, "elev_range_m": 37.387710571289062, "gain_per_km": 2.9319621894035643, "low_stress_share": 0.16404289182080803, "mode": "walk", "n_pieces": 3, "neighborhoods": "Brookwood Hills; Peachtree Heights East; Peachtree Heights West; Peachtree Hills", "end_a_lon": -84.393879, "end_a_lat": 33.806823, "end_b_lon": -84.387461, "end_b_lat": 33.826626, "corridor_uid": "walk-5" }, "geometry": { "type": "MultiLineString", "coordinates": [ [ [ -84.393878719261295, 33.806822990507605 ], [ -84.3938283, 33.8071293 ], [ -84.393828071487079, 33.807130661750485 ], [ -84.3938234, 33.8071585 ], [ -84.3938072, 33.8072578 ], [ -84.3937191, 33.8077995 ], [ -84.3936699, 33.8080153 ], [ -84.3936414, 33.8081404 ], [ -84.3936127, 33.8082161 ], [ -84.393611952443962, 33.808218075416832 ], [ -84.3935727, 33.8083218 ], [ -84.393572429072393, 33.808322453691638 ], [ -84.3935555, 33.8083633 ], [ -84.3935004, 33.8085126 ], [ -84.393500166211226, 33.808513179188978 ], [ -84.3933433, 33.8089018 ], [ -84.3932831, 33.809051 ], [ -84.393282686178907, 33.809051962660099 ], [ -84.3932123, 33.80921570000001 ], [ -84.393212013492445, 33.809216367682815 ], [ -84.3931551, 33.809349 ], [ -84.3930481, 33.809598099999988 ], [ -84.3928899, 33.809992800000011 ], [ -84.392889830448524, 33.809992970931646 ] ], [ [ -84.392454952591478, 33.811070939358189 ], [ -84.3924546, 33.811071899999988 ], [ -84.392348894149265, 33.811359802863286 ], [ -84.3923475, 33.8113636 ], [ -84.3923404, 33.811388 ], [ -84.392303, 33.8115202 ], [ -84.3922918, 33.8115599 ], [ -84.3922635, 33.8117255 ], [ -84.392256545533314, 33.811815618297381 ], [ -84.3922563, 33.8118188 ], [ -84.3922525, 33.8118681 ], [ -84.392246968032325, 33.811941180204599 ], [ -84.3922468, 33.8119434 ], [ -84.392247898477549, 33.81216599149559 ], [ -84.3922479, 33.8121663 ], [ -84.3922479, 33.8121719 ], [ -84.3922681, 33.8122716 ], [ -84.392294893427078, 33.8123579788097 ], [ -84.3922949, 33.812358 ], [ -84.3923608, 33.812570199999989 ], [ -84.3924054, 33.8126836 ], [ -84.3924365, 33.8127626 ], [ -84.392465612095378, 33.812891468217416 ], [ -84.3924658, 33.8128923 ], [ -84.3924743, 33.8129301 ], [ -84.3924853, 33.8130809 ], [ -84.392485390929352, 33.813082165433343 ], [ -84.3924865, 33.8130976 ], [ -84.3924657, 33.813237899999983 ], [ -84.392465277155026, 33.813240768922896 ], [ -84.3924578, 33.813291499999984 ], [ -84.3924109, 33.8134149 ], [ -84.39240997040838, 33.813417349147052 ], [ -84.3923526, 33.8135685 ], [ -84.392352032495467, 33.813569996148317 ], [ -84.3923273, 33.8136352 ], [ -84.3922965, 33.8136986 ], [ -84.3922593, 33.8137751 ], [ -84.392252718435998, 33.813789540147916 ], [ -84.3922526, 33.8137898 ], [ -84.392102143324252, 33.814120385086355 ], [ -84.392102, 33.8141207 ], [ -84.392047852551201, 33.814239664836862 ], [ -84.3920477, 33.81424 ], [ -84.3920108, 33.8143212 ], [ -84.39198930000002, 33.8143694 ], [ -84.391968017082817, 33.814417336290077 ], [ -84.3919679, 33.8144176 ], [ -84.3919268, 33.8145101 ], [ -84.3918479097714, 33.814687578017455 ], [ -84.3918479, 33.8146876 ], [ -84.3918342, 33.8147183 ], [ -84.3918091, 33.8147747 ], [ -84.3917852, 33.8148143 ], [ -84.391782197429691, 33.81481927638778 ], [ -84.3916381, 33.8150581 ], [ -84.391535200000021, 33.8151928 ], [ -84.3914811, 33.815263499999986 ], [ -84.3912822, 33.8154726 ], [ -84.391112, 33.8156311 ], [ -84.3910939, 33.8156434 ], [ -84.391072573149728, 33.81565785703917 ], [ -84.3909958, 33.8157099 ], [ -84.390977496101357, 33.815722309575335 ], [ -84.3907924, 33.8158478 ], [ -84.390692, 33.8159221 ], [ -84.3906056, 33.8159861 ], [ -84.390598310421595, 33.815991497553455 ], [ -84.3905297, 33.8160423 ], [ -84.390414400000012, 33.8161258 ], [ -84.390411761441726, 33.816127661125925 ], [ -84.390392, 33.8161416 ], [ -84.390389982054302, 33.816143028923719 ], [ -84.390318, 33.816194 ], [ -84.390262349695575, 33.816254502377227 ], [ -84.3902618, 33.8162551 ], [ -84.390126, 33.816403 ], [ -84.390109408992416, 33.816423489441078 ], [ -84.3901077, 33.8164256 ] ], [ [ -84.3901077, 33.8164256 ], [ -84.389867869484732, 33.816721685828838 ], [ -84.3898664, 33.8167235 ], [ -84.389744543023014, 33.816878176065174 ], [ -84.3897435, 33.8168795 ], [ -84.3894701, 33.8172258 ], [ -84.3894383, 33.8172676 ], [ -84.3893702, 33.8173572 ], [ -84.3890568, 33.817821 ], [ -84.3889845, 33.81794630000001 ] ], [ [ -84.390065413361199, 33.816397441162735 ], [ -84.3901077, 33.8164256 ] ], [ [ -84.390063585913637, 33.816396971201712 ], [ -84.3898871, 33.8165978 ], [ -84.389800209823719, 33.816692076813183 ], [ -84.3897977, 33.8166948 ], [ -84.3896456, 33.8168699 ], [ -84.3894812, 33.8170681 ], [ -84.3893125, 33.8172783 ], [ -84.38893760000002, 33.8178491 ], [ -84.388915, 33.8178631 ], [ -84.3888924, 33.8178605 ], [ -84.388860305786451, 33.817902491530887 ] ], [ [ -84.388640451508365, 33.818999792870642 ], [ -84.3887438, 33.818584199999989 ], [ -84.3888126, 33.8182907 ] ], [ [ -84.3888126, 33.8182907 ], [ -84.388813646353697, 33.818288399080558 ], [ -84.3888719, 33.8181603 ], [ -84.388872326358097, 33.818159341629283 ], [ -84.388917500000019, 33.8180578 ], [ -84.3889742, 33.8179643 ], [ -84.3889845, 33.81794630000001 ] ], [ [ -84.3889845, 33.81794630000001 ], [ -84.38891630000002, 33.817925099999989 ], [ -84.388859234726311, 33.817904285615718 ] ], [ [ -84.388748278039586, 33.818285401803848 ], [ -84.3888126, 33.8182907 ] ], [ [ -84.388743955222836, 33.818283634346628 ], [ -84.3887434, 33.818285 ], [ -84.3887109, 33.8183478 ], [ -84.3886719, 33.8184928 ], [ -84.388668, 33.8185115 ], [ -84.388653314874162, 33.81858025750973 ], [ -84.3886529, 33.8185822 ], [ -84.3886456, 33.8186318 ], [ -84.388656, 33.8186497 ], [ -84.3886601, 33.8186613 ], [ -84.3886562, 33.8186774 ], [ -84.3886418, 33.818756 ], [ -84.3885802, 33.8189627 ], [ -84.388573374725482, 33.818982614842099 ], [ -84.3885729, 33.818984 ], [ -84.3885613, 33.8190152 ], [ -84.3885429, 33.8190873 ], [ -84.388530503871422, 33.819136201263142 ], [ -84.3885302, 33.81913740000001 ], [ -84.388519, 33.8191844 ], [ -84.3884767, 33.819325299999988 ], [ -84.3884187, 33.8195635 ] ], [ [ -84.38746079998613, 33.826625905174382 ], [ -84.3874608, 33.8266259 ], [ -84.387460899997819, 33.826421304452822 ], [ -84.3874609, 33.8264213 ], [ -84.387460999994929, 33.82633890417911 ], [ -84.387461, 33.82633890000001 ], [ -84.387461099998603, 33.826099403343747 ], [ -84.3874611, 33.8260994 ], [ -84.3874614, 33.8255948 ], [ -84.3874614, 33.825513101349905 ], [ -84.3874614, 33.8255131 ], [ -84.387461499999091, 33.825403600991187 ], [ -84.3874615, 33.8254036 ], [ -84.387461699999832, 33.825161100201363 ], [ -84.3874617, 33.82516110000001 ], [ -84.3874617, 33.8251008 ], [ -84.387462400000018, 33.8250415 ], [ -84.387462400000743, 33.825041499939232 ], [ -84.387467, 33.824662 ], [ -84.387460800134022, 33.824380506085163 ], [ -84.3874608, 33.824380499999982 ], [ -84.3874544, 33.8240892 ], [ -84.387454799834188, 33.8240610116897 ], [ -84.3874548, 33.824061 ], [ -84.387456399904494, 33.82392970783809 ], [ -84.3874564, 33.8239297 ], [ -84.3874612, 33.8235836 ], [ -84.387462, 33.8235302 ], [ -84.3874629, 33.8234641 ], [ -84.3874665, 33.8231942 ], [ -84.387469200000012, 33.8230898 ], [ -84.3874813, 33.8229862 ], [ -84.387486100000018, 33.8229587 ], [ -84.3874861573251, 33.822958374462907 ], [ -84.3875026, 33.822865 ], [ -84.3875242, 33.8227933 ], [ -84.38752424337882, 33.822793156291041 ], [ -84.387622, 33.8224693 ], [ -84.3876507, 33.8223835 ], [ -84.38765093733889, 33.82238279081843 ] ] ] } },
{ "type": "Feature", "properties": { "corridor_id": 6, "corridor_name": "Howell Mill Road Northwest - Huff Road Northwest", "street_names": "Howell Mill Road Northwest; Huff Road Northwest", "n_edges": 68, "length_m": 2793.9066199744825, "length_km": 2.7939066199744826, "mean_score": 44.907059992639482, "total_score": 3053.6800794994847, "pair_count_max": 185, "neighborhood_span": 34, "climb_saved_m": 2095.5424546467011, "mean_abs_grade": 0.016111504290478147, "max_grade": 0.054671264790017063, "elev_min_m": 287.06536865234375, "elev_max_m": 306.39630126953125, "elev_range_m": 19.3309326171875, "gain_per_km": 4.7842872453492049, "low_stress_share": 0.39143610183718175, "mode": "walk", "n_pieces": 1, "neighborhoods": "Berkeley Park; Blandtown; Marietta Street Artery; Underwood Hills", "end_a_lon": -84.415987, "end_a_lat": 33.800245, "end_b_lon": -84.410268, "end_b_lat": 33.779713, "corridor_uid": "walk-6" }, "geometry": { "type": "MultiLineString", "coordinates": [ [ [ -84.415005561167916, 33.794613856468331 ], [ -84.4150062, 33.7946149 ], [ -84.4151483, 33.7948472 ], [ -84.415384900000021, 33.7952159 ], [ -84.415472, 33.795377 ], [ -84.415618674313819, 33.795631394473837 ], [ -84.4156196, 33.795633 ], [ -84.415701, 33.795774 ], [ -84.4157140228793, 33.795801421414872 ], [ -84.4157152, 33.7958039 ], [ -84.415740333564301, 33.795856757228748 ], [ -84.4157414, 33.795859 ], [ -84.415786, 33.795953 ], [ -84.4157934, 33.7959708 ], [ -84.415861, 33.796134 ], [ -84.4159134, 33.7962906 ], [ -84.415943, 33.796379 ], [ -84.415987156093209, 33.796543065303467 ], [ -84.4159873, 33.7965436 ], [ -84.4160091, 33.7966244 ], [ -84.416068, 33.796843 ], [ -84.416128, 33.797106 ], [ -84.416142780142906, 33.797230532690484 ], [ -84.4161428, 33.7972307 ], [ -84.416145, 33.797249 ], [ -84.416151, 33.797397 ], [ -84.416146605004599, 33.797477608211118 ], [ -84.4161466, 33.7974777 ], [ -84.416144, 33.797526 ], [ -84.416142804063924, 33.797546729558626 ], [ -84.4161428, 33.7975468 ], [ -84.4161286, 33.7977974 ], [ -84.416123, 33.797896 ], [ -84.416118800057433, 33.797959799127689 ], [ -84.4161188, 33.7979598 ], [ -84.416102, 33.7982185 ], [ -84.416101999991625, 33.798218500128257 ], [ -84.416082900043051, 33.798511099340558 ], [ -84.4160829, 33.7985111 ], [ -84.416069, 33.798725 ], [ -84.4160659, 33.7987907 ], [ -84.416065899709707, 33.798790706131861 ], [ -84.4160594, 33.798928 ], [ -84.416059399117884, 33.798928018639259 ], [ -84.4160525, 33.7990738 ], [ -84.4160493, 33.7991404 ], [ -84.416049298221452, 33.799140437349436 ], [ -84.4160451, 33.7992286 ], [ -84.416045097282819, 33.799228645006565 ], [ -84.4160286, 33.7995019 ], [ -84.416028599274796, 33.799501912090477 ], [ -84.4160222, 33.7996086 ], [ -84.4160178, 33.7996964 ], [ -84.416017799982285, 33.799696400351166 ], [ -84.4160049, 33.799952 ], [ -84.4160019, 33.8000014 ], [ -84.4159931, 33.8001432 ], [ -84.4159901, 33.8001918 ], [ -84.4159873, 33.8002451 ], [ -84.415987289783601, 33.800245294882956 ] ], [ [ -84.411954282618709, 33.787778938226054 ], [ -84.4119492, 33.7878486 ], [ -84.4119456, 33.7878797 ], [ -84.4119747, 33.7879254 ], [ -84.4119781, 33.7879298 ], [ -84.4119781, 33.7879326 ], [ -84.4119755, 33.7879358 ], [ -84.4119709, 33.7879391 ], [ -84.4119615, 33.7879441 ], [ -84.4119548, 33.7879499 ], [ -84.4119456, 33.7879569 ], [ -84.4119397, 33.7879672 ], [ -84.4119367, 33.7879748 ], [ -84.4119347, 33.7880083 ], [ -84.4119375, 33.7881614 ], [ -84.4119717, 33.7885549 ], [ -84.4120081, 33.7891156 ], [ -84.4121007, 33.79022160000001 ], [ -84.4121155, 33.790324 ], [ -84.4121233, 33.790357 ], [ -84.4121357, 33.7903881 ], [ -84.412142242444432, 33.79040537364903 ], [ -84.4121521, 33.7904314 ], [ -84.4121746, 33.7904773 ], [ -84.4122406, 33.7905773 ], [ -84.412315, 33.7906853 ], [ -84.4124091, 33.7908317 ], [ -84.4125101, 33.790971 ], [ -84.4125655, 33.7910431 ], [ -84.412629, 33.7911226 ], [ -84.4128638, 33.7914216 ], [ -84.4130282, 33.791614 ], [ -84.4133177, 33.7919686 ], [ -84.413347045022149, 33.792003510457384 ], [ -84.4133641, 33.7920238 ], [ -84.4134831, 33.7921684 ], [ -84.4135703, 33.7922829 ], [ -84.4137262, 33.7924897 ], [ -84.4140335, 33.7929159 ], [ -84.4140818, 33.7929783 ], [ -84.4141146, 33.793019 ], [ -84.4141236465546, 33.793033019514432 ], [ -84.4141317, 33.7930455 ], [ -84.4141976, 33.7931479 ], [ -84.4143065, 33.793320799999989 ], [ -84.4144233, 33.7934907 ], [ -84.4145868, 33.7937327 ], [ -84.4146578, 33.7938418 ], [ -84.4147977, 33.794062300000014 ], [ -84.4149485, 33.7942993 ], [ -84.4150257, 33.7944206 ], [ -84.415055687876219, 33.794463123001329 ], [ -84.4150568, 33.7944647 ], [ -84.4150909, 33.794520300000016 ], [ -84.4151948, 33.7947027 ], [ -84.4152456, 33.794801 ], [ -84.4153592, 33.7949814 ], [ -84.4154778, 33.7951795 ], [ -84.415505, 33.7952162 ], [ -84.415558848850139, 33.795307451716383 ], [ -84.4155623, 33.795313299999989 ], [ -84.415616, 33.7953952 ], [ -84.4157232, 33.7955885 ], [ -84.4157743, 33.795681299999984 ], [ -84.4158005, 33.7957333 ], [ -84.415815608367552, 33.795763190067703 ] ], [ [ -84.4157152, 33.7958039 ], [ -84.415812374247338, 33.795772070285061 ] ], [ [ -84.41402135310463, 33.793045803447626 ], [ -84.4140243, 33.7930507 ], [ -84.414082, 33.7931464 ], [ -84.4142551, 33.7934279 ], [ -84.414585784102229, 33.79394519297513 ] ], [ [ -84.4140243, 33.7930507 ], [ -84.414110816997862, 33.793020328030657 ] ], [ [ -84.410267819581392, 33.77971314208407 ], [ -84.410556698603756, 33.780333996999204 ], [ -84.4105567, 33.780334 ], [ -84.41069, 33.780621 ], [ -84.4108935, 33.781052699999989 ], [ -84.4111091, 33.7814989 ], [ -84.4111135, 33.7815076 ], [ -84.41111365245132, 33.781507892101374 ], [ -84.4111266, 33.7815327 ], [ -84.411126697122086, 33.781532886424991 ], [ -84.4111502, 33.781578 ], [ -84.411190686161319, 33.781652989146103 ], [ -84.4111908, 33.7816532 ], [ -84.4112207, 33.7817086 ], [ -84.411302, 33.7818627 ], [ -84.4113716, 33.78201 ], [ -84.4113823, 33.7820354 ], [ -84.411451, 33.7821981 ], [ -84.4115096, 33.7823756 ], [ -84.4115488, 33.7824997 ], [ -84.411578, 33.7826054 ], [ -84.4115983, 33.7827367 ], [ -84.411598534187235, 33.782737304663797 ], [ -84.4116471, 33.7828627 ], [ -84.41168380000002, 33.7829966 ], [ -84.4117412, 33.7832118 ], [ -84.411780936754425, 33.783373834334455 ], [ -84.4117811, 33.7833745 ], [ -84.4118285, 33.783568 ], [ -84.411858637329786, 33.783705159662624 ], [ -84.4118588, 33.7837059 ], [ -84.411881754641826, 33.783810438022542 ], [ -84.411881900000012, 33.7838111 ], [ -84.411905, 33.7839482 ], [ -84.4119182, 33.7840183 ], [ -84.4119181, 33.7841117 ], [ -84.411918099548714, 33.784111962429186 ], [ -84.4119179, 33.784228 ], [ -84.4118993, 33.784378 ], [ -84.411899187244614, 33.784378656412379 ], [ -84.4118455, 33.7846912 ], [ -84.411845470654953, 33.784691370791251 ], [ -84.4118266, 33.7848012 ], [ -84.4118067, 33.784917199999988 ], [ -84.411806699844092, 33.78491720091062 ], [ -84.411786, 33.7850381 ], [ -84.411785999336288, 33.78503810386281 ], [ -84.411781, 33.7850672 ], [ -84.411750900000015, 33.7852423 ], [ -84.4117288, 33.785371 ], [ -84.411728799658107, 33.785371001992374 ], [ -84.4116842, 33.7856309 ], [ -84.411684199520479, 33.785630903356655 ], [ -84.4116803, 33.7856582 ], [ -84.411680293065146, 33.785658239142194 ], [ -84.411655, 33.785801 ], [ -84.4116529, 33.785843 ], [ -84.411652902090594, 33.785843042086825 ], [ -84.4116757, 33.786302 ], [ -84.41170510000002, 33.7866978 ], [ -84.4117098, 33.7867391 ], [ -84.411709886361493, 33.786739793824964 ], [ -84.4117363, 33.786952 ], [ -84.4117556, 33.7870889 ], [ -84.411755639576583, 33.787089177439874 ], [ -84.4117752, 33.7872263 ], [ -84.4118234, 33.7877124 ], [ -84.411823400415784, 33.787712404240793 ], [ -84.4118299, 33.7877787 ], [ -84.41195429999469, 33.7877787 ] ], [ [ -84.411192489370748, 33.781501477671803 ], [ -84.4111014, 33.7813322 ], [ -84.4108199, 33.7807149 ], [ -84.410819724474123, 33.78071451537771 ] ], [ [ -84.411190681703872, 33.781505380792673 ], [ -84.4111742, 33.7815053 ], [ -84.4111135, 33.7815076 ], [ -84.411111584477155, 33.781507595018141 ] ] ] } },
{ "type": "Feature", "properties": { "corridor_id": 7, "corridor_name": "Peters Street Southwest - West Whitehall Street Southwest - Minor Street", "street_names": "Minor Street; Peters Street Southwest; West Whitehall Street Southwest", "n_edges": 48, "length_m": 2380.043599923978, "length_km": 2.3800435999239782, "mean_score": 50.356713560101184, "total_score": 2417.1222508848568, "pair_count_max": 285, "neighborhood_span": 36, "climb_saved_m": 1984.8362374845535, "mean_abs_grade": 0.01123868718559173, "max_grade": 0.044055411743708119, "elev_min_m": 315.822265625, "elev_max_m": 324.6641845703125, "elev_range_m": 8.8419189453125, "gain_per_km": 7.1156841111126381, "low_stress_share": 0.19489510839282909, "mode": "walk", "n_pieces": 1, "neighborhoods": "Adair Park; Atlanta University Center; Castleberry Hill; Mechanicsville; Pittsburgh; The Villages at Castleberry Hill; West End", "end_a_lon": -84.412844, "end_a_lat": 33.73823, "end_b_lon": -84.397264, "end_b_lat": 33.750537, "corridor_uid": "walk-7" }, "geometry": { "type": "MultiLineString", "coordinates": [ [ [ -84.402046557431348, 33.747026416126268 ], [ -84.4021131, 33.7470755 ], [ -84.4021474, 33.7470437 ], [ -84.402147643108222, 33.747043474390566 ], [ -84.4022252, 33.7469715 ], [ -84.402226001797118, 33.746970756166284 ], [ -84.402672, 33.746557 ], [ -84.4028003, 33.746453 ], [ -84.402803901116684, 33.746450074092685 ], [ -84.4029203, 33.7463555 ], [ -84.402923338034114, 33.746353035289509 ], [ -84.403234, 33.746101 ], [ -84.4033707, 33.7459923 ], [ -84.403371318772827, 33.745991784146774 ], [ -84.4034693, 33.7459101 ], [ -84.403469678364104, 33.745909783089942 ], [ -84.4035949, 33.7458049 ], [ -84.4036515, 33.7457576 ], [ -84.4038024, 33.7456159 ], [ -84.403936269919029, 33.745482529968641 ], [ -84.4039363, 33.7454825 ], [ -84.404131546683502, 33.745287753180001 ], [ -84.4041316, 33.7452877 ], [ -84.404182279075442, 33.745236721048371 ], [ -84.4041823, 33.7452367 ], [ -84.404211300000014, 33.7452075 ], [ -84.4046531, 33.7448019 ], [ -84.404653137532492, 33.744801865755718 ], [ -84.404733, 33.744729 ], [ -84.4048234, 33.744647700000016 ], [ -84.404828108349037, 33.744643403769338 ], [ -84.405165, 33.744336 ], [ -84.405295, 33.744246 ], [ -84.405443, 33.744169 ], [ -84.40558, 33.744117 ], [ -84.407545, 33.743481 ], [ -84.4081624, 33.7432884 ], [ -84.4084371, 33.7431957 ], [ -84.408831, 33.743063 ], [ -84.409142, 33.742947 ], [ -84.4092004, 33.7429218 ], [ -84.409485, 33.742799 ], [ -84.4096401, 33.7427212 ], [ -84.409740853705742, 33.742670724562288 ], [ -84.4097423, 33.74267 ], [ -84.409836, 33.742623 ], [ -84.410196, 33.742414 ], [ -84.410270567462035, 33.742361516334022 ], [ -84.4102767, 33.7423572 ], [ -84.410538, 33.742184 ], [ -84.410828, 33.74196 ], [ -84.411214, 33.741628 ], [ -84.411511, 33.741361 ], [ -84.411679, 33.741178 ], [ -84.411706, 33.741147 ], [ -84.411832, 33.740975 ], [ -84.412022459051713, 33.740676415757477 ], [ -84.412024, 33.740674 ], [ -84.4121, 33.740555 ], [ -84.412120930312454, 33.740516298667536 ], [ -84.4121212, 33.740515799999983 ], [ -84.412305, 33.740176 ], [ -84.412402814674692, 33.739958060331361 ], [ -84.4124054, 33.7399523 ], [ -84.412434312494469, 33.739887795858841 ], [ -84.412437, 33.7398818 ], [ -84.412471, 33.739806 ], [ -84.412504, 33.739715 ], [ -84.412608, 33.739428 ], [ -84.412716, 33.739033 ], [ -84.412783, 33.738694 ], [ -84.412801843590401, 33.738550928295147 ], [ -84.4128019, 33.7385505 ], [ -84.412844, 33.73823 ] ], [ [ -84.4041823, 33.7452367 ], [ -84.4041038240548, 33.745172247907909 ] ], [ [ -84.404096778284313, 33.745173261139399 ], [ -84.4040768, 33.7451924 ], [ -84.4038615, 33.7453874 ], [ -84.403824, 33.745421 ], [ -84.4037848, 33.7454598 ], [ -84.4033812, 33.7458409 ], [ -84.403376839965148, 33.745844884860588 ], [ -84.4032615, 33.7459503 ], [ -84.403257296875736, 33.745954158533934 ], [ -84.40307, 33.7461261 ], [ -84.4028514, 33.746303 ], [ -84.402849774348581, 33.746304335062796 ], [ -84.4027328, 33.7464004 ], [ -84.4027324490675, 33.746400689789986 ], [ -84.4026777, 33.7464459 ], [ -84.4021849, 33.7468994 ], [ -84.4021012, 33.7469759 ], [ -84.402081931809121, 33.746993618989613 ], [ -84.4020813, 33.7469942 ], [ -84.402047055376187, 33.747025697204137 ], [ -84.4020464, 33.7470263 ], [ -84.4019872, 33.7470815 ], [ -84.401591017534116, 33.747449718994623 ], [ -84.4015905, 33.7474502 ], [ -84.401134148968239, 33.747874875253999 ], [ -84.4011338, 33.74787520000001 ], [ -84.4010771, 33.7479284 ], [ -84.401059413629767, 33.747945493531013 ], [ -84.4010592, 33.7479457 ], [ -84.401009300000013, 33.7479942 ], [ -84.4009916, 33.7480093 ], [ -84.4007847, 33.7481976 ], [ -84.400779234501414, 33.748202280855658 ] ], [ [ -84.4008533, 33.748245 ], [ -84.4007847, 33.7481976 ], [ -84.400784687794967, 33.748197591603628 ] ], [ [ -84.39726424728336, 33.750536768795328 ], [ -84.3972691, 33.7505351 ], [ -84.398306, 33.7501805 ], [ -84.3984618, 33.7501175 ], [ -84.3985912, 33.7500536 ], [ -84.398713, 33.749971 ], [ -84.3989271, 33.7498127 ], [ -84.399418649853544, 33.749417774579371 ], [ -84.3994287, 33.7494097 ], [ -84.399773, 33.749133 ], [ -84.400092172054357, 33.748877922333754 ], [ -84.4000922, 33.748877899999989 ], [ -84.4004734, 33.7485727 ], [ -84.400569630157491, 33.748492093559904 ], [ -84.4005701, 33.7484917 ], [ -84.400792, 33.748303 ], [ -84.400852481719269, 33.748245774229723 ] ] ] } },
{ "type": "Feature", "properties": { "corridor_id": 8, "corridor_name": "DeKalb Avenue Northeast", "street_names": "Arizona Avenue Northeast; DeKalb Avenue Northeast; Howard Street Northeast; Rogers Street Northeast; X'avier Arnold Trail", "n_edges": 48, "length_m": 3058.072359228297, "length_km": 3.058072359228297, "mean_score": 48.039478158127409, "total_score": 2313.3408930451524, "pair_count_max": 119, "neighborhood_span": 33, "climb_saved_m": 1698.5790209313263, "mean_abs_grade": 0.013414104330948928, "max_grade": 0.063811802201399884, "elev_min_m": 307.7171630859375, "elev_max_m": 319.57012939453125, "elev_range_m": 11.85296630859375, "gain_per_km": 7.1793847711766876, "low_stress_share": 0.2678898962020646, "mode": "walk", "n_pieces": 2, "neighborhoods": "Candler Park; Edgewood; Kirkwood; Lake Claire", "end_a_lon": -84.348611, "end_a_lat": 33.760371, "end_b_lon": -84.323169, "end_b_lat": 33.755344, "corridor_uid": "walk-8" }, "geometry": { "type": "MultiLineString", "coordinates": [ [ [ -84.342611883266898, 33.761625471208283 ], [ -84.3426122, 33.7616254 ], [ -84.3426823, 33.7616097 ], [ -84.3432857, 33.7614733 ], [ -84.343691, 33.7613767 ], [ -84.3437875, 33.7613537 ], [ -84.3439364, 33.761322400000012 ], [ -84.3440157, 33.761309 ], [ -84.344018267942033, 33.761308568201919 ], [ -84.3441281, 33.7612901 ], [ -84.3443044, 33.7612635 ], [ -84.344306479365031, 33.761263186724669 ], [ -84.3443575, 33.7612555 ], [ -84.3447451, 33.7611942 ], [ -84.3450227, 33.7611501 ], [ -84.3450235491879, 33.761149964867023 ], [ -84.3452992, 33.7611061 ], [ -84.345299599086246, 33.7611060364979 ], [ -84.3455443, 33.7610671 ], [ -84.3461881, 33.7609657 ], [ -84.3465114, 33.760906 ], [ -84.3465532, 33.7608983 ], [ -84.346581, 33.7608932 ], [ -84.3469284, 33.7608241 ], [ -84.3475117, 33.760707 ], [ -84.347546882208476, 33.760697923738775 ], [ -84.3475493, 33.760697299999983 ], [ -84.3476574, 33.7606682 ], [ -84.347788, 33.7606356 ], [ -84.3480475, 33.7605563 ], [ -84.3481783, 33.7605163 ], [ -84.3482896, 33.7604785 ], [ -84.3486106, 33.760371 ] ], [ [ -84.341712880813148, 33.761814019769865 ], [ -84.3413561, 33.761873199999989 ], [ -84.3408518, 33.7619501 ], [ -84.340184, 33.7620427 ], [ -84.3399885, 33.7620684 ], [ -84.3399613, 33.7620719 ], [ -84.339762943195183, 33.762097281676787 ], [ -84.3397628, 33.7620973 ], [ -84.339344, 33.762157 ], [ -84.3387892, 33.7622378 ], [ -84.3384486, 33.762288 ], [ -84.3377966, 33.7623786 ], [ -84.337796329584819, 33.762378637677841 ], [ -84.3376466, 33.7623995 ], [ -84.3375455, 33.7624132 ], [ -84.3373167, 33.7624441 ], [ -84.3372982, 33.7624464 ], [ -84.337298027943532, 33.76244642126737 ], [ -84.3371008, 33.7624708 ], [ -84.3368272, 33.7624976 ], [ -84.3366636, 33.7625112 ], [ -84.336663079113222, 33.76251122203147 ], [ -84.3365643, 33.7625154 ], [ -84.3363216, 33.7625266 ], [ -84.3362835, 33.7625277 ], [ -84.336283071263409, 33.762527712778173 ], [ -84.3360587, 33.7625344 ], [ -84.336016, 33.7625347 ], [ -84.336015702953759, 33.762534702444299 ], [ -84.3357851, 33.7625366 ], [ -84.3355756, 33.762534 ], [ -84.3355209, 33.7625333 ], [ -84.335511018461901, 33.762532900745924 ], [ -84.335511, 33.7625329 ], [ -84.3353493, 33.7625266 ], [ -84.3351548, 33.7625132 ], [ -84.334892, 33.7624953 ], [ -84.3346184, 33.7624641 ], [ -84.3345374, 33.7624533 ], [ -84.3343756, 33.7624318 ], [ -84.3340846, 33.7623827 ], [ -84.3337936, 33.7623236 ], [ -84.333756130152551, 33.76231505765135 ], [ -84.333755, 33.7623148 ], [ -84.333549685047814, 33.762268236792764 ], [ -84.3335482, 33.7622679 ], [ -84.3329755, 33.7621118 ], [ -84.332203, 33.7618877 ], [ -84.3317752, 33.7617706 ], [ -84.3314373, 33.7616636 ], [ -84.3311744, 33.7615677 ], [ -84.3311049, 33.7615391 ], [ -84.3310256, 33.7615064 ], [ -84.331042041683645, 33.761445416300695 ], [ -84.3310421, 33.7614452 ], [ -84.331088, 33.761294 ], [ -84.331101, 33.761214 ], [ -84.331115, 33.761132 ], [ -84.331121, 33.761095 ], [ -84.331128, 33.761052 ], [ -84.331139732819821, 33.760987370060313 ], [ -84.3311398, 33.760987 ], [ -84.331148, 33.760931 ], [ -84.3311717, 33.7608081 ], [ -84.331266, 33.760228 ], [ -84.331142301236639, 33.760228882931926 ], [ -84.3311259, 33.760229 ], [ -84.331072284588032, 33.760229405665157 ], [ -84.3310466, 33.7602296 ], [ -84.330601, 33.760233 ], [ -84.330394820050842, 33.760227037706692 ], [ -84.330332312406924, 33.760225230116227 ], [ -84.3302794, 33.7602237 ], [ -84.3302086, 33.7602221 ], [ -84.329625, 33.760193 ], [ -84.329451026229435, 33.760159305475263 ], [ -84.329372, 33.760144 ], [ -84.329369602963681, 33.760143232948373 ] ], [ [ -84.329151, 33.760046 ], [ -84.329072640755484, 33.760038114165205 ], [ -84.3290725, 33.7600381 ], [ -84.3280483, 33.7598871 ], [ -84.3273379, 33.7597815 ], [ -84.3267023, 33.7597599 ], [ -84.3261109, 33.7597788 ], [ -84.325900826668743, 33.759763010174453 ], [ -84.3258967, 33.7597627 ], [ -84.325818, 33.7597568 ], [ -84.3250666, 33.7598606 ], [ -84.324760519239007, 33.759918806820011 ], [ -84.3247574, 33.7599194 ], [ -84.324416, 33.7599844 ], [ -84.3240727, 33.7600263 ], [ -84.3238374, 33.7600862 ], [ -84.3237846, 33.760152 ], [ -84.323647800000018, 33.7602259 ], [ -84.3234822, 33.7603117 ], [ -84.3232229, 33.7604135 ], [ -84.3231743, 33.7603953 ], [ -84.323173365617762, 33.760394950767669 ], [ -84.323124, 33.760376499999985 ] ], [ [ -84.323169000013593, 33.755343501023532 ], [ -84.3231827, 33.7563747 ], [ -84.3231869, 33.7568835 ], [ -84.3231775, 33.7587433 ], [ -84.3231729, 33.7590311 ], [ -84.323171663327983, 33.759108437563818 ], [ -84.3231634, 33.7596252 ], [ -84.323161817099219, 33.759723915448916 ], [ -84.3231612, 33.7597624 ], [ -84.3231561, 33.7601649 ], [ -84.323144970743044, 33.760282531086851 ], [ -84.323141, 33.76032450000001 ], [ -84.323124, 33.760376499999985 ] ], [ [ -84.323124, 33.760376499999985 ], [ -84.3230955, 33.7604152 ], [ -84.3230566, 33.7604451 ], [ -84.323031619437913, 33.760457116715884 ] ] ] } },
{ "type": "Feature", "properties": { "corridor_id": 9, "corridor_name": "Marietta Street Northwest - Marietta Street - Centennial Olympic Park Drive Northwest", "street_names": "Centennial Olympic Park Drive Northwest; Marietta Street; Marietta Street Northwest", "n_edges": 44, "length_m": 1672.9168332202312, "length_km": 1.6729168332202311, "mean_score": 47.90802541040766, "total_score": 2107.953118057937, "pair_count_max": 199, "neighborhood_span": 33, "climb_saved_m": 1515.0886141595663, "mean_abs_grade": 0.015704528173350392, "max_grade": 0.051479399456034344, "elev_min_m": 302.31686401367188, "elev_max_m": 318.985107421875, "elev_range_m": 16.668243408203125, "gain_per_km": 1.5393627339627047, "low_stress_share": 0.0, "mode": "walk", "n_pieces": 1, "neighborhoods": "Downtown", "end_a_lon": -84.394613, "end_a_lat": 33.75709, "end_b_lon": -84.399579, "end_b_lat": 33.770498, "corridor_uid": "walk-9" }, "geometry": { "type": "LineString", "coordinates": [ [ -84.394613021691711, 33.757090012411744 ], [ -84.3945856, 33.7571073 ], [ -84.3944631, 33.7571969 ], [ -84.394060591054057, 33.757504284572065 ], [ -84.394048, 33.7575139 ], [ -84.3936694, 33.7577967 ], [ -84.393630876805886, 33.757825802267689 ], [ -84.3936281, 33.7578279 ], [ -84.3935166, 33.7579125 ], [ -84.3935689, 33.7580299 ], [ -84.393589, 33.7580619 ], [ -84.39359337811878, 33.758066751131608 ], [ -84.3938278, 33.7583265 ], [ -84.3940692, 33.7586231 ], [ -84.394188, 33.758704 ], [ -84.394232783231516, 33.75878478934861 ], [ -84.3942329, 33.758785 ], [ -84.394288057588554, 33.758885060246378 ], [ -84.3942883, 33.7588855 ], [ -84.3943361, 33.758984 ], [ -84.3944163, 33.7591417 ], [ -84.394416404654706, 33.759141888842748 ], [ -84.394685944776811, 33.759628256804298 ], [ -84.3946868, 33.7596298 ], [ -84.3947068, 33.7596671 ], [ -84.394887658302622, 33.760028716848858 ], [ -84.3948881, 33.7600296 ], [ -84.3949177, 33.7601041 ], [ -84.3949596, 33.7601832 ], [ -84.394961645606244, 33.760185961782831 ], [ -84.395055, 33.760312 ], [ -84.395106, 33.760384 ], [ -84.395265, 33.760581 ], [ -84.3953136, 33.7606325 ], [ -84.395320431961352, 33.760638922265123 ], [ -84.395375300000012, 33.7606905 ], [ -84.395557, 33.760871 ], [ -84.395560795037071, 33.760874800426222 ], [ -84.3959091, 33.7612236 ], [ -84.395909420426733, 33.761223944257104 ], [ -84.3959965, 33.7613175 ], [ -84.396049969839538, 33.761380144553691 ], [ -84.3960507, 33.761381 ], [ -84.396448, 33.761944 ], [ -84.396523868026961, 33.762057064024596 ], [ -84.3965251, 33.7620589 ], [ -84.396709, 33.762333 ], [ -84.3967669, 33.7624357 ], [ -84.396767797545749, 33.762437275284377 ], [ -84.3967718, 33.7624443 ], [ -84.396853324958741, 33.762588843087499 ], [ -84.3968577, 33.7625966 ], [ -84.396881, 33.762638 ], [ -84.396935858019688, 33.762759686775617 ], [ -84.3969392, 33.7627671 ], [ -84.397023, 33.762953 ], [ -84.397115900128881, 33.763175960309319 ], [ -84.3971175, 33.7631798 ], [ -84.397174291556411, 33.763343125367655 ], [ -84.3971747, 33.7633443 ], [ -84.397184, 33.763389 ], [ -84.3971935, 33.7634404 ], [ -84.397227184047864, 33.763769544123406 ], [ -84.3972272, 33.763769699999983 ], [ -84.3972333, 33.7638402 ], [ -84.3972579, 33.7641242 ], [ -84.397257902460666, 33.76412422248589 ], [ -84.3972731, 33.7642631 ], [ -84.397286299298571, 33.764395192980324 ], [ -84.3972863, 33.7643952 ], [ -84.3972925, 33.7644563 ], [ -84.397312, 33.764667 ], [ -84.3973163, 33.7647101 ], [ -84.397316301787839, 33.764710118126771 ], [ -84.397323500000013, 33.7647831 ], [ -84.3973412, 33.764961699999986 ], [ -84.397341201179046, 33.764961711890415 ], [ -84.3973707, 33.765259200000017 ], [ -84.397370700283972, 33.765259202833278 ], [ -84.3973751, 33.7653031 ], [ -84.397375100010535, 33.765303100107239 ], [ -84.39738, 33.765353 ], [ -84.397383799900908, 33.765394298923034 ], [ -84.3973838, 33.7653943 ], [ -84.397431200000014, 33.7659153 ], [ -84.3974414, 33.7659885 ], [ -84.397441416201531, 33.765988616694784 ], [ -84.3974488, 33.7660418 ], [ -84.397448828436268, 33.766042002723012 ], [ -84.397455, 33.766086 ], [ -84.397479, 33.766196 ], [ -84.397482, 33.766211 ], [ -84.3975748, 33.766472 ], [ -84.397578420503962, 33.76648217864102 ], [ -84.397631, 33.76663 ], [ -84.3976978, 33.76681 ], [ -84.397706005138147, 33.766832123683862 ], [ -84.398062, 33.767792 ], [ -84.398708, 33.769397 ], [ -84.39874, 33.769475 ], [ -84.3987644, 33.769526599999985 ], [ -84.398807, 33.769617 ], [ -84.398816502310822, 33.769634030115476 ], [ -84.398884, 33.769755 ], [ -84.399033, 33.769971 ], [ -84.399203, 33.770166 ], [ -84.3995008, 33.7704282 ], [ -84.399578811693473, 33.770498124137575 ] ] } },
{ "type": "Feature", "properties": { "corridor_id": 10, "corridor_name": "Murphy Avenue Southwest - Whitehall Street Southwest", "street_names": "Murphy Avenue Southwest; Whitehall Street Southwest", "n_edges": 37, "length_m": 3094.1318806178906, "length_km": 3.0941318806178906, "mean_score": 52.8727048335411, "total_score": 1956.2900788410207, "pair_count_max": 247, "neighborhood_span": 35, "climb_saved_m": 1405.1107960562567, "mean_abs_grade": 0.01578099858277026, "max_grade": 0.066500944247345734, "elev_min_m": 309.40194702148438, "elev_max_m": 327.74847412109375, "elev_range_m": 18.346527099609375, "gain_per_km": 7.0767977109571563, "low_stress_share": 0.0, "mode": "walk", "n_pieces": 1, "neighborhoods": "Adair Park; Capitol View; Oakland City", "end_a_lon": -84.40937, "end_a_lat": 33.74186, "end_b_lon": -84.424264, "end_b_lat": 33.718299, "corridor_uid": "walk-10" }, "geometry": { "type": "LineString", "coordinates": [ [ -84.409370466202247, 33.741859680581371 ], [ -84.4093941, 33.7418533 ], [ -84.41060056059878, 33.741527609566958 ], [ -84.4106469, 33.7415151 ], [ -84.410714, 33.741497 ], [ -84.410851, 33.741425 ], [ -84.410947, 33.741313 ], [ -84.4112314, 33.7409834 ], [ -84.41141, 33.740769 ], [ -84.411598, 33.740505 ], [ -84.411757, 33.740249 ], [ -84.411794, 33.740182 ], [ -84.411843, 33.740091 ], [ -84.4118964, 33.7399863 ], [ -84.411975381955983, 33.739819866701247 ], [ -84.4119766, 33.7398173 ], [ -84.412102, 33.739537 ], [ -84.412143, 33.739413 ], [ -84.412244, 33.739111 ], [ -84.412352, 33.73864 ], [ -84.4123832, 33.7382475 ], [ -84.412378, 33.737133 ], [ -84.4123855, 33.7361626 ], [ -84.412385500278191, 33.736162467860801 ], [ -84.4123857, 33.7360676 ], [ -84.412385701112484, 33.736067461360349 ], [ -84.412396, 33.734784 ], [ -84.41242, 33.734422 ], [ -84.412478, 33.734031 ], [ -84.4125503, 33.7336929 ], [ -84.412551051691509, 33.733689394448049 ], [ -84.412561, 33.733643 ], [ -84.4126203, 33.7334322 ], [ -84.412621221145869, 33.733428923974017 ], [ -84.412669, 33.733259 ], [ -84.412811, 33.732857 ], [ -84.412983400000016, 33.7324926 ], [ -84.4130454, 33.732362 ], [ -84.413308, 33.731914 ], [ -84.4137734, 33.7312606 ], [ -84.41424, 33.73069 ], [ -84.414467046548879, 33.730395882807578 ], [ -84.4144685, 33.730394 ], [ -84.41465462170666, 33.730152955505837 ], [ -84.414655900000014, 33.7301513 ], [ -84.414747509670548, 33.730032641784483 ], [ -84.4147487, 33.7300311 ], [ -84.415554, 33.728988 ], [ -84.415824684024528, 33.728638179117816 ], [ -84.4158249, 33.72863790000001 ], [ -84.415955588871611, 33.728468943668275 ], [ -84.4159557, 33.7284688 ], [ -84.416094, 33.72829 ], [ -84.4163946, 33.7279156 ], [ -84.4165713, 33.7276959 ], [ -84.4166237, 33.7276348 ], [ -84.4166902, 33.7275559 ], [ -84.416698494699077, 33.727546064856817 ], [ -84.416837200000018, 33.7273816 ], [ -84.416847025463099, 33.727369941077313 ], [ -84.416879, 33.727332 ], [ -84.417064, 33.727114 ], [ -84.417611, 33.726613 ], [ -84.4177404, 33.7264952 ], [ -84.417968, 33.7263175 ], [ -84.4180495, 33.7262401 ], [ -84.418049888845616, 33.726239761447872 ], [ -84.419416312168025, 33.725050072043665 ], [ -84.419420300000013, 33.7250466 ], [ -84.419907050438596, 33.724622732616254 ], [ -84.419912600000018, 33.7246179 ], [ -84.420061014376159, 33.72448822966745 ], [ -84.420067, 33.724483 ], [ -84.4201311, 33.7244272 ], [ -84.420277, 33.7243 ], [ -84.420535742626072, 33.724074402090515 ], [ -84.4205432, 33.7240679 ], [ -84.421167, 33.723524 ], [ -84.421704, 33.723033 ], [ -84.421736295271543, 33.723001983749128 ], [ -84.4217444, 33.7229942 ], [ -84.422021, 33.722728 ], [ -84.422456, 33.722268 ], [ -84.422685, 33.721991 ], [ -84.422712092321859, 33.72195230758539 ], [ -84.4227205, 33.7219403 ], [ -84.422947, 33.721617 ], [ -84.423131127935193, 33.721306665781597 ], [ -84.423146, 33.7212816 ], [ -84.423166, 33.721248 ], [ -84.423260390446075, 33.721058169353107 ], [ -84.4232739, 33.721031 ], [ -84.423355, 33.720868 ], [ -84.423507, 33.72049 ], [ -84.4235574, 33.7203441 ], [ -84.423602998564803, 33.720212323550577 ], [ -84.423611, 33.7201892 ], [ -84.423683432336617, 33.719979738437914 ], [ -84.4236905, 33.7199593 ], [ -84.423896391820435, 33.719363925410455 ], [ -84.423901, 33.7193506 ], [ -84.423968525704126, 33.719155315284866 ], [ -84.4239723, 33.7191444 ], [ -84.424264447578778, 33.718299319431082 ] ] } },
{ "type": "Feature", "properties": { "corridor_id": 11, "corridor_name": "Forrest Park Road Southeast - Jonesboro Road Southeast - South River Industrial Boulevard Southeast - Hargis Street Southeast", "street_names": "Eisenhower Circle Southeast; Forrest Park Road Southeast; Hargis Street Southeast; Hutchens Road Southeast; Jonesboro Road Southeast; Pine Forest Drive Southeast; South River Industrial Boulevard Southeast", "n_edges": 37, "length_m": 5307.7825040381358, "length_km": 5.3077825040381361, "mean_score": 50.361613333897282, "total_score": 1723.1687756026599, "pair_count_max": 70, "neighborhood_span": 36, "climb_saved_m": 1463.1897899741371, "mean_abs_grade": 0.023038599490518522, "max_grade": 0.076408965152786848, "elev_min_m": 242.8663330078125, "elev_max_m": 289.43441772460938, "elev_range_m": 46.568084716796875, "gain_per_km": 17.580941021270622, "low_stress_share": 0.12636682519481218, "mode": "walk", "n_pieces": 3, "neighborhoods": "Browns Mill Park; Lakewood; Leila Valley; Rebel Valley Forest; South River Gardens", "end_a_lon": -84.366445, "end_a_lat": 33.692769, "end_b_lon": -84.357948, "end_b_lat": 33.659512, "corridor_uid": "walk-11" }, "geometry": { "type": "MultiLineString", "coordinates": [ [ [ -84.366444982560012, 33.69276853150803 ], [ -84.3664431, 33.6927664 ], [ -84.3661624, 33.6924485 ], [ -84.3661258, 33.6924054 ], [ -84.3657932, 33.6920297 ], [ -84.36579031311436, 33.692026438194148 ], [ -84.3657855, 33.692021 ], [ -84.3654567, 33.6916494 ], [ -84.364549211818215, 33.690621901943196 ], [ -84.3645387, 33.69061 ], [ -84.3644894, 33.6905541 ], [ -84.36442328062769, 33.690479244648436 ], [ -84.3644122, 33.6904667 ], [ -84.364378, 33.690428 ], [ -84.364222, 33.690198 ], [ -84.364118, 33.689944 ], [ -84.364076, 33.689721 ], [ -84.3640189, 33.6889404 ], [ -84.364004, 33.688736 ], [ -84.364013, 33.688449 ], [ -84.3640151, 33.6884291 ], [ -84.364045, 33.688151 ], [ -84.364095, 33.68788 ], [ -84.3642, 33.687452 ], [ -84.3641058, 33.687432 ], [ -84.360222, 33.687416 ], [ -84.3602227, 33.6873388 ], [ -84.360222700642652, 33.687338728141171 ], [ -84.3602281, 33.686735 ], [ -84.360228105736098, 33.686734365933603 ], [ -84.3602344, 33.6860386 ], [ -84.360234411507207, 33.686037317767912 ], [ -84.3602351, 33.6859606 ], [ -84.360235112365302, 33.685959245163801 ], [ -84.3602388, 33.6855552 ], [ -84.360238815630751, 33.685553467974835 ], [ -84.3602456, 33.6848017 ], [ -84.360245621847199, 33.684799266768316 ], [ -84.3602488, 33.6844453 ], [ -84.360248831292779, 33.684442535157274 ], [ -84.3602601, 33.6834469 ], [ -84.36026014197418, 33.683443213268831 ], [ -84.3602613, 33.6833415 ], [ -84.3602546, 33.6832734 ], [ -84.3602157, 33.6832254 ], [ -84.360154, 33.6831953 ], [ -84.3600467, 33.6831886 ], [ -84.3594452, 33.6832012 ], [ -84.359443257109106, 33.683201188245263 ], [ -84.3593295, 33.6832005 ], [ -84.359327702944384, 33.683200489281063 ], [ -84.3589439, 33.6831982 ], [ -84.358942589062579, 33.683198192150073 ], [ -84.3581757, 33.6831936 ], [ -84.358175357440899, 33.683193597982729 ], [ -84.357904, 33.683192 ], [ -84.3579323, 33.6811015 ], [ -84.357932618041914, 33.6810777145255 ], [ -84.357937, 33.68075 ], [ -84.358017, 33.679071 ], [ -84.3580211, 33.678824 ], [ -84.3580256, 33.678122 ], [ -84.358026121148498, 33.678064813975276 ] ], [ [ -84.358049917046301, 33.675444802309144 ], [ -84.35805, 33.675436 ], [ -84.358059, 33.674266 ], [ -84.358051, 33.674095 ], [ -84.357997, 33.673857 ], [ -84.357949, 33.673756 ], [ -84.357873, 33.673642 ], [ -84.357784, 33.673543 ], [ -84.357005, 33.672787 ], [ -84.356877, 33.672634 ], [ -84.356775, 33.672471 ], [ -84.356694, 33.672284 ], [ -84.356655, 33.672116 ], [ -84.356636, 33.671869 ], [ -84.356648, 33.671569 ], [ -84.356689, 33.670601 ], [ -84.3567425, 33.66942550000001 ], [ -84.356771100000017, 33.668905 ], [ -84.3567735, 33.66869040000001 ], [ -84.3567529, 33.6685714 ], [ -84.3567235, 33.6684748 ], [ -84.3565635, 33.6681321 ], [ -84.356547124969495, 33.668103234356749 ], [ -84.3564931, 33.668008 ], [ -84.3564331, 33.6679159 ], [ -84.3563197, 33.6677745 ], [ -84.355956049868126, 33.667449737598162 ], [ -84.355955, 33.6674488 ], [ -84.355693, 33.6672127 ], [ -84.3555711, 33.6670824 ], [ -84.3554902, 33.6669755 ], [ -84.3554488, 33.6668873 ], [ -84.3554237, 33.66678730000001 ], [ -84.3554168, 33.6666794 ], [ -84.355415, 33.666401 ], [ -84.3554139, 33.6661556 ], [ -84.355424, 33.665963 ], [ -84.356583, 33.665853 ], [ -84.357012, 33.665841 ], [ -84.357233, 33.665854 ], [ -84.357592, 33.665896 ], [ -84.358188, 33.666024 ], [ -84.358543, 33.666132 ], [ -84.358637, 33.666148 ], [ -84.359174, 33.666162 ], [ -84.359672, 33.66608 ], [ -84.360031, 33.666061 ], [ -84.360325, 33.666073 ], [ -84.360523, 33.666103 ], [ -84.360713, 33.666166 ], [ -84.360918, 33.666276 ], [ -84.361172, 33.666461 ], [ -84.362207, 33.667375 ], [ -84.362626, 33.66772 ], [ -84.36288, 33.667868 ], [ -84.3632203, 33.6679825 ], [ -84.363228607619575, 33.667984892295394 ] ], [ [ -84.35544001715347, 33.665878945896061 ], [ -84.356024, 33.664037 ], [ -84.355986, 33.663227 ], [ -84.3559294, 33.6628575 ], [ -84.355862500000015, 33.6624453 ], [ -84.355810878154173, 33.662120248263832 ], [ -84.3558096, 33.6621122 ], [ -84.3557578, 33.661786 ], [ -84.3556422, 33.6610944 ], [ -84.355604, 33.660866 ], [ -84.3555, 33.66003 ], [ -84.355492, 33.65978 ], [ -84.3555002, 33.6595818 ], [ -84.355528, 33.658906 ], [ -84.356616, 33.658927 ], [ -84.356624, 33.659384 ], [ -84.356679, 33.659497 ], [ -84.356732, 33.659548 ], [ -84.356883, 33.659692 ], [ -84.357026, 33.659758 ], [ -84.357131, 33.659775 ], [ -84.357236, 33.659777 ], [ -84.357382, 33.659751 ], [ -84.357948, 33.659512 ] ] ] } },
{ "type": "Feature", "properties": { "corridor_id": 12, "corridor_name": "Peachtree Road - Peachtree Road Northeast", "street_names": "Peachtree Road; Peachtree Road Northeast", "n_edges": 36, "length_m": 1122.3325910690378, "length_km": 1.1223325910690378, "mean_score": 46.938736321979441, "total_score": 1689.7945075912598, "pair_count_max": 156, "neighborhood_span": 35, "climb_saved_m": 916.46449965626925, "mean_abs_grade": 0.018537659798453975, "max_grade": 0.036614855999642766, "elev_min_m": 277.67181396484375, "elev_max_m": 298.47723388671875, "elev_range_m": 20.805419921875, "gain_per_km": 0.0, "low_stress_share": 0.0, "mode": "walk", "n_pieces": 1, "neighborhoods": "Garden Hills; Peachtree Heights East; Peachtree Heights West", "end_a_lon": -84.382034, "end_a_lat": 33.835727, "end_b_lon": -84.387459, "end_b_lat": 33.827138, "corridor_uid": "walk-12" }, "geometry": { "type": "LineString", "coordinates": [ [ -84.382034282965634, 33.835726950984082 ], [ -84.3821186, 33.8355463 ], [ -84.3821775, 33.8354202 ], [ -84.3821914, 33.8353915 ], [ -84.382191926146575, 33.835390392322999 ], [ -84.3822332, 33.8353035 ], [ -84.382233665560292, 33.835302480064819 ], [ -84.3822657, 33.8352323 ], [ -84.3824, 33.834960599999988 ], [ -84.382400114599292, 33.834960368072863 ], [ -84.3824378, 33.8348841 ], [ -84.3824876, 33.8347912 ], [ -84.382488167513216, 33.834790142075953 ], [ -84.3826591, 33.8344715 ], [ -84.3826892, 33.8344153 ], [ -84.382692057062357, 33.834409970018136 ], [ -84.3827368, 33.8343265 ], [ -84.3828585, 33.8341055 ], [ -84.3828942, 33.8340481 ], [ -84.382899386892518, 33.834039758802142 ], [ -84.3829557, 33.8339492 ], [ -84.383047, 33.8338186 ], [ -84.3831542, 33.833712599999984 ], [ -84.383156796073592, 33.833710036650039 ], [ -84.3832256, 33.8336421 ], [ -84.3836585, 33.8332357 ], [ -84.383658500842685, 33.833235699209048 ], [ -84.3837204, 33.8331776 ], [ -84.383782809197541, 33.833120665293478 ], [ -84.3837831, 33.8331204 ], [ -84.383930311979029, 33.832986200685781 ], [ -84.3839313, 33.832985299999983 ], [ -84.3840538, 33.8328656 ], [ -84.384171278333497, 33.832762018013007 ], [ -84.384173, 33.8327605 ], [ -84.3842903, 33.8326442 ], [ -84.384521750227862, 33.83241912087518 ], [ -84.384522800000013, 33.8324181 ], [ -84.384655405856776, 33.832289070031528 ], [ -84.3846563, 33.8322882 ], [ -84.384785046272199, 33.83216303277473 ], [ -84.3847858, 33.832162299999986 ], [ -84.3850236, 33.831931 ], [ -84.38538501373732, 33.831579583876419 ], [ -84.3853851, 33.8315795 ], [ -84.3854617, 33.831505 ], [ -84.3855565, 33.8314078 ], [ -84.385556660345188, 33.831407635573981 ], [ -84.3858119, 33.83114590000001 ], [ -84.3858436, 33.8311134 ], [ -84.3860363, 33.8309269 ], [ -84.3862849, 33.8306863 ], [ -84.3863605, 33.8306155 ], [ -84.3864619, 33.830515 ], [ -84.386482782212383, 33.830494810562428 ], [ -84.386483, 33.8304946 ], [ -84.386687040208642, 33.830293052951298 ], [ -84.386687600000016, 33.8302925 ], [ -84.387106, 33.8298792 ], [ -84.3873789, 33.829590399999987 ], [ -84.3874216, 33.8295046 ], [ -84.3874448, 33.8294163 ], [ -84.387446511346653, 33.829390439650645 ], [ -84.3874466, 33.8293891 ], [ -84.3874544, 33.82927 ], [ -84.3874558, 33.8291527 ], [ -84.3874609, 33.82872480000001 ], [ -84.387460900001486, 33.828724799878934 ], [ -84.3874619, 33.828644 ], [ -84.3874617, 33.828579 ], [ -84.387461699997985, 33.828578999337914 ], [ -84.3874599, 33.8279884 ], [ -84.387458, 33.8278491 ], [ -84.3874571, 33.827779199999988 ], [ -84.387457099953437, 33.827779196617819 ], [ -84.3874552, 33.8276412 ], [ -84.387455199986945, 33.827641199002045 ], [ -84.3874543, 33.8275724 ], [ -84.387454999988805, 33.827511000982504 ], [ -84.387455, 33.827511 ], [ -84.387458, 33.8272257 ], [ -84.387458899940839, 33.827137705784232 ] ] } },
{ "type": "Feature", "properties": { "corridor_id": 13, "corridor_name": "Jonesboro Road Southeast - McDonough Boulevard Southeast", "street_names": "Jonesboro Road Southeast; McDonough Boulevard Southeast", "n_edges": 33, "length_m": 1713.6733137980286, "length_km": 1.7136733137980287, "mean_score": 46.750135557856687, "total_score": 1547.5939268571278, "pair_count_max": 122, "neighborhood_span": 36, "climb_saved_m": 941.02154468430922, "mean_abs_grade": 0.0075781364510275791, "max_grade": 0.040497154418142882, "elev_min_m": 307.54891967773438, "elev_max_m": 312.77670288085938, "elev_range_m": 5.227783203125, "gain_per_km": 4.2165916557855416, "low_stress_share": 0.0, "mode": "walk", "n_pieces": 2, "neighborhoods": "Lakewood Heights; Peoplestown; South Atlanta", "end_a_lon": -84.388235, "end_a_lat": 33.721682, "end_b_lon": -84.380423, "end_b_lat": 33.707799, "corridor_uid": "walk-13" }, "geometry": { "type": "MultiLineString", "coordinates": [ [ [ -84.3882349, 33.7216823 ], [ -84.3877832, 33.7213605 ], [ -84.387596200000019, 33.7212281 ], [ -84.3874119, 33.721073 ], [ -84.387079061582071, 33.720801570518198 ], [ -84.3870764, 33.7207994 ], [ -84.3868318, 33.7206 ], [ -84.386754664754378, 33.720538233071082 ], [ -84.386753, 33.7205369 ], [ -84.386267588003207, 33.720147851421622 ], [ -84.3862669, 33.7201473 ], [ -84.385917, 33.719867 ], [ -84.3857293, 33.7197107 ], [ -84.3854079, 33.719446 ], [ -84.385407435502316, 33.71944563543407 ], [ -84.3852824, 33.7193475 ], [ -84.385178605400483, 33.719255404791753 ], [ -84.3851786, 33.7192554 ], [ -84.385089, 33.7191758 ], [ -84.385078, 33.7191108 ], [ -84.384866, 33.7186334 ], [ -84.384865957346861, 33.718633304267421 ], [ -84.384848, 33.718593 ], [ -84.3848378, 33.7185687 ], [ -84.38483778201055, 33.718568658926898 ], [ -84.384562, 33.717939 ], [ -84.38445, 33.717684 ], [ -84.384264, 33.71726 ], [ -84.384171, 33.7170474 ], [ -84.384054, 33.71678 ], [ -84.383682, 33.715921 ], [ -84.383364, 33.715171 ], [ -84.38332, 33.715065 ], [ -84.38297, 33.714221 ], [ -84.382844, 33.713891 ], [ -84.382669, 33.713292 ], [ -84.38257, 33.71295 ], [ -84.382445, 33.712516 ], [ -84.3822854, 33.7119812 ], [ -84.382285399758047, 33.711981199189417 ], [ -84.382214, 33.711742 ] ], [ [ -84.382133200209793, 33.711513200528451 ], [ -84.3821332, 33.7115132 ], [ -84.382101, 33.7114322 ], [ -84.381870200581076, 33.710850501464542 ], [ -84.3818702, 33.7108505 ], [ -84.381847, 33.710792 ], [ -84.381794, 33.710665 ], [ -84.381517, 33.710006 ], [ -84.381307, 33.709506 ], [ -84.381142400000016, 33.70911610000001 ], [ -84.38114239828127, 33.709116095930611 ], [ -84.380924, 33.708599 ], [ -84.380788, 33.708334 ], [ -84.380638, 33.708089 ], [ -84.3806218, 33.7080671 ], [ -84.380617786790793, 33.708061682782471 ], [ -84.380426, 33.70780280000001 ], [ -84.380423382627427, 33.707799264325324 ] ] ] } },
{ "type": "Feature", "properties": { "corridor_id": 14, "corridor_name": "Sandtown Road Southwest - Cascade Road", "street_names": "Cascade Road; Sandtown Road Southwest", "n_edges": 22, "length_m": 2330.3651742579286, "length_km": 2.3303651742579286, "mean_score": 63.174423336302887, "total_score": 1389.8373133986636, "pair_count_max": 204, "neighborhood_span": 34, "climb_saved_m": 956.85512202869347, "mean_abs_grade": 0.0079825271415895661, "max_grade": 0.029063919955449297, "elev_min_m": 309.90261840820312, "elev_max_m": 316.78512573242188, "elev_range_m": 6.88250732421875, "gain_per_km": 4.1598631627455305, "low_stress_share": 0.74510727172781566, "mode": "walk", "n_pieces": 1, "neighborhoods": "Adams Park; Cascade Avenue/Road; Venetian Hills", "end_a_lon": -84.440186, "end_a_lat": 33.714601, "end_b_lon": -84.462775, "end_b_lat": 33.722547, "corridor_uid": "walk-14" }, "geometry": { "type": "LineString", "coordinates": [ [ -84.4401858, 33.7146009 ], [ -84.440441, 33.714686 ], [ -84.440687, 33.714781 ], [ -84.44079, 33.714832 ], [ -84.441323, 33.715209 ], [ -84.442197, 33.715832 ], [ -84.443127, 33.716489 ], [ -84.443787, 33.716922 ], [ -84.444081, 33.71708 ], [ -84.444298, 33.71719 ], [ -84.444487, 33.717262 ], [ -84.445413, 33.717507 ], [ -84.4456609, 33.7175927 ], [ -84.446874, 33.718139 ], [ -84.447283, 33.718325 ], [ -84.447513, 33.718401 ], [ -84.447716, 33.718441 ], [ -84.448341, 33.718514 ], [ -84.44978, 33.718684 ], [ -84.450372, 33.718775 ], [ -84.452575, 33.719227 ], [ -84.453086, 33.719345 ], [ -84.453316, 33.71942 ], [ -84.453538, 33.719508 ], [ -84.453947, 33.719719 ], [ -84.454364, 33.720007 ], [ -84.4551837, 33.7206063 ], [ -84.455183732226004, 33.72060632353633 ], [ -84.455783, 33.721044 ], [ -84.456095, 33.72127 ], [ -84.456338, 33.7214326 ], [ -84.456338457368005, 33.721432906084743 ], [ -84.456494, 33.721537 ], [ -84.457854, 33.721777 ], [ -84.45997, 33.72215 ], [ -84.460331796690483, 33.72221369941731 ], [ -84.4603318, 33.7222137 ], [ -84.4610358, 33.7223378 ], [ -84.461035800182998, 33.722337800032243 ], [ -84.4613643, 33.7223957 ], [ -84.461364300952724, 33.722395700167866 ], [ -84.461803, 33.722473 ], [ -84.462115, 33.722527 ], [ -84.462317, 33.72255 ], [ -84.4624912, 33.7225561 ], [ -84.462491859298822, 33.72255612285889 ], [ -84.462546, 33.722558 ], [ -84.462775, 33.722547 ] ] } },
{ "type": "Feature", "properties": { "corridor_id": 15, "corridor_name": "Greenbriar Parkway Southwest - Campbellton Road Southwest - Mount Gilead Road Southwest", "street_names": "Campbellton Road Southwest; Greenbriar Parkway Southwest; Mount Gilead Road Southwest", "n_edges": 27, "length_m": 2151.4625228333298, "length_km": 2.1514625228333299, "mean_score": 45.630220920100342, "total_score": 1225.5367086470799, "pair_count_max": 159, "neighborhood_span": 36, "climb_saved_m": 748.13227794675663, "mean_abs_grade": 0.021457373131375558, "max_grade": 0.052872509998995544, "elev_min_m": 268.4569091796875, "elev_max_m": 293.33053588867188, "elev_range_m": 24.873626708984375, "gain_per_km": 6.2824326771126113, "low_stress_share": 0.0, "mode": "walk", "n_pieces": 2, "neighborhoods": "Greenbriar; Southwest", "end_a_lon": -84.490026, "end_a_lat": 33.693028, "end_b_lon": -84.506362, "end_b_lat": 33.682871, "corridor_uid": "walk-15" }, "geometry": { "type": "MultiLineString", "coordinates": [ [ [ -84.490025795928617, 33.6930281032298 ], [ -84.4900258, 33.6930281 ], [ -84.4901103, 33.692961 ], [ -84.490588, 33.692582 ], [ -84.4904299, 33.6924018 ], [ -84.4903318, 33.69229 ], [ -84.4901597, 33.6920914 ], [ -84.4899161, 33.6918102 ], [ -84.4896571, 33.6915227 ], [ -84.489608719743842, 33.691465076361567 ], [ -84.48960790000001, 33.6914641 ], [ -84.489418, 33.691238 ], [ -84.4892964, 33.6910478 ], [ -84.489257, 33.690984 ], [ -84.489177, 33.690804 ], [ -84.489093, 33.690492 ], [ -84.489088905312826, 33.690446863215911 ], [ -84.489088700000011, 33.6904446 ], [ -84.489073, 33.690269 ], [ -84.489071614073836, 33.690119913942951 ], [ -84.4890716, 33.6901184 ], [ -84.489069607650919, 33.689896153459934 ], [ -84.4890696, 33.6898953 ], [ -84.489067, 33.689607 ], [ -84.489093, 33.689383 ], [ -84.489131, 33.689203 ], [ -84.4891465, 33.6891509 ], [ -84.489150148489202, 33.689138650805582 ], [ -84.489184, 33.689025 ], [ -84.48927, 33.688808 ], [ -84.489355, 33.68864 ], [ -84.4894174, 33.6885395 ], [ -84.489426248198328, 33.688525239931927 ], [ -84.489481, 33.688437 ], [ -84.4897679, 33.6880839 ], [ -84.489768680581662, 33.688082939044904 ], [ -84.489793, 33.688053 ], [ -84.4898497, 33.6879874 ], [ -84.489849702707559, 33.687987396870781 ], [ -84.490110391826562, 33.687686109446325 ], [ -84.4901104, 33.6876861 ], [ -84.491252, 33.686366 ] ], [ [ -84.49408547465076, 33.686318582842269 ], [ -84.4941558, 33.6863174 ], [ -84.495913, 33.686288 ], [ -84.496175, 33.686264 ], [ -84.496197648144616, 33.686259303380155 ], [ -84.4963269, 33.6862325 ], [ -84.496431, 33.686211 ], [ -84.496631755803847, 33.686144703897341 ], [ -84.496646, 33.68614 ], [ -84.49667822018607, 33.686125070133549 ], [ -84.4967552, 33.6860894 ], [ -84.4968007, 33.6860683 ], [ -84.496877, 33.686033 ], [ -84.497063, 33.685918 ], [ -84.497253, 33.685765 ], [ -84.49747, 33.685522 ], [ -84.497935105306652, 33.684836251207386 ], [ -84.4979367, 33.6848339 ], [ -84.4979568, 33.6848042 ], [ -84.498201, 33.684527 ], [ -84.4982308, 33.6845028 ], [ -84.49825693049084, 33.684482278672114 ], [ -84.4983836, 33.6843828 ], [ -84.498419426426665, 33.684360001364837 ], [ -84.498421, 33.684359 ], [ -84.498556, 33.68428 ], [ -84.498729, 33.684197 ], [ -84.498879, 33.68414 ], [ -84.499067, 33.684087 ], [ -84.4991893, 33.6840674 ], [ -84.499231660417749, 33.68406062902055 ], [ -84.499392, 33.684035 ], [ -84.500695, 33.6840152 ], [ -84.501762, 33.683999 ], [ -84.5019222, 33.6839811 ], [ -84.502013, 33.683971 ], [ -84.502257, 33.683913 ], [ -84.502545, 33.683803 ], [ -84.502806, 33.683652 ], [ -84.5029925, 33.6835012 ], [ -84.503004240078326, 33.683491673765019 ], [ -84.50301, 33.683487 ], [ -84.503308, 33.683183 ], [ -84.503505, 33.68304 ], [ -84.503637900000015, 33.6829756 ], [ -84.503693216860995, 33.682948812464701 ], [ -84.50373, 33.682931 ], [ -84.504, 33.682855 ], [ -84.504141, 33.682836 ], [ -84.504306, 33.682828 ], [ -84.505057, 33.682844 ], [ -84.506362, 33.682871 ] ] ] } },
{ "type": "Feature", "properties": { "corridor_id": 16, "corridor_name": "Marietta Street Northwest - Howell Mill Road Northwest", "street_names": "Howell Mill Road Northwest; Marietta Street Northwest", "n_edges": 25, "length_m": 747.92558689489852, "length_km": 0.74792558689489852, "mean_score": 45.578717717122906, "total_score": 1139.4679429280727, "pair_count_max": 203, "neighborhood_span": 34, "climb_saved_m": 653.66375018969779, "mean_abs_grade": 0.010926053395838766, "max_grade": 0.04363774256357153, "elev_min_m": 299.79519653320312, "elev_max_m": 307.61123657226562, "elev_range_m": 7.8160400390625, "gain_per_km": 0.49877538826923706, "low_stress_share": 0.0, "mode": "walk", "n_pieces": 1, "neighborhoods": "Marietta Street Artery", "end_a_lon": -84.405433, "end_a_lat": 33.773952, "end_b_lon": -84.410107, "end_b_lat": 33.779377, "corridor_uid": "walk-16" }, "geometry": { "type": "LineString", "coordinates": [ [ -84.405432798406707, 33.773951613689981 ], [ -84.4054419, 33.773956 ], [ -84.405527, 33.773997 ], [ -84.405642, 33.774066 ], [ -84.405738, 33.774123 ], [ -84.4059589, 33.7742889 ], [ -84.4060444, 33.7743678 ], [ -84.406101, 33.77442 ], [ -84.406163645194027, 33.774488999064744 ], [ -84.4061641, 33.7744895 ], [ -84.406219, 33.77455 ], [ -84.406348, 33.774712 ], [ -84.406436, 33.774849 ], [ -84.406523192404364, 33.775010144117395 ], [ -84.4065249, 33.7750133 ], [ -84.406618924367152, 33.775187012737199 ], [ -84.40662, 33.775189 ], [ -84.4066552, 33.7752538 ], [ -84.406703656010549, 33.775342800835674 ], [ -84.4067042, 33.7753438 ], [ -84.4068034, 33.7755236 ], [ -84.4069221, 33.775745 ], [ -84.406922542452975, 33.775745717561321 ], [ -84.4070075, 33.7758835 ], [ -84.407153398860729, 33.776036988397614 ], [ -84.4071536, 33.7760372 ], [ -84.4072405, 33.7761325 ], [ -84.4073838, 33.7762896 ], [ -84.407383866813916, 33.776289673315326 ], [ -84.4075657, 33.7764892 ], [ -84.407565866891602, 33.776489381399763 ], [ -84.4077417, 33.7766805 ], [ -84.40774181710718, 33.776680627301573 ], [ -84.4081518, 33.7771263 ], [ -84.408151804521879, 33.777126304916223 ], [ -84.408169, 33.777145 ], [ -84.40824217829902, 33.777222377053874 ], [ -84.4082422, 33.7772224 ], [ -84.408306, 33.77729 ], [ -84.408940717795431, 33.777956788378205 ], [ -84.4089413, 33.7779574 ], [ -84.4094059565099, 33.778454439540489 ], [ -84.4094062, 33.7784547 ], [ -84.409504621073026, 33.778559908733243 ], [ -84.4095048, 33.7785601 ], [ -84.4097511, 33.7788236 ], [ -84.409807386416162, 33.778902697226904 ], [ -84.4098081, 33.7789037 ], [ -84.4098504, 33.7789631 ], [ -84.409942061185873, 33.779102111295778 ], [ -84.4099439, 33.7791049 ], [ -84.409956115965173, 33.779123873733141 ], [ -84.409958, 33.7791268 ], [ -84.4100067, 33.7792026 ], [ -84.410107482017096, 33.779376758397966 ] ] } },
{ "type": "Feature", "properties": { "corridor_id": 17, "corridor_name": "Campbellton Road Southwest", "street_names": "Campbellton Road Southwest", "n_edges": 26, "length_m": 1087.04362784706, "length_km": 1.0870436278470599, "mean_score": 43.556253316748482, "total_score": 1132.4710741507429, "pair_count_max": 159, "neighborhood_span": 36, "climb_saved_m": 553.65677701164805, "mean_abs_grade": 0.021725902964006307, "max_grade": 0.0536617701073899, "elev_min_m": 278.8636474609375, "elev_max_m": 298.51593017578125, "elev_range_m": 19.65228271484375, "gain_per_km": 19.34256736434099, "low_stress_share": 0.0, "mode": "walk", "n_pieces": 2, "neighborhoods": "Baker Hills at Campbellton; Southwest", "end_a_lon": -84.474407, "end_a_lat": 33.702679, "end_b_lon": -84.484703, "end_b_lat": 33.697145, "corridor_uid": "walk-17" }, "geometry": { "type": "MultiLineString", "coordinates": [ [ [ -84.474407249051566, 33.702678653320334 ], [ -84.4744119, 33.7026778 ], [ -84.474788756963349, 33.702608866374113 ], [ -84.4747924, 33.7026082 ], [ -84.475494328636188, 33.702479724217213 ], [ -84.4754961, 33.7024794 ], [ -84.475651751143417, 33.702450847433568 ], [ -84.475653100000017, 33.7024506 ], [ -84.4757867, 33.7024261 ], [ -84.4761581, 33.702358100000012 ], [ -84.476309486107496, 33.70231845360572 ], [ -84.4763116, 33.7023179 ], [ -84.4764774, 33.7022745 ], [ -84.476541543763787, 33.702257702640281 ], [ -84.4765469, 33.7022563 ], [ -84.476797762439659, 33.702190639315248 ], [ -84.4768067, 33.7021883 ], [ -84.477098, 33.702112 ], [ -84.477760087288502, 33.701907248776863 ], [ -84.477779, 33.7019014 ], [ -84.478013, 33.701829 ], [ -84.478086931513161, 33.701799333214467 ], [ -84.4781072, 33.7017912 ], [ -84.478262, 33.701729 ], [ -84.478355286261248, 33.701683947927684 ], [ -84.4783734, 33.7016752 ], [ -84.478502, 33.701613 ], [ -84.4790376, 33.7013004 ], [ -84.4790952, 33.7012586 ], [ -84.4793997, 33.7010816 ], [ -84.4794741, 33.7010363 ], [ -84.47965075313634, 33.700928635662464 ], [ -84.47966, 33.700923 ], [ -84.4797368, 33.7008687 ], [ -84.479812611912706, 33.700815070421335 ], [ -84.4798219, 33.7008085 ], [ -84.480106818247137, 33.700606835830506 ] ], [ [ -84.480688221449057, 33.700171844728608 ], [ -84.4806967, 33.7001652 ], [ -84.480942265420396, 33.699972637808976 ], [ -84.4809492, 33.69996720000001 ], [ -84.481077, 33.699867 ], [ -84.481852672193526, 33.699274366128684 ], [ -84.4818559, 33.6992719 ], [ -84.482193203503058, 33.699005408290908 ], [ -84.482194100000015, 33.6990047 ], [ -84.4822902, 33.6989288 ], [ -84.482342785137533, 33.69888918652827 ], [ -84.4823429, 33.6988891 ], [ -84.482571923601, 33.698732342092541 ], [ -84.4825733, 33.6987314 ], [ -84.4829362, 33.6984498 ], [ -84.482936784234084, 33.698449381309814 ], [ -84.483293, 33.6981941 ], [ -84.4835234, 33.6980206 ], [ -84.483523667510994, 33.698020404784216 ], [ -84.4836666, 33.6979161 ], [ -84.483666647078522, 33.697916065861193 ], [ -84.4837008, 33.6978913 ], [ -84.4837823, 33.69783 ], [ -84.483782362016143, 33.697829953866048 ], [ -84.4840201, 33.6976531 ], [ -84.484020185952133, 33.697653036004866 ], [ -84.4847028, 33.6971448 ], [ -84.48470300687751, 33.6971446463509 ] ] ] } },
{ "type": "Feature", "properties": { "corridor_id": 18, "corridor_name": "Martin Luther King Junior Drive Southwest", "street_names": "Martin Luther King Junior Drive Southwest", "n_edges": 24, "length_m": 1342.8768650556065, "length_km": 1.3428768650556064, "mean_score": 46.150531012840098, "total_score": 1107.6127443081623, "pair_count_max": 88, "neighborhood_span": 36, "climb_saved_m": 696.06443814113868, "mean_abs_grade": 0.013204142000318145, "max_grade": 0.030190857388781134, "elev_min_m": 274.11492919921875, "elev_max_m": 290.2813720703125, "elev_range_m": 16.16644287109375, "gain_per_km": 1.6430325357999311, "low_stress_share": 0.0, "mode": "walk", "n_pieces": 1, "neighborhoods": "Harland Terrace", "end_a_lon": -84.474635, "end_a_lat": 33.753989, "end_b_lon": -84.487965, "end_b_lat": 33.75153, "corridor_uid": "walk-18" }, "geometry": { "type": "LineString", "coordinates": [ [ -84.474635166735297, 33.753988937859333 ], [ -84.4749237, 33.7540494 ], [ -84.4750657, 33.7540797 ], [ -84.475069103210416, 33.754080356875725 ], [ -84.4751688, 33.7540996 ], [ -84.475172246438859, 33.754100303647924 ], [ -84.4752408, 33.7541143 ], [ -84.4755448, 33.7541702 ], [ -84.4758392, 33.7542167 ], [ -84.4759719, 33.7542321 ], [ -84.475974268736095, 33.754232376228799 ], [ -84.4761314, 33.7542507 ], [ -84.4762135, 33.7542585 ], [ -84.47621474908874, 33.754258618178525 ], [ -84.4764492, 33.7542808 ], [ -84.476776700000016, 33.7543033 ], [ -84.4776956, 33.7543492 ], [ -84.477696009782491, 33.754349220534749 ], [ -84.4778752, 33.7543582 ], [ -84.477875647060387, 33.754358215984425 ], [ -84.4789408, 33.7543963 ], [ -84.478941183053053, 33.754396313685795 ], [ -84.479968, 33.754433 ], [ -84.4799829, 33.7544334 ], [ -84.479983217901321, 33.754433407447436 ], [ -84.48035, 33.754442 ], [ -84.480350237757364, 33.754441996720303 ], [ -84.4809372, 33.7544339 ], [ -84.481152, 33.754431 ], [ -84.481360399472962, 33.754424300016943 ], [ -84.4813604, 33.7544243 ], [ -84.481554798305154, 33.754418100054053 ], [ -84.4815548, 33.7544181 ], [ -84.4818512, 33.754408399999988 ], [ -84.482293, 33.7543915 ], [ -84.482672, 33.754377 ], [ -84.482956, 33.754352 ], [ -84.48324, 33.754305 ], [ -84.48346469426663, 33.75425594565273 ], [ -84.483470400000016, 33.7542547 ], [ -84.483666, 33.754212 ], [ -84.484005, 33.7541 ], [ -84.484393, 33.753949 ], [ -84.4845381, 33.7538734 ], [ -84.484658, 33.753811 ], [ -84.484829022641279, 33.753700846496272 ], [ -84.4848322, 33.7536988 ], [ -84.484891, 33.753661 ], [ -84.485331184884672, 33.753349198226601 ], [ -84.4853333, 33.7533477 ], [ -84.486074989856348, 33.752822407184112 ], [ -84.486075, 33.7528224 ], [ -84.4865883, 33.7524589 ], [ -84.486589743541558, 33.752457877542248 ], [ -84.487416200000013, 33.7518725 ], [ -84.487420004691387, 33.751869805926617 ], [ -84.48752, 33.751799 ], [ -84.4875609, 33.7517733 ], [ -84.487564874996849, 33.751770811182652 ], [ -84.4876168, 33.7517383 ], [ -84.48778, 33.751636 ], [ -84.4879649, 33.751529500000011 ] ] } },
{ "type": "Feature", "properties": { "corridor_id": 19, "corridor_name": "Defoor Avenue Northwest", "street_names": "Defoor Avenue Northwest", "n_edges": 23, "length_m": 1182.1273677172501, "length_km": 1.1821273677172501, "mean_score": 44.889154822684411, "total_score": 1032.4505609217415, "pair_count_max": 99, "neighborhood_span": 36, "climb_saved_m": 618.55213906204631, "mean_abs_grade": 0.019273904867273234, "max_grade": 0.061548722865603873, "elev_min_m": 277.7996826171875, "elev_max_m": 291.39999389648438, "elev_range_m": 13.600311279296875, "gain_per_km": 8.4409703001984884, "low_stress_share": 0.062380717145004975, "mode": "walk", "n_pieces": 1, "neighborhoods": "Underwood Hills", "end_a_lon": -84.425002, "end_a_lat": 33.807665, "end_b_lon": -84.417144, "end_b_lat": 33.800532, "corridor_uid": "walk-19" }, "geometry": { "type": "MultiLineString", "coordinates": [ [ [ -84.418052759948878, 33.800650038266596 ], [ -84.4180742, 33.8006622 ], [ -84.418229, 33.80075 ], [ -84.41889836121355, 33.801217332943864 ], [ -84.4189039, 33.8012212 ], [ -84.419095887807543, 33.801355244200522 ], [ -84.4190974, 33.8013563 ], [ -84.41917, 33.801407 ], [ -84.4192373, 33.801457 ], [ -84.419237766408926, 33.801457320848563 ], [ -84.4196766, 33.8017592 ], [ -84.419677152761835, 33.801759584912062 ], [ -84.4197395, 33.801803 ], [ -84.419740140072847, 33.801803422448081 ], [ -84.419939500000012, 33.801935 ], [ -84.420182, 33.802119 ], [ -84.420343, 33.802273 ], [ -84.420431, 33.802381 ], [ -84.42079, 33.802877 ], [ -84.420964, 33.803118 ], [ -84.421239, 33.803504 ], [ -84.421307, 33.80363 ], [ -84.4213493, 33.8037315 ], [ -84.421367, 33.803774 ], [ -84.421426, 33.803926 ], [ -84.421502, 33.80417 ], [ -84.421559, 33.804314 ], [ -84.421675, 33.804531 ], [ -84.421732, 33.804598 ], [ -84.421782, 33.804634 ], [ -84.421841, 33.804662 ], [ -84.422037, 33.804723 ], [ -84.422142, 33.804749 ], [ -84.422334, 33.804773 ], [ -84.422612, 33.804773 ], [ -84.423239, 33.804768 ], [ -84.423512, 33.804797 ], [ -84.423615, 33.804822 ], [ -84.423715, 33.804859 ], [ -84.423818, 33.804911 ], [ -84.42382454131868, 33.804915324838802 ], [ -84.4238664, 33.804943 ], [ -84.423927, 33.804983 ], [ -84.42403, 33.805062 ], [ -84.424121, 33.805146 ], [ -84.424329, 33.805376 ], [ -84.424478, 33.805608 ], [ -84.424528021330502, 33.805708117881053 ], [ -84.4245445, 33.8057411 ], [ -84.424586, 33.8058292 ], [ -84.424613, 33.805878 ], [ -84.424689767799848, 33.806070478488436 ], [ -84.4246954, 33.8060846 ], [ -84.424786, 33.806312 ], [ -84.424833954510476, 33.806439187991771 ], [ -84.4248346, 33.806440899999984 ], [ -84.424883, 33.806569 ], [ -84.4249118, 33.806646099999988 ], [ -84.424929, 33.806764 ], [ -84.424935172679497, 33.806839496618466 ], [ -84.4249355, 33.8068435 ], [ -84.424963, 33.807179 ], [ -84.4250022, 33.8076646 ] ], [ [ -84.418092212607363, 33.800642430065089 ], [ -84.4180742, 33.8006622 ], [ -84.418064982286708, 33.800672639758631 ] ], [ [ -84.417144011042609, 33.800532176293984 ], [ -84.4171792, 33.8005324 ], [ -84.4172309, 33.8005335 ], [ -84.4172966, 33.80053430000001 ], [ -84.4175186, 33.8005369 ], [ -84.4176835, 33.8005517 ], [ -84.4177968, 33.8005948 ], [ -84.4178923, 33.8006311 ], [ -84.417916406178932, 33.800639624503837 ] ] ] } },
{ "type": "Feature", "properties": { "corridor_id": 20, "corridor_name": "New Hope Road Southwest - Heatherland Drive Southwest - Niskey Lake Road Southwest - Danforth Road Southwest", "street_names": "Danforth Road Southwest; Heatherland Drive Southwest; New Hope Road Southwest; Niskey Lake Road Southwest", "n_edges": 14, "length_m": 1986.5627106087554, "length_km": 1.9865627106087553, "mean_score": 65.902534027862615, "total_score": 922.63547639007663, "pair_count_max": 70, "neighborhood_span": 36, "climb_saved_m": 925.35482161192294, "mean_abs_grade": 0.022112832303992445, "max_grade": 0.087968944156833248, "elev_min_m": 264.08187866210938, "elev_max_m": 292.3662109375, "elev_range_m": 28.284332275390625, "gain_per_km": 17.165668774576304, "low_stress_share": 0.0, "mode": "walk", "n_pieces": 1, "neighborhoods": "Midwest Cascade; Niskey Lake", "end_a_lon": -84.537095, "end_a_lat": 33.726965, "end_b_lon": -84.534706, "end_b_lat": 33.713184, "corridor_uid": "walk-20" }, "geometry": { "type": "LineString", "coordinates": [ [ -84.537095, 33.726965 ], [ -84.537467, 33.727199 ], [ -84.537597, 33.727251 ], [ -84.537737, 33.727282 ], [ -84.537869, 33.727289 ], [ -84.5391126, 33.7272588 ], [ -84.5392596, 33.7271971 ], [ -84.539093, 33.726953 ], [ -84.538974, 33.72667 ], [ -84.53888, 33.726381 ], [ -84.538808, 33.726083 ], [ -84.538756, 33.725744 ], [ -84.538742, 33.725432 ], [ -84.538766, 33.725097 ], [ -84.538821, 33.724824 ], [ -84.538936, 33.724115 ], [ -84.5389623, 33.7239689 ], [ -84.539165, 33.722845 ], [ -84.5392457, 33.7223936 ], [ -84.5393039, 33.7220681 ], [ -84.539308244679333, 33.722043774206561 ], [ -84.5393433, 33.7218475 ], [ -84.539428, 33.721374 ], [ -84.539481, 33.721205 ], [ -84.539572, 33.721048 ], [ -84.539697, 33.720908 ], [ -84.539806, 33.72082 ], [ -84.540177, 33.720567 ], [ -84.538769, 33.719511 ], [ -84.537632, 33.718658 ], [ -84.537064, 33.718231 ], [ -84.536832, 33.718035 ], [ -84.536543, 33.717733 ], [ -84.536331, 33.717454 ], [ -84.536182, 33.717208 ], [ -84.536059, 33.716952 ], [ -84.535597926957223, 33.715742306199694 ], [ -84.5355964, 33.7157383 ], [ -84.53556, 33.715633 ], [ -84.535423, 33.715271 ], [ -84.53537, 33.714893 ], [ -84.535291, 33.714508 ], [ -84.535136, 33.713929 ], [ -84.535085, 33.713783 ], [ -84.53498, 33.713577 ], [ -84.534777, 33.713277 ], [ -84.534706, 33.713184 ] ] } },
{ "type": "Feature", "properties": { "corridor_id": 21, "corridor_name": "Hamilton E Holmes Drive Northwest - Oldknow Drive Northwest - Rockwood Avenue Northwest", "street_names": "Hamilton E Holmes Drive Northwest; Oldknow Drive Northwest; Rockwood Avenue Northwest", "n_edges": 20, "length_m": 1609.8336842460833, "length_km": 1.6098336842460832, "mean_score": 44.234819145987721, "total_score": 884.69638291975446, "pair_count_max": 78, "neighborhood_span": 36, "climb_saved_m": 646.15475510122553, "mean_abs_grade": 0.010949170123765626, "max_grade": 0.05649537380512959, "elev_min_m": 289.75070190429688, "elev_max_m": 299.62979125976562, "elev_range_m": 9.87908935546875, "gain_per_km": 6.6931583874876859, "low_stress_share": 0.1873931704208876, "mode": "walk", "n_pieces": 1, "neighborhoods": "Center Hill; Collier Heights", "end_a_lon": -84.4729, "end_a_lat": 33.774901, "end_b_lon": -84.47003, "end_b_lat": 33.763853, "corridor_uid": "walk-21" }, "geometry": { "type": "MultiLineString", "coordinates": [ [ [ -84.473505, 33.77175 ], [ -84.474856, 33.771762 ], [ -84.475984, 33.771771 ] ], [ [ -84.472900099506418, 33.774901200087122 ], [ -84.4729001, 33.774901199999988 ], [ -84.47366, 33.774767 ], [ -84.473642100009329, 33.774434200173353 ], [ -84.4736421, 33.7744342 ], [ -84.473612, 33.773874 ], [ -84.473601, 33.773677 ], [ -84.4735303, 33.7722578 ], [ -84.473530299995772, 33.772257799915273 ], [ -84.473505, 33.77175 ] ], [ [ -84.473505, 33.77175 ], [ -84.473468, 33.771167 ], [ -84.473428, 33.770929 ], [ -84.473372, 33.770717 ], [ -84.4732, 33.770479 ], [ -84.473012, 33.770259 ], [ -84.472681501458169, 33.769911801531862 ], [ -84.4726815, 33.7699118 ], [ -84.472570303419047, 33.769795003591241 ], [ -84.4725703, 33.769795 ], [ -84.471998313084967, 33.769194213743781 ], [ -84.4719983, 33.7691942 ], [ -84.471944, 33.769137 ], [ -84.471916604592352, 33.769108404793478 ], [ -84.4719166, 33.7691084 ], [ -84.471201, 33.76836 ], [ -84.4709496, 33.7680819 ], [ -84.470949598837009, 33.768081898713639 ], [ -84.470598, 33.767693 ], [ -84.470497301776703, 33.767514414186742 ], [ -84.4704947, 33.7675098 ], [ -84.470425, 33.767386 ], [ -84.470303, 33.767128 ], [ -84.470202, 33.766858 ], [ -84.470118, 33.766561 ], [ -84.470064, 33.766274 ], [ -84.470035, 33.765992 ], [ -84.470016, 33.765201 ], [ -84.4700291, 33.763982 ], [ -84.4700305, 33.7638526 ] ] ] } },
{ "type": "Feature", "properties": { "corridor_id": 22, "corridor_name": "Marietta Street - Forsyth Street Northwest - Marietta Street Northwest - Forsyth Street Southwest", "street_names": "Forsyth Street Northwest; Forsyth Street Southwest; Marietta Street; Marietta Street Northwest", "n_edges": 24, "length_m": 884.9516636534197, "length_km": 0.88495166365341971, "mean_score": 35.286882633275177, "total_score": 846.8851831986043, "pair_count_max": 170, "neighborhood_span": 32, "climb_saved_m": 491.06860566707678, "mean_abs_grade": 0.015017434112518187, "max_grade": 0.045768967810541447, "elev_min_m": 317.547119140625, "elev_max_m": 323.5291748046875, "elev_range_m": 5.9820556640625, "gain_per_km": 9.6637378844659825, "low_stress_share": 0.0, "mode": "walk", "n_pieces": 1, "neighborhoods": "Downtown", "end_a_lon": -84.393391, "end_a_lat": 33.752879, "end_b_lon": -84.393163, "end_b_lat": 33.757525, "corridor_uid": "walk-22" }, "geometry": { "type": "MultiLineString", "coordinates": [ [ [ -84.3911319, 33.7553892 ], [ -84.391172380783502, 33.755357888357814 ], [ -84.3911734, 33.7553571 ], [ -84.3914272, 33.755174400000016 ], [ -84.3916713, 33.7550055 ], [ -84.3919596, 33.7547579 ], [ -84.3923881, 33.7541759 ], [ -84.39254804957838, 33.753951513875151 ], [ -84.3925492, 33.7539499 ], [ -84.3925994, 33.7538822 ], [ -84.3926369, 33.753832 ], [ -84.392637090728002, 33.753831755843301 ], [ -84.3931588, 33.7531639 ], [ -84.393262, 33.753032 ], [ -84.393391, 33.7528799 ], [ -84.393391421255089, 33.752879422810643 ] ], [ [ -84.393162607263079, 33.757525017830851 ], [ -84.3931625, 33.7575249 ], [ -84.3931562, 33.757518 ], [ -84.392958149056724, 33.757300963345727 ], [ -84.392958, 33.7573008 ], [ -84.392726488615295, 33.757047006768595 ], [ -84.392726300000021, 33.7570468 ], [ -84.3926744, 33.756987399999986 ], [ -84.3926554, 33.7569001 ], [ -84.392653960180979, 33.75689421273993 ], [ -84.3926509, 33.7568817 ], [ -84.3923791, 33.7566146 ], [ -84.392224, 33.7564617 ], [ -84.392223402087225, 33.75646111869591 ], [ -84.3921736, 33.7564127 ], [ -84.392071837028666, 33.756314332456554 ], [ -84.3920717, 33.7563142 ], [ -84.3916874, 33.7559337 ], [ -84.391687223498948, 33.75593353458158 ], [ -84.3916444, 33.7558934 ], [ -84.391613, 33.7558607 ], [ -84.391612834798963, 33.755860540188891 ], [ -84.39118437769595, 33.75544606211043 ], [ -84.3911839, 33.7554456 ], [ -84.3911319, 33.7553892 ] ], [ [ -84.3910302, 33.7554632 ], [ -84.391083259629795, 33.755513367281544 ], [ -84.3910834, 33.7555135 ], [ -84.3911475, 33.7555778 ], [ -84.391519007797399, 33.755938210551562 ] ], [ [ -84.3911319, 33.7553892 ], [ -84.3910302, 33.7554632 ] ], [ [ -84.3911319, 33.7553892 ], [ -84.3910698, 33.7553312 ], [ -84.391069767330308, 33.755331169779588 ], [ -84.390636414254743, 33.754930305688923 ] ], [ [ -84.390370738908743, 33.755915628618951 ], [ -84.3909473, 33.755518299999984 ], [ -84.390947582962383, 33.75551811192728 ], [ -84.3910302, 33.7554632 ] ] ] } },
{ "type": "Feature", "properties": { "corridor_id": 23, "corridor_name": "Stone Mountain Trail", "street_names": "Stone Mountain Trail", "n_edges": 14, "length_m": 2158.1964616922724, "length_km": 2.1581964616922722, "mean_score": 53.644238441230272, "total_score": 750.89590918498254, "pair_count_max": 101, "neighborhood_span": 27, "climb_saved_m": 820.05797714187361, "mean_abs_grade": 0.0091785635265783094, "max_grade": 0.025312891994782268, "elev_min_m": 305.31448364257812, "elev_max_m": 319.64089965820312, "elev_range_m": 14.326416015625, "gain_per_km": 5.0638448198023855, "low_stress_share": 1.0, "mode": "walk", "n_pieces": 2, "neighborhoods": "Inman Park; Old Fourth Ward", "end_a_lon": -84.371952, "end_a_lat": 33.760034, "end_b_lon": -84.352603, "end_b_lat": 33.76891, "corridor_uid": "walk-23" }, "geometry": { "type": "MultiLineString", "coordinates": [ [ [ -84.36558452671791, 33.761618976983719 ], [ -84.3657316, 33.761593 ], [ -84.3658698, 33.7615648 ], [ -84.3659609, 33.7615439 ], [ -84.3660494, 33.761515199999984 ], [ -84.3661358, 33.7614831 ], [ -84.366236, 33.7614379 ], [ -84.366372323862024, 33.761376443948905 ], [ -84.3667056, 33.7612262 ], [ -84.3669716, 33.7611049 ], [ -84.3674036, 33.7608982 ], [ -84.3677041, 33.7607612 ], [ -84.368057600000014, 33.7606042 ], [ -84.3682988, 33.7604719 ], [ -84.3683907, 33.7604336 ], [ -84.3686625, 33.7603489 ], [ -84.3689288, 33.7602584 ], [ -84.369223, 33.7601571 ], [ -84.3693902, 33.7600812 ], [ -84.3695284, 33.7600145 ], [ -84.3696555, 33.7599563 ], [ -84.3696972, 33.7599429 ], [ -84.3697489, 33.7599338 ], [ -84.36978867733032, 33.759929457496689 ], [ -84.3698405, 33.7599238 ], [ -84.3700285, 33.7599172 ], [ -84.3701277, 33.759915 ], [ -84.370200337220112, 33.759914608635675 ], [ -84.3703133, 33.759914 ], [ -84.3706624, 33.7599132 ], [ -84.3709799, 33.7599203 ], [ -84.3714313, 33.7599307 ], [ -84.3715034, 33.7599294 ], [ -84.3715565, 33.7599198 ], [ -84.3716647, 33.7598938 ], [ -84.3717048, 33.7599263 ], [ -84.3717429, 33.7599483 ], [ -84.3717818, 33.75996 ], [ -84.3718298, 33.7599676 ], [ -84.3718755, 33.7599799 ], [ -84.3719242, 33.7600149 ], [ -84.3719516, 33.7600343 ] ], [ [ -84.3526025, 33.7689105 ], [ -84.3526424, 33.7688839 ], [ -84.3526742, 33.7688671 ], [ -84.3527156, 33.7688304 ], [ -84.35278150000002, 33.7687467 ], [ -84.3528977, 33.7685788 ], [ -84.3529285, 33.7685459 ], [ -84.3529547, 33.7685251 ], [ -84.3530249, 33.7684838 ], [ -84.3531305, 33.7684358 ], [ -84.3533037, 33.7683587 ], [ -84.353472300000021, 33.7682855 ], [ -84.3535607, 33.7682383 ], [ -84.3536441, 33.768185 ], [ -84.353663372437921, 33.768168805555796 ], [ -84.3536992, 33.7681387 ], [ -84.3537567, 33.7680904 ], [ -84.3538133, 33.7680269 ], [ -84.3547517, 33.7667592 ], [ -84.3548063, 33.7666909 ], [ -84.3548698, 33.7666338 ], [ -84.3549396, 33.766572 ], [ -84.3550005, 33.7665139 ], [ -84.35509, 33.766408 ], [ -84.355336500000021, 33.7660896 ], [ -84.3553683, 33.766019 ], [ -84.3553803, 33.765972 ], [ -84.3553931, 33.7659156 ], [ -84.355396188174339, 33.76588528382343 ], [ -84.3554275, 33.7655779 ], [ -84.3554223, 33.7655017 ], [ -84.3553923, 33.7653175 ], [ -84.3554006, 33.7652306 ], [ -84.3554189, 33.7651653 ], [ -84.3554463, 33.7650971 ], [ -84.3554909, 33.7650187 ], [ -84.355491661093524, 33.765017876428651 ], [ -84.3555445, 33.7649607 ], [ -84.355618, 33.7648874 ], [ -84.3557157, 33.764813 ], [ -84.3558454, 33.7647128 ], [ -84.356008528447347, 33.764585145655289 ], [ -84.3560321, 33.7645667 ], [ -84.3562274, 33.7644168 ], [ -84.3563324, 33.7643533 ], [ -84.3564034, 33.764316 ], [ -84.3564788, 33.764292 ], [ -84.3565482, 33.76428 ], [ -84.356787560767216, 33.764273620561049 ], [ -84.3570022, 33.7642679 ], [ -84.3573207, 33.7642839 ], [ -84.357363873681436, 33.76428862301411 ], [ -84.3575474, 33.7643087 ], [ -84.357665262797454, 33.764327255226299 ], [ -84.357865, 33.76435870000001 ], [ -84.3581998, 33.764401499999984 ], [ -84.358674, 33.7644702 ], [ -84.3587402, 33.7644759 ], [ -84.3588156, 33.7644751 ], [ -84.35888850000002, 33.7644682 ], [ -84.3589637, 33.764455499999983 ], [ -84.3592275, 33.7643898 ], [ -84.3593487, 33.76434960000001 ], [ -84.3595472, 33.7642752 ], [ -84.3598907, 33.7641454 ], [ -84.3600496, 33.7640826 ], [ -84.3601115, 33.764060699999987 ], [ -84.3607266, 33.7637647 ], [ -84.360862, 33.7636755 ], [ -84.3612639, 33.7634953 ], [ -84.3614522, 33.7634211 ], [ -84.3616465, 33.7633333 ], [ -84.3618903, 33.7632083 ], [ -84.3620455, 33.7631386 ], [ -84.3621508, 33.763104 ], [ -84.3622378, 33.7630831 ], [ -84.3625505, 33.763003 ], [ -84.362741, 33.7629516 ], [ -84.3628187, 33.7629306 ], [ -84.363005245196632, 33.762870196611068 ], [ -84.363025, 33.7628638 ], [ -84.3632507, 33.76278 ], [ -84.3635031, 33.7626649 ], [ -84.3637467, 33.7625463 ], [ -84.3639739, 33.7624311 ], [ -84.3640393, 33.7623954 ], [ -84.364191253918833, 33.762304502057589 ], [ -84.3642165, 33.7622894 ], [ -84.3644038, 33.7621568 ], [ -84.3645344, 33.762074 ], [ -84.3646628, 33.762004 ], [ -84.3648047, 33.7619288 ], [ -84.3648723, 33.761891899999988 ], [ -84.364964836022125, 33.761839282710241 ] ] ] } },
{ "type": "Feature", "properties": { "corridor_id": 24, "corridor_name": "Campbellton Road", "street_names": "Campbellton Road", "n_edges": 16, "length_m": 1373.0127620426358, "length_km": 1.3730127620426358, "mean_score": 46.828363231210304, "total_score": 749.25381169936486, "pair_count_max": 70, "neighborhood_span": 36, "climb_saved_m": 648.06121313513745, "mean_abs_grade": 0.019689923063017065, "max_grade": 0.03642197807633097, "elev_min_m": 292.41201782226562, "elev_max_m": 307.93356323242188, "elev_range_m": 15.52154541015625, "gain_per_km": 11.717885366490242, "low_stress_share": 0.0, "mode": "walk", "n_pieces": 1, "neighborhoods": "Ben Hill Terrace; Elmco Estates; Fairburn", "end_a_lon": -84.51974, "end_a_lat": 33.693864, "end_b_lon": -84.534154, "end_b_lat": 33.696121, "corridor_uid": "walk-24" }, "geometry": { "type": "LineString", "coordinates": [ [ -84.519739845190216, 33.693864010123441 ], [ -84.5197408, 33.6938643 ], [ -84.520803, 33.694187 ], [ -84.521139613045648, 33.694294307196216 ], [ -84.5211421, 33.6942951 ], [ -84.521847608992559, 33.694520137336518 ], [ -84.52185, 33.6945209 ], [ -84.5219604, 33.6945586 ], [ -84.5236, 33.695119 ], [ -84.52413, 33.695265 ], [ -84.524624, 33.695359 ], [ -84.5246506, 33.6953628 ], [ -84.524653063999821, 33.69536315520083 ], [ -84.5250245, 33.6954167 ], [ -84.5254183, 33.6954735 ], [ -84.525422103668461, 33.695474047278161 ], [ -84.5256414, 33.695505599999983 ], [ -84.525645588254577, 33.695506205057406 ], [ -84.525748, 33.695521 ], [ -84.5257693, 33.6955233 ], [ -84.525773692380511, 33.695523775229709 ], [ -84.5260207, 33.6955505 ], [ -84.526025056458025, 33.695550972923286 ], [ -84.526099, 33.695559 ], [ -84.5265285, 33.69557970000001 ], [ -84.526619, 33.695584 ], [ -84.5269554, 33.6955837 ], [ -84.5273801, 33.6955834 ], [ -84.527381362169848, 33.6955834 ], [ -84.5273861, 33.6955834 ], [ -84.5278604, 33.6955831 ], [ -84.5287019, 33.6955754 ], [ -84.52908, 33.695572 ], [ -84.52954, 33.695595 ], [ -84.531469719115137, 33.695844273293268 ], [ -84.5314707, 33.6958444 ], [ -84.531838791503404, 33.695891934334128 ], [ -84.5318393, 33.695892 ], [ -84.532044856444259, 33.695918568520007 ], [ -84.5320451, 33.6959186 ], [ -84.5324334, 33.6959688 ], [ -84.532433656759153, 33.695968833168266 ], [ -84.5331301, 33.6960588 ], [ -84.533131250137316, 33.696058948322325 ], [ -84.53331, 33.696082 ], [ -84.533724, 33.696118 ], [ -84.534154, 33.6961212 ], [ -84.534154168119159, 33.696121201169518 ] ] } },
{ "type": "Feature", "properties": { "corridor_id": 25, "corridor_name": "Martin Luther King Junior Drive Southwest", "street_names": "Martin Luther King Junior Drive Southwest", "n_edges": 14, "length_m": 1166.5593634076204, "length_km": 1.1665593634076203, "mean_score": 47.30839833731725, "total_score": 662.29926676970092, "pair_count_max": 75, "neighborhood_span": 28, "climb_saved_m": 486.94167406613661, "mean_abs_grade": 0.022414850746601676, "max_grade": 0.040251367599683563, "elev_min_m": 300.73709106445312, "elev_max_m": 320.02474975585938, "elev_range_m": 19.28765869140625, "gain_per_km": 9.9579296842197618, "low_stress_share": 0.0, "mode": "walk", "n_pieces": 2, "neighborhoods": "Florida Heights", "end_a_lon": -84.465383, "end_a_lat": 33.751923, "end_b_lon": -84.44828, "end_b_lat": 33.750364, "corridor_uid": "walk-25" }, "geometry": { "type": "MultiLineString", "coordinates": [ [ [ -84.459550941909413, 33.75098465535519 ], [ -84.4595545, 33.750985900000011 ], [ -84.459654, 33.751018 ], [ -84.46013, 33.751208 ], [ -84.460910034109347, 33.751561384518652 ], [ -84.4609136, 33.751563 ], [ -84.461490160769159, 33.751832847623895 ], [ -84.4614907, 33.7518331 ], [ -84.461621, 33.751893 ], [ -84.462038, 33.7520626 ], [ -84.462041968214734, 33.752064219031602 ], [ -84.462088, 33.752083 ], [ -84.462634, 33.752265 ], [ -84.462872, 33.752329 ], [ -84.463127, 33.75237 ], [ -84.463404, 33.752384 ], [ -84.46369, 33.752366 ], [ -84.463935, 33.752324 ], [ -84.464352, 33.752219 ], [ -84.4653777, 33.7519249 ], [ -84.465383063957816, 33.751923361927822 ] ], [ [ -84.448279517415699, 33.750364157351534 ], [ -84.44879, 33.750312 ], [ -84.449470482835196, 33.750262203705127 ], [ -84.4494719, 33.7502621 ], [ -84.450125583858323, 33.750217093891244 ], [ -84.4501284, 33.7502169 ], [ -84.450767755438122, 33.750171494337948 ], [ -84.4507719, 33.7501712 ], [ -84.45197216676857, 33.750085871564558 ], [ -84.4519788, 33.7500854 ], [ -84.452851210570444, 33.750024690761755 ], [ -84.4528597, 33.7500241 ], [ -84.453937121538516, 33.749949050787897 ], [ -84.4539479, 33.7499483 ], [ -84.454545440804623, 33.749906640741138 ] ] ] } },
{ "type": "Feature", "properties": { "corridor_id": 26, "corridor_name": "DeKalb Avenue - DeKalb Avenue Northeast", "street_names": "DeKalb Avenue; DeKalb Avenue Northeast", "n_edges": 12, "length_m": 858.05378405899182, "length_km": 0.8580537840589918, "mean_score": 55.165550290667539, "total_score": 661.98660348801047, "pair_count_max": 113, "neighborhood_span": 31, "climb_saved_m": 444.2469619870912, "mean_abs_grade": 0.0040366036706025871, "max_grade": 0.011233829271848123, "elev_min_m": 312.73233032226562, "elev_max_m": 314.64376831054688, "elev_range_m": 1.91143798828125, "gain_per_km": 1.3303122874043785, "low_stress_share": 0.0, "mode": "walk", "n_pieces": 1, "neighborhoods": "Inman Park; Reynoldstown", "end_a_lon": -84.356647, "end_a_lat": 33.755059, "end_b_lon": -84.349534, "end_b_lat": 33.759957, "corridor_uid": "walk-26" }, "geometry": { "type": "LineString", "coordinates": [ [ -84.356647362429129, 33.755059385130906 ], [ -84.3566464, 33.755059799999984 ], [ -84.3564917, 33.7551263 ], [ -84.3564395, 33.7551488 ], [ -84.356186, 33.7552659 ], [ -84.356043732694502, 33.755336986575543 ], [ -84.356034900000012, 33.7553414 ], [ -84.3559004, 33.7554086 ], [ -84.3556643, 33.755539 ], [ -84.355581436244051, 33.755586325205442 ], [ -84.3555715, 33.755592 ], [ -84.3554806, 33.7556439 ], [ -84.355382474807783, 33.755703763690029 ], [ -84.3553734, 33.7557093 ], [ -84.355205, 33.755812 ], [ -84.3551414, 33.755857 ], [ -84.3547282, 33.7561434 ], [ -84.3542317, 33.756513499999983 ], [ -84.3542012, 33.75653590000001 ], [ -84.3538699, 33.756789 ], [ -84.353658, 33.756956 ], [ -84.3535574, 33.7570443 ], [ -84.3531578, 33.7574267 ], [ -84.3530136, 33.7575665 ], [ -84.352961900000011, 33.757618 ], [ -84.3529, 33.757677 ], [ -84.3527742, 33.7577824 ], [ -84.3526227, 33.7579028 ], [ -84.352447, 33.75803890000001 ], [ -84.352226, 33.758195 ], [ -84.3518961, 33.7584265 ], [ -84.351681200000016, 33.7585774 ], [ -84.351597970542485, 33.758634051983684 ], [ -84.3515979, 33.7586341 ], [ -84.3510537, 33.7590089 ], [ -84.3509678, 33.759068 ], [ -84.3506285, 33.759301 ], [ -84.3503294, 33.7595017 ], [ -84.3501712, 33.7595987 ], [ -84.3499938, 33.7597037 ], [ -84.3498104, 33.7598095 ], [ -84.349534, 33.759957300000011 ] ] } },
{ "type": "Feature", "properties": { "corridor_id": 27, "corridor_name": "Peachtree Road Northeast - Peachtree Road", "street_names": "Peachtree Road; Peachtree Road Northeast", "n_edges": 15, "length_m": 560.71339393429321, "length_km": 0.5607133939342932, "mean_score": 43.140647475762051, "total_score": 647.10971213643074, "pair_count_max": 156, "neighborhood_span": 35, "climb_saved_m": 344.78009643975565, "mean_abs_grade": 0.016391145491263682, "max_grade": 0.030857704465541466, "elev_min_m": 299.3704833984375, "elev_max_m": 308.56121826171875, "elev_range_m": 9.19073486328125, "gain_per_km": 8.7327063400416076, "low_stress_share": 0.0, "mode": "walk", "n_pieces": 1, "neighborhoods": "Buckhead Village; Garden Hills; Peachtree Heights West; South Tuxedo Park", "end_a_lon": -84.381886, "end_a_lat": 33.836046, "end_b_lon": -84.378715, "end_b_lat": 33.840163, "corridor_uid": "walk-27" }, "geometry": { "type": "LineString", "coordinates": [ [ -84.381885674720223, 33.836046414646006 ], [ -84.3818851, 33.8360477 ], [ -84.381789011146481, 33.836262480991742 ], [ -84.3817886, 33.8362634 ], [ -84.381637443642418, 33.836597062184303 ], [ -84.3816372, 33.8365976 ], [ -84.3816014, 33.8366765 ], [ -84.381455844641764, 33.836997601518306 ], [ -84.3814558, 33.8369977 ], [ -84.3814175, 33.8370823 ], [ -84.3813297, 33.8371567 ], [ -84.381310577041944, 33.83719307611576 ], [ -84.3813072, 33.8371995 ], [ -84.381151013650992, 33.83753078050318 ], [ -84.3811486, 33.8375359 ], [ -84.3809598, 33.8379362 ], [ -84.380883075965315, 33.838098795935032 ], [ -84.3808818, 33.8381015 ], [ -84.3808734, 33.8381193 ], [ -84.3808798, 33.8382087 ], [ -84.380811376040398, 33.838294080334435 ], [ -84.3808112, 33.8382943 ], [ -84.3806676, 33.8384735 ], [ -84.3804479, 33.8387799 ], [ -84.3802689, 33.838996 ], [ -84.3801049, 33.83919070000001 ], [ -84.3799642, 33.8393441 ], [ -84.379964038815444, 33.839344277824559 ], [ -84.3798993, 33.8394157 ], [ -84.3798, 33.839521 ], [ -84.379796663444594, 33.839524574880798 ], [ -84.379793, 33.8395285 ], [ -84.379493, 33.8397491 ], [ -84.379277, 33.8399049 ], [ -84.3792003, 33.8399096 ], [ -84.3791779, 33.8399219 ], [ -84.3789984, 33.8400263 ], [ -84.3787946, 33.8401309 ], [ -84.378716400000016, 33.8401619 ], [ -84.378714761981044, 33.840162550910307 ] ] } },
{ "type": "Feature", "properties": { "corridor_id": 28, "corridor_name": "West Marietta Street Northwest", "street_names": "West Marietta Street Northwest", "n_edges": 12, "length_m": 1220.5034840995772, "length_km": 1.2205034840995772, "mean_score": 53.087471627166401, "total_score": 621.42027697424794, "pair_count_max": 92, "neighborhood_span": 32, "climb_saved_m": 565.74467437031353, "mean_abs_grade": 0.012264480961441095, "max_grade": 0.041614673790327371, "elev_min_m": 286.8355712890625, "elev_max_m": 297.726318359375, "elev_range_m": 10.8907470703125, "gain_per_km": 3.7519386138983091, "low_stress_share": 0.0, "mode": "walk", "n_pieces": 2, "neighborhoods": "Knight Park/Howell Station; Rockdale", "end_a_lon": -84.436514, "end_a_lat": 33.788362, "end_b_lon": -84.423299, "end_b_lat": 33.7854, "corridor_uid": "walk-28" }, "geometry": { "type": "MultiLineString", "coordinates": [ [ [ -84.428039884435563, 33.786324210900048 ], [ -84.4280403, 33.7863242 ], [ -84.428182, 33.7863222 ], [ -84.428435, 33.78632 ], [ -84.428959308381124, 33.786309750661744 ], [ -84.4289619, 33.7863097 ], [ -84.429395779089148, 33.786302063728023 ], [ -84.4293994, 33.786302 ], [ -84.43060333186186, 33.786280813822977 ], [ -84.4306098, 33.7862807 ], [ -84.432289, 33.786249 ], [ -84.432337, 33.786253 ], [ -84.432436, 33.786263 ], [ -84.432603, 33.786295 ], [ -84.432764, 33.786344 ], [ -84.4329881, 33.7864364 ], [ -84.433136, 33.78654 ], [ -84.433187530239664, 33.786581556644883 ], [ -84.4331887, 33.7865825 ], [ -84.433602, 33.786916 ], [ -84.43395, 33.787177 ], [ -84.433974, 33.787195 ], [ -84.434473, 33.787469 ], [ -84.43509, 33.787751 ], [ -84.43581, 33.788039 ], [ -84.4365132, 33.7883618 ], [ -84.436513615318148, 33.788361990354147 ] ], [ [ -84.4270903, 33.786236 ], [ -84.4266873, 33.78613 ], [ -84.4261033, 33.785924 ], [ -84.4257623, 33.785803 ], [ -84.4255593, 33.785743 ], [ -84.4253323, 33.785694 ], [ -84.4250353, 33.78565 ], [ -84.4244898, 33.7855703 ], [ -84.424489733344259, 33.785570290537983 ], [ -84.4239523, 33.785494 ], [ -84.4232988, 33.7854 ], [ -84.423298798245654, 33.785399999748762 ] ] ] } },
{ "type": "Feature", "properties": { "corridor_id": 29, "corridor_name": "County Line Road Southwest", "street_names": "County Line Road Southwest; Niskey Lake Road Southwest", "n_edges": 10, "length_m": 1565.8613202012805, "length_km": 1.5658613202012805, "mean_score": 61.087462833367155, "total_score": 615.30777611733652, "pair_count_max": 70, "neighborhood_span": 36, "climb_saved_m": 739.08561873914925, "mean_abs_grade": 0.019850461007055144, "max_grade": 0.063013999719150865, "elev_min_m": 284.76486206054688, "elev_max_m": 302.17660522460938, "elev_range_m": 17.4117431640625, "gain_per_km": 12.413159534750239, "low_stress_share": 0.0, "mode": "walk", "n_pieces": 2, "neighborhoods": "Niskey Lake; Regency Trace", "end_a_lon": -84.535356, "end_a_lat": 33.696567, "end_b_lon": -84.534904, "end_b_lat": 33.711047, "corridor_uid": "walk-29" }, "geometry": { "type": "MultiLineString", "coordinates": [ [ [ -84.536644912382812, 33.70380016052264 ], [ -84.53667, 33.703134 ], [ -84.536646, 33.703046 ], [ -84.536493, 33.702726 ], [ -84.536416, 33.702457 ], [ -84.5362898, 33.701459699999987 ], [ -84.536288781853173, 33.701451646023003 ], [ -84.536215, 33.700868 ], [ -84.5360616, 33.6996208 ], [ -84.535964, 33.698827 ], [ -84.535932, 33.698653 ], [ -84.535881, 33.698483 ], [ -84.535811, 33.698317 ], [ -84.5357383, 33.6981956 ], [ -84.5356003, 33.6979509 ], [ -84.5355131, 33.6977731 ], [ -84.5354728, 33.6976701 ], [ -84.535472104443912, 33.697668320002805 ], [ -84.5354195, 33.6975337 ], [ -84.535373, 33.6973443 ], [ -84.5353456, 33.6971009 ], [ -84.535345665047956, 33.697097504496881 ], [ -84.5353556, 33.6965789 ], [ -84.535355870028212, 33.696567296502103 ] ], [ [ -84.5349038, 33.7110467 ], [ -84.534918, 33.71096 ], [ -84.535004, 33.710719 ], [ -84.535148, 33.710415 ], [ -84.535252, 33.710239 ], [ -84.535531, 33.709847 ], [ -84.535915, 33.709306 ], [ -84.53601, 33.709125 ], [ -84.536054329875739, 33.708994272956232 ], [ -84.5360629, 33.708969 ], [ -84.536074, 33.708935 ], [ -84.536101, 33.708795 ], [ -84.5362535, 33.7078895 ], [ -84.536365, 33.706624 ], [ -84.536448, 33.706187 ], [ -84.5366168, 33.7055669 ], [ -84.5366343, 33.7054712 ], [ -84.536662, 33.705265 ], [ -84.536688, 33.704924 ], [ -84.53667, 33.704579 ] ] ] } },
{ "type": "Feature", "properties": { "corridor_id": 30, "corridor_name": "Cottage Grove Avenue Southeast - Memorial Drive Southeast", "street_names": "Cottage Grove Avenue Southeast; Memorial Drive Southeast", "n_edges": 14, "length_m": 852.73643518299536, "length_km": 0.85273643518299536, "mean_score": 43.64997773359736, "total_score": 611.099688270363, "pair_count_max": 70, "neighborhood_span": 36, "climb_saved_m": 484.73989608280618, "mean_abs_grade": 0.016216999906654084, "max_grade": 0.059052575717857075, "elev_min_m": 301.00653076171875, "elev_max_m": 306.74124145507812, "elev_range_m": 5.734710693359375, "gain_per_km": 12.158732935872656, "low_stress_share": 0.90312742404803303, "mode": "walk", "n_pieces": 1, "neighborhoods": "East Lake; Kirkwood", "end_a_lon": -84.313681, "end_a_lat": 33.749982, "end_b_lon": -84.305223, "end_b_lat": 33.747227, "corridor_uid": "walk-30" }, "geometry": { "type": "LineString", "coordinates": [ [ -84.313680815859328, 33.749982191794679 ], [ -84.3136761, 33.7499812 ], [ -84.3133918, 33.7499188 ], [ -84.313123600000011, 33.749834 ], [ -84.31285, 33.7497002 ], [ -84.3118506, 33.7491584 ], [ -84.3117897, 33.7491241 ], [ -84.311357, 33.7488902 ], [ -84.3113045, 33.74886630000001 ], [ -84.311304415271309, 33.748866261275552 ], [ -84.3112207, 33.748828 ], [ -84.3111443, 33.7487996 ], [ -84.311143698210188, 33.748799387006976 ], [ -84.3110375, 33.7487618 ], [ -84.3108489, 33.7487019 ], [ -84.3103874, 33.7485776 ], [ -84.310298, 33.7485531 ], [ -84.3102287, 33.748534 ], [ -84.3096383, 33.7483736 ], [ -84.309637990337052, 33.748373515889504 ], [ -84.3093839, 33.74830450000001 ], [ -84.3089776, 33.7482012 ], [ -84.3089086, 33.7481831 ], [ -84.308668943204808, 33.748120489662256 ], [ -84.3086686, 33.7481204 ], [ -84.3083882, 33.74804180000001 ], [ -84.307598, 33.747827 ], [ -84.307592348775017, 33.747825293969818 ], [ -84.3075821, 33.7478222 ], [ -84.3074055, 33.7477692 ], [ -84.307345, 33.747751 ], [ -84.307237616769001, 33.747703776708867 ], [ -84.3072263, 33.7476988 ], [ -84.307002, 33.7476 ], [ -84.306824, 33.7475082 ], [ -84.306722763903252, 33.747441617797904 ], [ -84.30672, 33.7474398 ], [ -84.3066393, 33.7473868 ], [ -84.3061143, 33.7472423 ], [ -84.305995507949163, 33.747241800033457 ], [ -84.3059955, 33.7472418 ], [ -84.305223301954641, 33.747227100037215 ] ] } },
{ "type": "Feature", "properties": { "corridor_id": 31, "corridor_name": "Donald Lee Hollowell Parkway Northwest", "street_names": "Donald Lee Hollowell Parkway Northwest", "n_edges": 15, "length_m": 418.93124741673779, "length_km": 0.41893124741673782, "mean_score": 39.058871491678104, "total_score": 585.88307237517154, "pair_count_max": 135, "neighborhood_span": 32, "climb_saved_m": 320.86681611869096, "mean_abs_grade": 0.011018580771027709, "max_grade": 0.024675946518981393, "elev_min_m": 295.7447509765625, "elev_max_m": 299.92123413085938, "elev_range_m": 4.176483154296875, "gain_per_km": 1.0553967377734808, "low_stress_share": 0.0, "mode": "walk", "n_pieces": 1, "neighborhoods": "English Avenue", "end_a_lon": -84.410861, "end_a_lat": 33.77308, "end_b_lon": -84.415382, "end_b_lat": 33.773049, "corridor_uid": "walk-31" }, "geometry": { "type": "LineString", "coordinates": [ [ -84.410861499883481, 33.773080100002076 ], [ -84.4108615, 33.7730801 ], [ -84.4113761, 33.7730708 ], [ -84.41137610019625, 33.773070799996589 ], [ -84.411422, 33.77307 ], [ -84.4114818, 33.7730692 ], [ -84.411481801284921, 33.773069199981762 ], [ -84.4117073, 33.773066 ], [ -84.41170730723195, 33.773065999959726 ], [ -84.4123178, 33.7730626 ], [ -84.4123605, 33.7730623 ], [ -84.412360500519213, 33.773062299996667 ], [ -84.4124229, 33.7730619 ], [ -84.412475399584793, 33.773061200005543 ], [ -84.4124754, 33.7730612 ], [ -84.4125071, 33.7730607 ], [ -84.4133866, 33.7730478 ], [ -84.41338660005988, 33.773047799999134 ], [ -84.413442, 33.773047 ], [ -84.413499499894527, 33.773047099999815 ], [ -84.4134995, 33.7730471 ], [ -84.413876399007194, 33.773047399999214 ], [ -84.4138764, 33.7730474 ], [ -84.414376098382135, 33.773048599996123 ], [ -84.4143761, 33.773048599999989 ], [ -84.4144362, 33.773049300000018 ], [ -84.4144899, 33.7730494 ], [ -84.414489900035974, 33.773049399999984 ], [ -84.4153824, 33.773049 ], [ -84.415382400003821, 33.773049 ] ] } },
{ "type": "Feature", "properties": { "corridor_id": 32, "corridor_name": "Cascade Avenue Southwest", "street_names": "Cascade Avenue Southwest", "n_edges": 15, "length_m": 1349.3568685251159, "length_km": 1.349356868525116, "mean_score": 39.004412419644474, "total_score": 585.06618629466709, "pair_count_max": 81, "neighborhood_span": 26, "climb_saved_m": 416.55833689941807, "mean_abs_grade": 0.026111751157018664, "max_grade": 0.053988293394043922, "elev_min_m": 279.76004028320312, "elev_max_m": 309.79782104492188, "elev_range_m": 30.03778076171875, "gain_per_km": 22.260812882325833, "low_stress_share": 0.0, "mode": "walk", "n_pieces": 1, "neighborhoods": "Adams Park; Cascade Avenue/Road; Venetian Hills", "end_a_lon": -84.442254, "end_a_lat": 33.728559, "end_b_lon": -84.453807, "end_b_lat": 33.721246, "corridor_uid": "walk-32" }, "geometry": { "type": "LineString", "coordinates": [ [ -84.442254, 33.728559 ], [ -84.443032, 33.728036 ], [ -84.443535, 33.727697 ], [ -84.443906, 33.727447 ], [ -84.444926, 33.726766 ], [ -84.4450174, 33.7267048 ], [ -84.445111, 33.726642 ], [ -84.445808, 33.7261769 ], [ -84.445808004761147, 33.726176896823532 ], [ -84.445875, 33.7261322 ], [ -84.445875004324719, 33.726132197115589 ], [ -84.446102897302424, 33.725980201799189 ], [ -84.4461029, 33.7259802 ], [ -84.44631, 33.725842 ], [ -84.447313483415087, 33.725172411066524 ], [ -84.447313500000021, 33.7251724 ], [ -84.447734187832424, 33.724891608121361 ], [ -84.447734200000014, 33.7248916 ], [ -84.448621, 33.7242998 ], [ -84.449984999130962, 33.723389500579977 ], [ -84.449985, 33.7233895 ], [ -84.450248, 33.723214 ], [ -84.451012, 33.722704 ], [ -84.452031, 33.722024 ], [ -84.452531, 33.721693 ], [ -84.452835, 33.721528 ], [ -84.453219, 33.721376 ], [ -84.453625, 33.72127 ], [ -84.4537765, 33.7212499 ], [ -84.453806692559965, 33.721245907687283 ] ] } },
{ "type": "Feature", "properties": { "corridor_id": 33, "corridor_name": "Atlanta Beltline Southside Trail - Beltline Access Line", "street_names": "Atlanta Beltline Southside Trail; Beltline Access Line", "n_edges": 12, "length_m": 2720.1751895286993, "length_km": 2.7201751895286992, "mean_score": 48.373264358143764, "total_score": 580.4791722977252, "pair_count_max": 98, "neighborhood_span": 17, "climb_saved_m": 988.88917197845024, "mean_abs_grade": 0.011094926859999885, "max_grade": 0.067971515220653478, "elev_min_m": 296.44464111328125, "elev_max_m": 311.35165405273438, "elev_range_m": 14.907012939453125, "gain_per_km": 7.2457751647408379, "low_stress_share": 1.0, "mode": "walk", "n_pieces": 1, "neighborhoods": "Adair Park; Capitol View; Capitol View Manor; Chosewood Park; High Point; Pittsburgh; South Atlanta", "end_a_lon": -84.412693, "end_a_lat": 33.721799, "end_b_lon": -84.384987, "end_b_lat": 33.723238, "corridor_uid": "walk-33" }, "geometry": { "type": "MultiLineString", "coordinates": [ [ [ -84.4105725, 33.7211977 ], [ -84.4106311, 33.7211275 ], [ -84.4106701, 33.7211093 ], [ -84.4107187, 33.7210972 ], [ -84.4107722, 33.7210992 ], [ -84.410832, 33.7211069 ], [ -84.410835034310708, 33.721107991677222 ], [ -84.4110299, 33.721178099999989 ], [ -84.41146845963442, 33.721316410398686 ], [ -84.4114735, 33.721318 ], [ -84.411515400000013, 33.7213277 ], [ -84.4115632, 33.7213332 ], [ -84.4116454, 33.7213336 ], [ -84.4116882, 33.7213334 ], [ -84.4117906, 33.7213455 ], [ -84.4119027, 33.7213669 ], [ -84.4120476, 33.7214071 ], [ -84.4122192, 33.7214733 ], [ -84.4123925, 33.7215586 ], [ -84.4124757, 33.7216247 ], [ -84.412692890354677, 33.721799383665733 ] ], [ [ -84.384986731294006, 33.723238354844931 ], [ -84.3850572, 33.7232101 ], [ -84.3851445, 33.7231663 ], [ -84.386188100000012, 33.7226384 ], [ -84.3876431, 33.721915 ], [ -84.3877701, 33.7218454 ], [ -84.3883029, 33.7215536 ], [ -84.388823, 33.7212761 ], [ -84.389673, 33.7208576 ], [ -84.389705459536486, 33.720841616299445 ], [ -84.3899764, 33.7207082 ], [ -84.3903752, 33.720541 ], [ -84.3918735, 33.7199494 ], [ -84.3927896, 33.719661 ], [ -84.3932598, 33.7195399 ], [ -84.3935238, 33.719477 ], [ -84.3936772, 33.7194402 ], [ -84.393733208522576, 33.71942855704269 ], [ -84.3939336, 33.7193869 ], [ -84.3942513, 33.7193555 ], [ -84.3949402, 33.7193463 ], [ -84.3951552, 33.7193519 ], [ -84.395187063223446, 33.719354438001233 ], [ -84.395282, 33.719362 ], [ -84.395669, 33.719425499999986 ], [ -84.3962251, 33.7195579 ], [ -84.398621500000019, 33.7201881 ], [ -84.3989341, 33.7202525 ], [ -84.3991126, 33.7202749 ], [ -84.399347, 33.7202837 ], [ -84.3996998, 33.7202931 ], [ -84.3998745, 33.7203042 ], [ -84.400045, 33.7203274 ], [ -84.4002197, 33.7203604 ], [ -84.4005543, 33.7204488 ], [ -84.400686, 33.7204782 ], [ -84.4008657, 33.7205072 ], [ -84.4010956, 33.7205274 ], [ -84.4013105, 33.7205318 ], [ -84.4014565, 33.7205247 ], [ -84.401566581309936, 33.720516036884689 ], [ -84.4016039, 33.7205131 ], [ -84.4019765, 33.7204577 ], [ -84.4022722, 33.7204249 ], [ -84.4026678, 33.720389 ], [ -84.4030695, 33.7203689 ], [ -84.4033553, 33.7203629 ], [ -84.4036136, 33.7203612 ], [ -84.4039118, 33.7203714 ], [ -84.403996, 33.7203724 ], [ -84.4040906, 33.7203669 ], [ -84.4043207, 33.7203377 ], [ -84.4044563, 33.7203266 ], [ -84.4046145, 33.7203247 ], [ -84.4051863, 33.7203458 ], [ -84.40546310000002, 33.7203527 ], [ -84.4056082, 33.7203605 ], [ -84.405718, 33.7203718 ], [ -84.4059412, 33.7204131 ], [ -84.4060146, 33.7204229 ], [ -84.4061257, 33.7204274 ], [ -84.4063225, 33.7204338 ], [ -84.407206465046684, 33.720488243052046 ], [ -84.4073454, 33.720496799999985 ], [ -84.4077005, 33.72051660000001 ], [ -84.407918107471374, 33.720528159763155 ], [ -84.4080224, 33.7205337 ], [ -84.4080703, 33.7205378 ], [ -84.4082346, 33.7205521 ], [ -84.4087869, 33.7206258 ], [ -84.4090912, 33.7206926 ], [ -84.4094289, 33.7207826 ], [ -84.4097145, 33.7208742 ], [ -84.410377, 33.7211211 ], [ -84.410421639686447, 33.721138590536981 ] ] ] } },
{ "type": "Feature", "properties": { "corridor_id": 34, "corridor_name": "Donald Lee Hollowell Parkway Northwest", "street_names": "Donald Lee Hollowell Parkway Northwest", "n_edges": 10, "length_m": 876.62566946516608, "length_km": 0.87662566946516607, "mean_score": 56.042485937323782, "total_score": 560.42485937323784, "pair_count_max": 101, "neighborhood_span": 35, "climb_saved_m": 489.63576347616015, "mean_abs_grade": 0.026097718060040877, "max_grade": 0.052269100629462342, "elev_min_m": 257.24594116210938, "elev_max_m": 274.05575561523438, "elev_range_m": 16.809814453125, "gain_per_km": 22.42631666863646, "low_stress_share": 0.82753693412782325, "mode": "walk", "n_pieces": 1, "neighborhoods": "Grove Park", "end_a_lon": -84.441898, "end_a_lat": 33.772669, "end_b_lon": -84.434423, "end_b_lat": 33.771282, "corridor_uid": "walk-34" }, "geometry": { "type": "MultiLineString", "coordinates": [ [ [ -84.441898321945771, 33.772669085338592 ], [ -84.4418503, 33.7726551 ], [ -84.4411205, 33.7723005 ], [ -84.441067038618556, 33.77228081406259 ], [ -84.440930400000013, 33.7722305 ], [ -84.440802600000012, 33.772141499999989 ], [ -84.44068, 33.7720572 ], [ -84.440611803946794, 33.772029970299847 ], [ -84.4401761, 33.771856 ], [ -84.4401071, 33.7718416 ], [ -84.4398016, 33.7717182 ], [ -84.4394719, 33.7716508 ], [ -84.4393723, 33.7716404 ], [ -84.439294543742875, 33.771632328138104 ], [ -84.4386951, 33.771570099999984 ], [ -84.438627815090157, 33.771562587479856 ], [ -84.4381819, 33.7715128 ], [ -84.438122327293826, 33.771506150415 ], [ -84.4376157, 33.7714496 ], [ -84.437564583960324, 33.771444393280568 ], [ -84.4362668, 33.7713122 ], [ -84.4359783, 33.7712644 ], [ -84.43595150153196, 33.771261869033573 ], [ -84.4358163, 33.7712491 ], [ -84.4352484, 33.7712175 ], [ -84.4348273, 33.771208899999984 ], [ -84.434413, 33.771214099999987 ], [ -84.4344234, 33.7712822 ] ], [ [ -84.435968, 33.77135 ], [ -84.435444, 33.771298 ], [ -84.435081, 33.771279 ], [ -84.434972, 33.771278 ], [ -84.434546, 33.771276 ], [ -84.4344234, 33.7712822 ], [ -84.434423207614188, 33.771282207530838 ] ] ] } },
{ "type": "Feature", "properties": { "corridor_id": 35, "corridor_name": "Jonesboro Road Southeast", "street_names": "Jonesboro Road Southeast", "n_edges": 10, "length_m": 1362.5775119570797, "length_km": 1.3625775119570795, "mean_score": 51.09944477156445, "total_score": 510.99444771564453, "pair_count_max": 70, "neighborhood_span": 36, "climb_saved_m": 459.91547607676745, "mean_abs_grade": 0.024741438856001399, "max_grade": 0.056039236149070283, "elev_min_m": 267.62744140625, "elev_max_m": 301.33956909179688, "elev_range_m": 33.712127685546875, "gain_per_km": 0.0, "low_stress_share": 0.0, "mode": "walk", "n_pieces": 1, "neighborhoods": "Lakewood; Lakewood Heights; Norwood Manor", "end_a_lon": -84.376578, "end_a_lat": 33.703083, "end_b_lon": -84.367285, "end_b_lat": 33.693733, "corridor_uid": "walk-35" }, "geometry": { "type": "LineString", "coordinates": [ [ -84.376578261882074, 33.703082977108174 ], [ -84.3765781, 33.7030829 ], [ -84.376386, 33.702983 ], [ -84.374924, 33.702235 ], [ -84.374846, 33.702195 ], [ -84.374515, 33.70198 ], [ -84.374219, 33.701721 ], [ -84.372915, 33.70026 ], [ -84.372853530086928, 33.700193994630226 ], [ -84.3728513, 33.7001916 ], [ -84.372392, 33.699698 ], [ -84.37163611920117, 33.698866351434887 ], [ -84.3716348, 33.6988649 ], [ -84.371563940406219, 33.698786885841422 ], [ -84.3715625, 33.6987853 ], [ -84.371524, 33.698743 ], [ -84.3714862, 33.6987 ], [ -84.37108827581612, 33.698247110605458 ], [ -84.3710873, 33.698246 ], [ -84.370984852544467, 33.698129370563684 ], [ -84.370984, 33.6981284 ], [ -84.370627, 33.697722 ], [ -84.3698691, 33.696865499999987 ], [ -84.369575873313252, 33.696528747476926 ], [ -84.3695747, 33.6965274 ], [ -84.368188, 33.694935 ], [ -84.367828, 33.694475 ], [ -84.367397, 33.693864 ], [ -84.3672864, 33.6937347 ], [ -84.36728517681253, 33.693733267957846 ] ] } },
{ "type": "Feature", "properties": { "corridor_id": 36, "corridor_name": "West Whitehall Street Southwest", "street_names": "West Whitehall Street Southwest", "n_edges": 11, "length_m": 1093.0492143634183, "length_km": 1.0930492143634183, "mean_score": 46.209598718984402, "total_score": 508.30558590882839, "pair_count_max": 176, "neighborhood_span": 30, "climb_saved_m": 345.70365984741795, "mean_abs_grade": 0.0078317479175977842, "max_grade": 0.049563435285687046, "elev_min_m": 319.72903442382812, "elev_max_m": 324.65975952148438, "elev_range_m": 4.93072509765625, "gain_per_km": 6.4323300168868229, "low_stress_share": 0.43142452167334788, "mode": "walk", "n_pieces": 1, "neighborhoods": "Adair Park; West End", "end_a_lon": -84.412854, "end_a_lat": 33.737628, "end_b_lon": -84.413669, "end_b_lat": 33.732215, "corridor_uid": "walk-36" }, "geometry": { "type": "MultiLineString", "coordinates": [ [ [ -84.412936980727494, 33.736279188281934 ], [ -84.4129342, 33.7360551 ], [ -84.4129382, 33.7352918 ], [ -84.412935200000021, 33.734804499999989 ], [ -84.4129449, 33.7346521 ], [ -84.412957, 33.7345276 ], [ -84.4129805, 33.7343143 ], [ -84.4130463, 33.7340158 ], [ -84.413055499435046, 33.733985980159488 ], [ -84.4131109, 33.7338064 ], [ -84.4132951, 33.733264 ], [ -84.413304472050129, 33.733237984177215 ], [ -84.4133482, 33.7331166 ], [ -84.4134928, 33.7327892 ], [ -84.4137037, 33.73242470000001 ], [ -84.4137746, 33.7323127 ], [ -84.4137881, 33.7322958 ], [ -84.4137977, 33.7322868 ], [ -84.4137998, 33.7322849 ], [ -84.413801999210236, 33.732283404537036 ] ], [ [ -84.4137998, 33.7322849 ], [ -84.413667446613715, 33.73221966373854 ] ], [ [ -84.41285449874924, 33.737628405765221 ], [ -84.412854400000015, 33.7372341 ], [ -84.4128543956529, 33.737225744882835 ], [ -84.4128543, 33.7370419 ], [ -84.412854235122353, 33.737031927377714 ], [ -84.4128494, 33.7362887 ], [ -84.41284929518244, 33.736272392680647 ], [ -84.412843, 33.735293 ], [ -84.412843, 33.734784 ], [ -84.412883, 33.734328 ], [ -84.4129334, 33.734003899999983 ], [ -84.412936, 33.733987 ], [ -84.412940893727722, 33.733970963228103 ], [ -84.4130295, 33.7336806 ], [ -84.4131264, 33.7333263 ], [ -84.413157400000017, 33.7332276 ], [ -84.41316827727276, 33.733198475062068 ], [ -84.4132123, 33.7330806 ], [ -84.4132514, 33.7329973 ], [ -84.4134068, 33.732667 ], [ -84.4134703, 33.732534 ], [ -84.4135734, 33.7323684 ], [ -84.4136661, 33.732219 ], [ -84.413668533332256, 33.732215114460722 ] ], [ [ -84.4128494, 33.7362887 ], [ -84.412937099984447, 33.736288799999969 ] ] ] } },
{ "type": "Feature", "properties": { "corridor_id": 37, "corridor_name": "Piedmont Road Northeast", "street_names": "Piedmont Road Northeast", "n_edges": 14, "length_m": 505.51914865795698, "length_km": 0.505519148657957, "mean_score": 35.93236884519149, "total_score": 503.05316383268087, "pair_count_max": 109, "neighborhood_span": 36, "climb_saved_m": 239.33449884401381, "mean_abs_grade": 0.018482930447826122, "max_grade": 0.030108253980397553, "elev_min_m": 301.90753173828125, "elev_max_m": 310.27996826171875, "elev_range_m": 8.3724365234375, "gain_per_km": 1.9208744533956252, "low_stress_share": 0.12984757040650952, "mode": "walk", "n_pieces": 1, "neighborhoods": "Buckhead Forest; North Buckhead", "end_a_lon": -84.373311, "end_a_lat": 33.847556, "end_b_lon": -84.372079, "end_b_lat": 33.843494, "corridor_uid": "walk-37" }, "geometry": { "type": "MultiLineString", "coordinates": [ [ [ -84.371477638173033, 33.843898501649925 ], [ -84.3714778, 33.8438988 ], [ -84.3716598, 33.8442583 ], [ -84.3718911, 33.844720699999989 ], [ -84.37189148966867, 33.844721479020016 ], [ -84.3720139, 33.8449662 ], [ -84.3720929, 33.8451242 ], [ -84.372093640892118, 33.845125657624713 ], [ -84.3721573, 33.8452509 ], [ -84.3723316, 33.845560299999988 ], [ -84.3724096, 33.84572 ], [ -84.3725648, 33.8460378 ], [ -84.372564800370128, 33.846037800757735 ], [ -84.372624, 33.846159 ], [ -84.3726312, 33.846173699999987 ], [ -84.3726588, 33.8462302 ], [ -84.372659464727079, 33.846231561535596 ], [ -84.3728142, 33.8465485 ], [ -84.372817840485311, 33.846555967065719 ], [ -84.3728455, 33.8466127 ], [ -84.3730067, 33.8469426 ], [ -84.373014035599752, 33.846957609876512 ], [ -84.3731085, 33.8471509 ], [ -84.373117778803305, 33.847169894677648 ], [ -84.373238, 33.847416 ], [ -84.3732974, 33.84753 ], [ -84.373310694503516, 33.84755555642424 ] ], [ [ -84.372079281767569, 33.843494104989666 ], [ -84.3720467, 33.8435179 ], [ -84.3719202, 33.8436103 ], [ -84.371754841967885, 33.843708193346039 ], [ -84.37173, 33.8437229 ], [ -84.3717014, 33.8437388 ], [ -84.3716571, 33.8437711 ], [ -84.371647175303096, 33.843779759508905 ] ], [ [ -84.3716129, 33.843830299999986 ], [ -84.371478900292601, 33.843898242116616 ] ] ] } },
{ "type": "Feature", "properties": { "corridor_id": 38, "corridor_name": "Atlanta Beltline Southside Trail", "street_names": "Atlanta Beltline Southside Trail", "n_edges": 8, "length_m": 2811.2932798286529, "length_km": 2.8112932798286527, "mean_score": 60.139835536874585, "total_score": 480.88716407316747, "pair_count_max": 73, "neighborhood_span": 21, "climb_saved_m": 974.7356871468337, "mean_abs_grade": 0.0061899063178894077, "max_grade": 0.044693089392478909, "elev_min_m": 284.78131103515625, "elev_max_m": 298.31414794921875, "elev_range_m": 13.5328369140625, "gain_per_km": 3.983555957021832, "low_stress_share": 0.99999999999999989, "mode": "walk", "n_pieces": 2, "neighborhoods": "Boulevard Heights; Chosewood Park; Grant Park; Ormewood Park", "end_a_lon": -84.378304, "end_a_lat": 33.72433, "end_b_lon": -84.358228, "end_b_lat": 33.739708, "corridor_uid": "walk-38" }, "geometry": { "type": "MultiLineString", "coordinates": [ [ [ -84.3685132, 33.726213 ], [ -84.3702506, 33.7256762 ], [ -84.3706796, 33.7255437 ], [ -84.3733639, 33.7247258 ], [ -84.3740398, 33.7245293 ], [ -84.3747311, 33.7243807 ], [ -84.3749745, 33.7243519 ], [ -84.376737369258862, 33.724317616772247 ], [ -84.3767588, 33.7243172 ], [ -84.3771564, 33.7243095 ], [ -84.3774232, 33.7243085 ], [ -84.378304286993057, 33.724330147147136 ] ], [ [ -84.368339300000017, 33.7262653 ], [ -84.3672178, 33.7265987 ], [ -84.366499, 33.7268374 ], [ -84.3660788, 33.7269944 ], [ -84.3656411, 33.7271879 ], [ -84.3651581, 33.7274201 ], [ -84.3647102, 33.7276767 ], [ -84.3640353, 33.7280967 ], [ -84.3639152, 33.7281724 ], [ -84.3638892, 33.7281954 ], [ -84.363698, 33.7283487 ], [ -84.3634332, 33.7285938 ], [ -84.3631297, 33.728856 ], [ -84.3628903, 33.7290793 ], [ -84.3626685, 33.7293075 ], [ -84.3623883, 33.7296279 ], [ -84.3621898, 33.7298658 ], [ -84.3619563, 33.7301911 ], [ -84.3617257, 33.7305237 ], [ -84.3614805, 33.7309412 ], [ -84.361250318124277, 33.73136487459044 ], [ -84.3612239, 33.7314135 ], [ -84.3611798, 33.7314947 ], [ -84.3611732, 33.731509 ], [ -84.3610076, 33.7318661 ], [ -84.3607624, 33.732354 ], [ -84.360648, 33.7326567 ], [ -84.36050504291893, 33.732978977070701 ], [ -84.360499, 33.7329926 ], [ -84.3602708, 33.7335187 ], [ -84.3601572, 33.7338262 ], [ -84.3601337, 33.7338928 ], [ -84.3599377, 33.7345474 ], [ -84.3597591, 33.7350504 ], [ -84.3597, 33.7352255 ], [ -84.359557078033248, 33.735653966482694 ], [ -84.3595568, 33.7356548 ], [ -84.3587563, 33.737995 ], [ -84.358525, 33.7386713 ], [ -84.3583715, 33.7391828 ], [ -84.358227968790217, 33.739707848360005 ] ] ] } },
{ "type": "Feature", "properties": { "corridor_id": 39, "corridor_name": "unnamed corridor", "street_names": "", "n_edges": 12, "length_m": 1175.5421997479975, "length_km": 1.1755421997479976, "mean_score": 37.187950131127316, "total_score": 446.25540157352776, "pair_count_max": 54, "neighborhood_span": 26, "climb_saved_m": 367.43141921572436, "mean_abs_grade": 0.024333565478702367, "max_grade": 0.049244438440131988, "elev_min_m": 260.82818603515625, "elev_max_m": 289.43331909179688, "elev_range_m": 28.605133056640625, "gain_per_km": 0.0, "low_stress_share": 1.0, "mode": "walk", "n_pieces": 1, "neighborhoods": "Center Hill", "end_a_lon": -84.471228, "end_a_lat": 33.77518, "end_b_lon": -84.459047, "end_b_lat": 33.776661, "corridor_uid": "walk-39" }, "geometry": { "type": "LineString", "coordinates": [ [ -84.471227788417067, 33.77518025504191 ], [ -84.4711842, 33.7751437 ], [ -84.4711453, 33.7751672 ], [ -84.4709198, 33.7751704 ], [ -84.4705359, 33.7751505 ], [ -84.470292, 33.7751754 ], [ -84.4695783, 33.7753383 ], [ -84.469199567507971, 33.775417589854527 ], [ -84.4691871, 33.775420199999985 ], [ -84.4689266, 33.7754912 ], [ -84.468035630201911, 33.775678438445844 ], [ -84.4680144, 33.7756829 ], [ -84.4672912, 33.7758102 ], [ -84.466766587503301, 33.775950323280256 ], [ -84.4667356, 33.7759586 ], [ -84.466400922826296, 33.776069300911303 ], [ -84.4663716, 33.776079 ], [ -84.464979534257594, 33.776568168061026 ], [ -84.4649581, 33.7765757 ], [ -84.464283062813536, 33.776812893664186 ], [ -84.4642654, 33.7768191 ], [ -84.463697389802462, 33.777018708047102 ], [ -84.4636829, 33.7770238 ], [ -84.4632648, 33.7771579 ], [ -84.4630109, 33.7772044 ], [ -84.462783, 33.7772211 ], [ -84.462595487838229, 33.777206417443942 ], [ -84.462571, 33.7772045 ], [ -84.462261535536911, 33.777162537167342 ], [ -84.4622325, 33.7771586 ], [ -84.461288137335345, 33.777015619221338 ], [ -84.4612464, 33.7770093 ], [ -84.461064568849707, 33.776981764421834 ], [ -84.4610199, 33.776975 ], [ -84.459047130415286, 33.77666056208303 ] ] } },
{ "type": "Feature", "properties": { "corridor_id": 40, "corridor_name": "Oakview Road Southeast", "street_names": "Oakview Road Southeast", "n_edges": 7, "length_m": 754.5368371650776, "length_km": 0.75453683716507758, "mean_score": 62.415910602888168, "total_score": 436.91137422021717, "pair_count_max": 70, "neighborhood_span": 36, "climb_saved_m": 452.93605667152673, "mean_abs_grade": 0.015418369834642353, "max_grade": 0.06971004608802292, "elev_min_m": 298.25521850585938, "elev_max_m": 311.52481079101562, "elev_range_m": 13.26959228515625, "gain_per_km": 13.813899056653526, "low_stress_share": 1.0, "mode": "walk", "n_pieces": 1, "neighborhoods": "Kirkwood", "end_a_lon": -84.321745, "end_a_lat": 33.750672, "end_b_lon": -84.314218, "end_b_lat": 33.750065, "corridor_uid": "walk-40" }, "geometry": { "type": "LineString", "coordinates": [ [ -84.321744805924055, 33.750671804169578 ], [ -84.3217448, 33.7506718 ], [ -84.321453109651543, 33.750466406796107 ], [ -84.3214531, 33.7504664 ], [ -84.321274805726617, 33.750340804033996 ], [ -84.3212748, 33.7503408 ], [ -84.3206123, 33.7498742 ], [ -84.3200512, 33.7495963 ], [ -84.3195557, 33.7494091 ], [ -84.319331, 33.7493614 ], [ -84.319124, 33.7493281 ], [ -84.318728, 33.7492896 ], [ -84.3182927, 33.7492973 ], [ -84.3179918, 33.7493268 ], [ -84.317694300000014, 33.7493804 ], [ -84.3164602, 33.7496155 ], [ -84.3162028, 33.7496199 ], [ -84.3160229, 33.7496658 ], [ -84.315282, 33.749855 ], [ -84.3142183, 33.7500645 ], [ -84.314218130145861, 33.750064533520884 ] ] } },
{ "type": "Feature", "properties": { "corridor_id": 41, "corridor_name": "Campbellton Road Southwest - Campbellton Road", "street_names": "Campbellton Road; Campbellton Road Southwest", "n_edges": 11, "length_m": 557.65078028134587, "length_km": 0.55765078028134585, "mean_score": 39.457806883287248, "total_score": 434.03587571615969, "pair_count_max": 70, "neighborhood_span": 36, "climb_saved_m": 263.2108390873521, "mean_abs_grade": 0.012943561459813712, "max_grade": 0.025530434513708771, "elev_min_m": 289.91583251953125, "elev_max_m": 293.57882690429688, "elev_range_m": 3.662994384765625, "gain_per_km": 6.176838919208401, "low_stress_share": 0.0, "mode": "walk", "n_pieces": 1, "neighborhoods": "Ben Hill Terrace; Fairburn; Kings Forest", "end_a_lon": -84.518556, "end_a_lat": 33.693454, "end_b_lon": -84.513435, "end_b_lat": 33.690856, "corridor_uid": "walk-41" }, "geometry": { "type": "LineString", "coordinates": [ [ -84.5185563, 33.6934539 ], [ -84.5183226, 33.6933534 ], [ -84.5179011, 33.6931587 ], [ -84.517484268907225, 33.692933684985313 ], [ -84.517483, 33.692933 ], [ -84.516780814065285, 33.692532906861786 ], [ -84.5167801, 33.692532499999984 ], [ -84.516251607362264, 33.692231375129055 ], [ -84.5162513, 33.6922312 ], [ -84.515849, 33.692002 ], [ -84.5155785, 33.6918481 ], [ -84.515578492992375, 33.691848096015121 ], [ -84.5148436, 33.6914302 ], [ -84.5145876, 33.6912846 ], [ -84.5143056, 33.6911434 ], [ -84.514301397225012, 33.691141293265474 ], [ -84.514227, 33.691104 ], [ -84.513976, 33.691006 ], [ -84.513932200000013, 33.6909923 ], [ -84.513926516274196, 33.690990524147011 ], [ -84.513704, 33.690921 ], [ -84.513435, 33.690856 ] ] } },
{ "type": "Feature", "properties": { "corridor_id": 42, "corridor_name": "Marietta Road Northwest", "street_names": "Marietta Road Northwest", "n_edges": 8, "length_m": 1581.9741556091217, "length_km": 1.5819741556091216, "mean_score": 53.057836690561281, "total_score": 383.44076087652991, "pair_count_max": 48, "neighborhood_span": 24, "climb_saved_m": 501.20125287793883, "mean_abs_grade": 0.0083492595968686391, "max_grade": 0.015444455525952099, "elev_min_m": 277.81396484375, "elev_max_m": 289.08474731445312, "elev_range_m": 11.270782470703125, "gain_per_km": 1.2765314086234627, "low_stress_share": 0.0, "mode": "walk", "n_pieces": 2, "neighborhoods": "Hills Park; Rockdale", "end_a_lon": -84.442366, "end_a_lat": 33.800864, "end_b_lon": -84.436528, "end_b_lat": 33.788484, "corridor_uid": "walk-42" }, "geometry": { "type": "MultiLineString", "coordinates": [ [ [ -84.438874045152303, 33.795179233285126 ], [ -84.438874500000011, 33.7951799 ], [ -84.438955, 33.795298 ], [ -84.439402, 33.796052 ], [ -84.439968, 33.797005 ], [ -84.440064, 33.797108 ], [ -84.440109, 33.797156 ], [ -84.440236, 33.797255 ], [ -84.44066713276672, 33.797517566769493 ], [ -84.4406974, 33.797536 ], [ -84.441409481687884, 33.797969689496803 ], [ -84.4414824, 33.7980141 ], [ -84.442351, 33.798543 ], [ -84.442397553676713, 33.79858179473058 ], [ -84.442429, 33.798608 ], [ -84.442495, 33.798682 ], [ -84.4424971, 33.7986851 ], [ -84.442549, 33.798762 ], [ -84.442589, 33.798848 ], [ -84.442622, 33.798984 ], [ -84.44262, 33.799122 ], [ -84.442513, 33.799695 ], [ -84.4423633, 33.8008099 ], [ -84.442366, 33.8008642 ] ], [ [ -84.436527935230203, 33.788484048052752 ], [ -84.436526900000018, 33.7884855 ], [ -84.4363954, 33.78866270000001 ], [ -84.4363249, 33.788767 ], [ -84.436140300000019, 33.7890401 ], [ -84.436028, 33.789294 ], [ -84.435942, 33.789622 ], [ -84.435921, 33.789918 ], [ -84.435932, 33.790145 ], [ -84.435945, 33.79021 ], [ -84.4359751, 33.790364 ], [ -84.436044, 33.790583 ], [ -84.43614, 33.790793 ], [ -84.436262, 33.790993 ], [ -84.4365409, 33.7913845 ], [ -84.436556244652579, 33.791406028408687 ], [ -84.436795, 33.791741 ], [ -84.437181, 33.792333 ], [ -84.438197, 33.794164 ], [ -84.438418, 33.794526 ], [ -84.4388131, 33.7950899 ] ] ] } },
{ "type": "Feature", "properties": { "corridor_id": 43, "corridor_name": "Northside Drive Northwest - Broadland Road Northwest", "street_names": "Broadland Road Northwest; Northside Drive Northwest", "n_edges": 8, "length_m": 997.57485955245943, "length_km": 0.99757485955245939, "mean_score": 44.359317819266522, "total_score": 354.87454255413218, "pair_count_max": 52, "neighborhood_span": 36, "climb_saved_m": 262.19178669422064, "mean_abs_grade": 0.01330928476850813, "max_grade": 0.049951895606737309, "elev_min_m": 247.41612243652344, "elev_max_m": 253.95205688476562, "elev_range_m": 6.5359344482421875, "gain_per_km": 8.3427573827870773, "low_stress_share": 0.52452048681785024, "mode": "walk", "n_pieces": 1, "neighborhoods": "Chastain Park; Kingswood; Mt. Paran/Northside", "end_a_lon": -84.403652, "end_a_lat": 33.860686, "end_b_lon": -84.400938, "end_b_lat": 33.867607, "corridor_uid": "walk-43" }, "geometry": { "type": "LineString", "coordinates": [ [ -84.403651784857615, 33.860686020022847 ], [ -84.403671, 33.860746 ], [ -84.404435, 33.862583 ], [ -84.4046998, 33.8632167 ], [ -84.404754, 33.863346 ], [ -84.4048399, 33.8635242 ], [ -84.404969288681102, 33.86386187046061 ], [ -84.4049693, 33.8638619 ], [ -84.405256, 33.864548 ], [ -84.405329, 33.864725 ], [ -84.404668, 33.864926 ], [ -84.404435, 33.865009 ], [ -84.404122, 33.865152 ], [ -84.403847, 33.865315 ], [ -84.403657, 33.865454 ], [ -84.4030987428511, 33.865896158585883 ], [ -84.403067, 33.8659213 ], [ -84.402818930927765, 33.866117759196385 ], [ -84.4027911, 33.8661398 ], [ -84.402342567136415, 33.866495035736108 ], [ -84.402321400000019, 33.8665118 ], [ -84.400937927135701, 33.867607490530574 ] ] } },
{ "type": "Feature", "properties": { "corridor_id": 44, "corridor_name": "Powers Ferry Road Northwest - Broadland Road Northwest - Hillside Drive Northwest", "street_names": "Broadland Road Northwest; Hillside Drive Northwest; Powers Ferry Road Northwest", "n_edges": 5, "length_m": 975.84318186363703, "length_km": 0.97584318186363705, "mean_score": 66.146173500126707, "total_score": 330.73086750063356, "pair_count_max": 70, "neighborhood_span": 36, "climb_saved_m": 322.9615338346045, "mean_abs_grade": 0.02193409369934321, "max_grade": 0.05241677293058334, "elev_min_m": 246.44281005859375, "elev_max_m": 265.63775634765625, "elev_range_m": 19.1949462890625, "gain_per_km": 16.755795138268109, "low_stress_share": 0.18715295663112938, "mode": "walk", "n_pieces": 1, "neighborhoods": "Chastain Park", "end_a_lon": -84.395965, "end_a_lat": 33.872809, "end_b_lon": -84.393058, "end_b_lat": 33.868067, "corridor_uid": "walk-44" }, "geometry": { "type": "MultiLineString", "coordinates": [ [ [ -84.393845, 33.869962 ], [ -84.394368, 33.871208 ], [ -84.394491, 33.871459 ], [ -84.394612, 33.871632 ], [ -84.394979, 33.871982 ], [ -84.395964, 33.8728085 ], [ -84.395964534835855, 33.872808967642698 ] ], [ [ -84.393845, 33.869962 ], [ -84.393947, 33.869929 ], [ -84.394026, 33.869921 ], [ -84.3959, 33.86992 ], [ -84.3959, 33.869436 ], [ -84.3959, 33.868274 ] ], [ [ -84.39305775085343, 33.868067161984875 ], [ -84.3930589, 33.8680698 ], [ -84.393163, 33.868324 ], [ -84.393845, 33.869962 ] ] ] } },
{ "type": "Feature", "properties": { "corridor_id": 45, "corridor_name": "unnamed corridor", "street_names": "", "n_edges": 6, "length_m": 603.64967739766803, "length_km": 0.60364967739766806, "mean_score": 49.703755176964449, "total_score": 298.2225310617867, "pair_count_max": 80, "neighborhood_span": 26, "climb_saved_m": 224.70640328383115, "mean_abs_grade": 0.023451708289069811, "max_grade": 0.031205958399259059, "elev_min_m": 266.6451416015625, "elev_max_m": 274.75079345703125, "elev_range_m": 8.10565185546875, "gain_per_km": 13.427741551046942, "low_stress_share": 1.0, "mode": "walk", "n_pieces": 1, "neighborhoods": "Grove Park; Historic Westin Heights/Bankhead", "end_a_lon": -84.433411, "end_a_lat": 33.771285, "end_b_lon": -84.426995, "end_b_lat": 33.771805, "corridor_uid": "walk-45" }, "geometry": { "type": "LineString", "coordinates": [ [ -84.433410878376392, 33.771285437205719 ], [ -84.4334026, 33.7712871 ], [ -84.432659557330723, 33.771433155725312 ], [ -84.43264, 33.771437 ], [ -84.4315546, 33.7716733 ], [ -84.4313492, 33.7717063 ], [ -84.4312629, 33.7717163 ], [ -84.431257649660694, 33.771717364099942 ], [ -84.431218, 33.7717254 ], [ -84.4311406, 33.7717198 ], [ -84.4311036, 33.7717172 ], [ -84.430900900000012, 33.7717408 ], [ -84.4306619, 33.7717704 ], [ -84.430617339993574, 33.771778824050806 ], [ -84.4305651, 33.7717887 ], [ -84.4305127, 33.7717936 ], [ -84.4304812, 33.7718184 ], [ -84.4300496, 33.7718512 ], [ -84.4299949, 33.7718533 ], [ -84.4298965, 33.771857 ], [ -84.4297838, 33.7718613 ], [ -84.4294714, 33.771834 ], [ -84.429210440428292, 33.771827599823652 ], [ -84.4291289, 33.7718256 ], [ -84.428318814313968, 33.771772975098628 ], [ -84.4282176, 33.7717664 ], [ -84.4278282, 33.7717407 ], [ -84.4274709, 33.771735 ], [ -84.4272051, 33.7717637 ], [ -84.426994731065491, 33.771804668140696 ] ] } },
{ "type": "Feature", "properties": { "corridor_id": 46, "corridor_name": "Ted Turner Drive Southwest - West Peachtree Street Northwest - Ted Turner Drive Northwest", "street_names": "Ted Turner Drive Northwest; Ted Turner Drive Southwest; West Peachtree Street Northwest", "n_edges": 9, "length_m": 508.13937797517951, "length_km": 0.5081393779751795, "mean_score": 32.180489348176422, "total_score": 289.6244041335878, "pair_count_max": 103, "neighborhood_span": 22, "climb_saved_m": 197.29928983549448, "mean_abs_grade": 0.020817669430968223, "max_grade": 0.041495909386483586, "elev_min_m": 301.00653076171875, "elev_max_m": 308.18661499023438, "elev_range_m": 7.180084228515625, "gain_per_km": 17.473908327248033, "low_stress_share": 0.0, "mode": "walk", "n_pieces": 1, "neighborhoods": "Downtown", "end_a_lon": -84.388911, "end_a_lat": 33.765338, "end_b_lon": -84.387446, "end_b_lat": 33.769683, "corridor_uid": "walk-46" }, "geometry": { "type": "LineString", "coordinates": [ [ -84.38891077012849, 33.765337895243135 ], [ -84.388871300000019, 33.765453899999983 ], [ -84.3888131, 33.765581 ], [ -84.3887327, 33.7657406 ], [ -84.3886359, 33.7659292 ], [ -84.3882845, 33.766595 ], [ -84.3879938, 33.7671632 ], [ -84.387925, 33.7673036 ], [ -84.387924810207551, 33.767303982010347 ], [ -84.3878937, 33.7673666 ], [ -84.3878647, 33.7674301 ], [ -84.38786469379076, 33.767430113517065 ], [ -84.3877494, 33.7676811 ], [ -84.3876872, 33.7678109 ], [ -84.3876189, 33.7679598 ], [ -84.3875507, 33.7681312 ], [ -84.387509, 33.768263 ], [ -84.387491, 33.7683677 ], [ -84.3874535, 33.7684531 ], [ -84.3874601, 33.7688505 ], [ -84.387460099939034, 33.768850506236539 ], [ -84.3874581, 33.76905510000001 ], [ -84.387458099854214, 33.769055115035165 ], [ -84.3874558, 33.769292299999989 ], [ -84.3874546, 33.7694178 ], [ -84.3874463, 33.7696825 ], [ -84.387446299807095, 33.769682506669 ] ] } },
{ "type": "Feature", "properties": { "corridor_id": 47, "corridor_name": "Warren Street Northeast - Hosea L Williams Drive Southeast", "street_names": "Hosea L Williams Drive Southeast; Warren Street Northeast", "n_edges": 6, "length_m": 468.07884319910835, "length_km": 0.46807884319910836, "mean_score": 42.580154167974889, "total_score": 255.48092500784935, "pair_count_max": 127, "neighborhood_span": 36, "climb_saved_m": 160.0172211962427, "mean_abs_grade": 0.015806746481462661, "max_grade": 0.04789721426743896, "elev_min_m": 301.53121948242188, "elev_max_m": 307.44442749023438, "elev_range_m": 5.9132080078125, "gain_per_km": 17.22381472399719, "low_stress_share": 0.74994296498071877, "mode": "walk", "n_pieces": 1, "neighborhoods": "Kirkwood", "end_a_lon": -84.325141, "end_a_lat": 33.752836, "end_b_lon": -84.325678, "end_b_lat": 33.756347, "corridor_uid": "walk-47" }, "geometry": { "type": "LineString", "coordinates": [ [ -84.32514070000002, 33.7528355 ], [ -84.326102, 33.75331340000001 ], [ -84.3261158, 33.7533166 ], [ -84.32611912246243, 33.753317364272505 ], [ -84.326241, 33.7533454 ], [ -84.3261231, 33.7534137 ], [ -84.326118890510386, 33.753418013857122 ], [ -84.326111, 33.7534261 ], [ -84.3256917, 33.7539481 ], [ -84.3256734, 33.7544241 ], [ -84.325661, 33.755342 ], [ -84.3256781, 33.7563469 ], [ -84.325678100001085, 33.756346900062127 ] ] } },
{ "type": "Feature", "properties": { "corridor_id": 48, "corridor_name": "La Dawn Lane Northwest - Whetstone Creek PATH Trail", "street_names": "La Dawn Lane Northwest; Whetstone Creek PATH Trail", "n_edges": 5, "length_m": 588.70311077583187, "length_km": 0.58870311077583193, "mean_score": 49.761297776790315, "total_score": 248.80648888395157, "pair_count_max": 65, "neighborhood_span": 36, "climb_saved_m": 201.06728230150657, "mean_abs_grade": 0.025170285343658231, "max_grade": 0.062645767812773812, "elev_min_m": 240.51930236816406, "elev_max_m": 255.37472534179688, "elev_range_m": 14.855422973632812, "gain_per_km": 0.063865224358083172, "low_stress_share": 1.0, "mode": "walk", "n_pieces": 1, "neighborhoods": "Bolton", "end_a_lon": -84.453458, "end_a_lat": 33.815668, "end_b_lon": -84.450582, "end_b_lat": 33.812644, "corridor_uid": "walk-48" }, "geometry": { "type": "MultiLineString", "coordinates": [ [ [ -84.450804421181203, 33.815632100256401 ], [ -84.4520353, 33.815647 ], [ -84.4521508, 33.8156487 ], [ -84.453458, 33.815668 ] ], [ [ -84.450581616064071, 33.812643933367312 ], [ -84.450568500000017, 33.8126804 ], [ -84.4505347, 33.8127747 ], [ -84.4504068, 33.8134235 ], [ -84.4503998, 33.8137458 ], [ -84.4504815, 33.8142636 ], [ -84.4506027, 33.8147353 ], [ -84.4506136, 33.8147778 ], [ -84.4506218, 33.8148146 ], [ -84.450622731966789, 33.814818773057262 ], [ -84.4507966, 33.8155973 ], [ -84.4508044, 33.8156321 ], [ -84.4508125, 33.8156654 ], [ -84.45081802121662, 33.815688150384695 ] ] ] } },
{ "type": "Feature", "properties": { "corridor_id": 49, "corridor_name": "North Avenue Northwest - State Street Northwest", "street_names": "North Avenue Northwest; State Street Northwest", "n_edges": 5, "length_m": 1026.1384048431278, "length_km": 1.0261384048431277, "mean_score": 48.231146253338977, "total_score": 241.15573126669489, "pair_count_max": 115, "neighborhood_span": 29, "climb_saved_m": 317.69917234468835, "mean_abs_grade": 0.008251244476827041, "max_grade": 0.041628026152209827, "elev_min_m": 294.8800048828125, "elev_max_m": 299.4317626953125, "elev_range_m": 4.5517578125, "gain_per_km": 1.1711994585412226, "low_stress_share": 0.10259166031610518, "mode": "walk", "n_pieces": 1, "neighborhoods": "Downtown; English Avenue; Marietta Street Artery", "end_a_lon": -84.40406, "end_a_lat": 33.770095, "end_b_lon": -84.399111, "end_b_lat": 33.77217, "corridor_uid": "walk-49" }, "geometry": { "type": "MultiLineString", "coordinates": [ [ [ -84.3989855, 33.7712277 ], [ -84.3991467, 33.7711994 ], [ -84.3993745, 33.7711147 ], [ -84.3997319, 33.770956099999985 ], [ -84.3998718, 33.7708945 ], [ -84.4006879, 33.7705177 ], [ -84.400805, 33.7704703 ], [ -84.4008685, 33.7704447 ], [ -84.400962300000018, 33.7704067 ], [ -84.401021, 33.770383 ], [ -84.4010851, 33.770358299999984 ], [ -84.401122, 33.770344 ], [ -84.4011806, 33.770326 ], [ -84.40121, 33.770317 ], [ -84.4012865, 33.7702933 ], [ -84.401384, 33.770263 ], [ -84.401572, 33.770219 ], [ -84.401665, 33.770197 ], [ -84.4019956, 33.7701488 ], [ -84.4023527, 33.770125 ], [ -84.403213, 33.7701034 ], [ -84.4038839, 33.7700956 ], [ -84.4039622, 33.7700955 ], [ -84.40406, 33.7700954 ] ], [ [ -84.403214, 33.7700193 ], [ -84.4026481, 33.7700251 ], [ -84.4022862, 33.7700276 ], [ -84.402078, 33.7700402 ], [ -84.40189740000001, 33.7700631 ], [ -84.4016782, 33.7700986 ], [ -84.4013776, 33.7701639 ], [ -84.4012799, 33.7701956 ], [ -84.4011644, 33.7702331 ], [ -84.401095, 33.7702556 ], [ -84.4010416, 33.7702776 ], [ -84.4009748, 33.7703029 ], [ -84.400916, 33.7703295 ], [ -84.4008311, 33.7703646 ], [ -84.4007688, 33.7703903 ], [ -84.4006472, 33.7704405 ], [ -84.3997944, 33.7708237 ], [ -84.3994666, 33.7709708 ], [ -84.3992074, 33.7710889 ], [ -84.3990929, 33.7711325 ], [ -84.3989855, 33.7712277 ] ], [ [ -84.3989855, 33.7712277 ], [ -84.39901025084508, 33.771330580018734 ], [ -84.3990104, 33.7713312 ], [ -84.3990183, 33.7713586 ], [ -84.3990346, 33.7714642 ], [ -84.399111431511955, 33.772169870960845 ] ] ] } },
{ "type": "Feature", "properties": { "corridor_id": 50, "corridor_name": "Venetian Drive Southwest", "street_names": "Venetian Drive Southwest", "n_edges": 5, "length_m": 393.07954760426514, "length_km": 0.39307954760426517, "mean_score": 47.375101018037768, "total_score": 236.87550509018885, "pair_count_max": 160, "neighborhood_span": 29, "climb_saved_m": 133.23653300256697, "mean_abs_grade": 0.0056522178821061036, "max_grade": 0.012331175936900578, "elev_min_m": 315.46905517578125, "elev_max_m": 317.69927978515625, "elev_range_m": 2.230224609375, "gain_per_km": 5.673723354389046, "low_stress_share": 0.0, "mode": "walk", "n_pieces": 1, "neighborhoods": "Venetian Hills", "end_a_lon": -84.434584, "end_a_lat": 33.714515, "end_b_lon": -84.438822, "end_b_lat": 33.714585, "corridor_uid": "walk-50" }, "geometry": { "type": "LineString", "coordinates": [ [ -84.434583607937313, 33.714515209595383 ], [ -84.4352444, 33.7145358 ], [ -84.435244508109065, 33.714535803376521 ], [ -84.435603, 33.714547 ], [ -84.436561, 33.714558 ], [ -84.437696, 33.714571 ], [ -84.438822, 33.714585 ] ] } },
{ "type": "Feature", "properties": { "corridor_id": 51, "corridor_name": "unnamed corridor", "street_names": "", "n_edges": 6, "length_m": 425.83304215652026, "length_km": 0.42583304215652029, "mean_score": 38.650477580634373, "total_score": 231.90286548380624, "pair_count_max": 78, "neighborhood_span": 26, "climb_saved_m": 166.64705608187268, "mean_abs_grade": 0.012529439021031971, "max_grade": 0.030645811008166927, "elev_min_m": 294.59503173828125, "elev_max_m": 299.89947509765625, "elev_range_m": 5.304443359375, "gain_per_km": 12.493033096072162, "low_stress_share": 1.0, "mode": "walk", "n_pieces": 1, "neighborhoods": "English Avenue", "end_a_lon": -84.404844, "end_a_lat": 33.770159, "end_b_lon": -84.408389, "end_b_lat": 33.772488, "corridor_uid": "walk-51" }, "geometry": { "type": "LineString", "coordinates": [ [ -84.404844089836558, 33.770158887540603 ], [ -84.4048346, 33.7701663 ], [ -84.4048316, 33.7702101 ], [ -84.404834, 33.7702375 ], [ -84.404855, 33.7702904 ], [ -84.4048864, 33.7703525 ], [ -84.4049264, 33.7704112 ], [ -84.4049872, 33.7704745 ], [ -84.405052, 33.7705303 ], [ -84.40594, 33.771047 ], [ -84.405953003374094, 33.771054651297732 ], [ -84.4063472, 33.77128660000001 ], [ -84.406358228089246, 33.771292751738429 ], [ -84.4068418, 33.7715625 ], [ -84.406848207875569, 33.771566379528508 ], [ -84.4072174, 33.7717899 ], [ -84.40722268118833, 33.771793039356432 ], [ -84.4073937, 33.7718947 ], [ -84.407398191434439, 33.771897381349604 ], [ -84.4078458, 33.7721646 ], [ -84.4083269, 33.7724522 ], [ -84.4083886, 33.7724883 ], [ -84.408388939190615, 33.772488497909841 ] ] } },
{ "type": "Feature", "properties": { "corridor_id": 52, "corridor_name": "Atlanta Beltline Southwest Trail", "street_names": "Atlanta Beltline Southwest Trail", "n_edges": 4, "length_m": 1099.7104306649123, "length_km": 1.0997104306649124, "mean_score": 55.643891457515721, "total_score": 222.57556583006289, "pair_count_max": 69, "neighborhood_span": 23, "climb_saved_m": 270.23614415409412, "mean_abs_grade": 0.0036045476987263173, "max_grade": 0.0046647030057126223, "elev_min_m": 302.93414306640625, "elev_max_m": 306.35617065429688, "elev_range_m": 3.422027587890625, "gain_per_km": 3.1117533238468802, "low_stress_share": 1.0, "mode": "walk", "n_pieces": 1, "neighborhoods": "West End; Westview", "end_a_lon": -84.430779, "end_a_lat": 33.74662, "end_b_lon": -84.432168, "end_b_lat": 33.738195, "corridor_uid": "walk-52" }, "geometry": { "type": "LineString", "coordinates": [ [ -84.4307791, 33.74662 ], [ -84.431424, 33.7460329 ], [ -84.432877, 33.7447307 ], [ -84.4330063, 33.7446138 ], [ -84.433019262025354, 33.744601693201069 ], [ -84.4331033, 33.7445232 ], [ -84.4332726, 33.7443645 ], [ -84.4334029, 33.7442181 ], [ -84.433483, 33.744112 ], [ -84.4335797, 33.7439793 ], [ -84.433631783384641, 33.743889453881152 ], [ -84.4336939, 33.743782300000014 ], [ -84.4337566, 33.7436534 ], [ -84.4338054, 33.7435173 ], [ -84.4338659, 33.7433228 ], [ -84.4339204, 33.743053399999987 ], [ -84.433962, 33.7427446 ], [ -84.4340003, 33.7424929 ], [ -84.4340057, 33.7424391 ], [ -84.4340196, 33.7423008 ], [ -84.4340232, 33.7422653 ], [ -84.4340341, 33.7420709 ], [ -84.434043800000012, 33.7417229 ], [ -84.4340569, 33.7410047 ], [ -84.4340609, 33.7408166 ], [ -84.4340514, 33.7406389 ], [ -84.434009, 33.7404004 ], [ -84.4339652, 33.7402224 ], [ -84.4339222, 33.7400897 ], [ -84.4338662, 33.7399555 ], [ -84.433795, 33.7398174 ], [ -84.433760283797412, 33.739754540079758 ], [ -84.43373320000002, 33.7397055 ], [ -84.4336214, 33.739538699999983 ], [ -84.4334879, 33.739376099999987 ], [ -84.4332466, 33.7391125 ], [ -84.4329939, 33.7389031 ], [ -84.4329223, 33.7388389 ], [ -84.4327016, 33.738632200000012 ], [ -84.4323637, 33.7383857 ], [ -84.4321722, 33.7382001 ], [ -84.432168180073006, 33.738195277074389 ] ] } },
{ "type": "Feature", "properties": { "corridor_id": 53, "corridor_name": "Chappell Road Southwest - Mozley Place Southwest", "street_names": "Chappell Road Southwest; Mozley Place Southwest", "n_edges": 4, "length_m": 547.73586170007081, "length_km": 0.54773586170007083, "mean_score": 48.535382256097606, "total_score": 194.14152902439042, "pair_count_max": 63, "neighborhood_span": 34, "climb_saved_m": 151.2044960910662, "mean_abs_grade": 0.017916885551564104, "max_grade": 0.0465807219543284, "elev_min_m": 300.38565063476562, "elev_max_m": 310.36544799804688, "elev_range_m": 9.97979736328125, "gain_per_km": 19.997427357543664, "low_stress_share": 1.0, "mode": "walk", "n_pieces": 1, "neighborhoods": "Mozley Park", "end_a_lon": -84.433327, "end_a_lat": 33.753708, "end_b_lon": -84.436165, "end_b_lat": 33.751183, "corridor_uid": "walk-53" }, "geometry": { "type": "LineString", "coordinates": [ [ -84.433326999998613, 33.753708399887699 ], [ -84.433309, 33.752264 ], [ -84.433333, 33.751138 ], [ -84.434637, 33.751159 ], [ -84.436165, 33.751183 ] ] } },
{ "type": "Feature", "properties": { "corridor_id": 54, "corridor_name": "Mangum Street Southwest - Baker Street Northwest", "street_names": "Baker Street Northwest; Mangum Street Southwest", "n_edges": 4, "length_m": 1001.6914138331142, "length_km": 1.0016914138331141, "mean_score": 47.572394107194746, "total_score": 190.28957642877899, "pair_count_max": 54, "neighborhood_span": 13, "climb_saved_m": 223.08475914800792, "mean_abs_grade": 0.013547581296941249, "max_grade": 0.043294975504158596, "elev_min_m": 308.36761474609375, "elev_max_m": 318.45053100585938, "elev_range_m": 10.082916259765625, "gain_per_km": 10.603982002763807, "low_stress_share": 0.0, "mode": "walk", "n_pieces": 1, "neighborhoods": "Castleberry Hill; Downtown", "end_a_lon": -84.399515, "end_a_lat": 33.753951, "end_b_lon": -84.395709, "end_b_lat": 33.759585, "corridor_uid": "walk-54" }, "geometry": { "type": "MultiLineString", "coordinates": [ [ [ -84.3954949, 33.7580369 ], [ -84.3963376, 33.758042 ], [ -84.3973175, 33.7580559 ], [ -84.398893094354349, 33.758075434501158 ], [ -84.3989871, 33.75807660000001 ], [ -84.3991411, 33.7580772 ], [ -84.3991802, 33.7580665 ], [ -84.3992156, 33.7580437 ], [ -84.3992394, 33.7580148 ], [ -84.3992553, 33.7579651 ], [ -84.399271700000014, 33.7567318 ], [ -84.39924, 33.7565336 ], [ -84.3991878, 33.7563803 ], [ -84.3991357, 33.756259499999985 ], [ -84.3990873, 33.7561479 ], [ -84.398969900000012, 33.7559951 ], [ -84.398950761567718, 33.755970852401994 ], [ -84.3989242, 33.7559372 ], [ -84.3988999, 33.755863 ], [ -84.3989042, 33.7558303 ], [ -84.3989112, 33.7557774 ], [ -84.3992503, 33.7546925 ], [ -84.399295, 33.754540399999989 ], [ -84.399345, 33.754424 ], [ -84.3994739, 33.7540471 ], [ -84.399514718789817, 33.753950763911178 ] ], [ [ -84.395709348279368, 33.759585401698374 ], [ -84.3957275, 33.7595777 ], [ -84.3957226, 33.7594545 ], [ -84.3956475, 33.7592099 ], [ -84.3955661, 33.7589451 ], [ -84.3954549, 33.7586934 ], [ -84.3952976, 33.758439 ], [ -84.3954886, 33.7583186 ], [ -84.395494276320392, 33.75806478738803 ] ] ] } },
{ "type": "Feature", "properties": { "corridor_id": 55, "corridor_name": "Ellis Street Northeast - John Lewis Freedom Parkway Northeast", "street_names": "Ellis Street Northeast; John Lewis Freedom Parkway Northeast", "n_edges": 4, "length_m": 646.83674209692253, "length_km": 0.64683674209692255, "mean_score": 45.104074656092223, "total_score": 180.41629862436889, "pair_count_max": 87, "neighborhood_span": 18, "climb_saved_m": 148.22661995478373, "mean_abs_grade": 0.013198621629697043, "max_grade": 0.060762861604502123, "elev_min_m": 299.84902954101562, "elev_max_m": 305.05621337890625, "elev_range_m": 5.207183837890625, "gain_per_km": 7.9766285373481614, "low_stress_share": 0.0, "mode": "walk", "n_pieces": 1, "neighborhoods": "Downtown; Sweet Auburn", "end_a_lon": -84.381398, "end_a_lat": 33.758371, "end_b_lon": -84.374843, "end_b_lat": 33.760116, "corridor_uid": "walk-55" }, "geometry": { "type": "LineString", "coordinates": [ [ -84.3813977, 33.7583715 ], [ -84.3808922, 33.7584146 ], [ -84.3806913, 33.7584489 ], [ -84.3805094, 33.7584878 ], [ -84.3803179, 33.7585455 ], [ -84.3802405, 33.7585722 ], [ -84.3799574, 33.7586699 ], [ -84.3797197, 33.7587743 ], [ -84.3794596, 33.7588613 ], [ -84.3785616, 33.7592677 ], [ -84.378350700000013, 33.7593685 ], [ -84.378107, 33.7594865 ], [ -84.3778652, 33.7595904 ], [ -84.3776151, 33.7596941 ], [ -84.3774223, 33.7597644 ], [ -84.3771819, 33.7598444 ], [ -84.3769798, 33.7598792 ], [ -84.3767617, 33.7599341 ], [ -84.3766373, 33.7599626 ], [ -84.3765024, 33.7599889 ], [ -84.3763571, 33.760013 ], [ -84.3761922, 33.760034299999987 ], [ -84.3760484, 33.7600468 ], [ -84.375673, 33.7600759 ], [ -84.375351, 33.7600823 ], [ -84.3748429, 33.7601157 ] ] } },
{ "type": "Feature", "properties": { "corridor_id": 56, "corridor_name": "Van Vleck Avenue Southeast - Blake Avenue Southeast", "street_names": "Blake Avenue Southeast; Van Vleck Avenue Southeast", "n_edges": 3, "length_m": 401.03655506141001, "length_km": 0.40103655506141, "mean_score": 60.091044414909412, "total_score": 180.27313324472823, "pair_count_max": 69, "neighborhood_span": 36, "climb_saved_m": 141.91297873798595, "mean_abs_grade": 0.026087640534250139, "max_grade": 0.054535819462264552, "elev_min_m": 308.84576416015625, "elev_max_m": 315.900634765625, "elev_range_m": 7.05487060546875, "gain_per_km": 23.735489216606211, "low_stress_share": 1.0, "mode": "walk", "n_pieces": 1, "neighborhoods": "East Atlanta", "end_a_lon": -84.341688, "end_a_lat": 33.736163, "end_b_lon": -84.338691, "end_b_lat": 33.735216, "corridor_uid": "walk-56" }, "geometry": { "type": "LineString", "coordinates": [ [ -84.341688292567326, 33.736163317113039 ], [ -84.340893, 33.73629 ], [ -84.339932, 33.736355 ], [ -84.338728, 33.736342 ], [ -84.338691, 33.735216 ] ] } },
{ "type": "Feature", "properties": { "corridor_id": 57, "corridor_name": "Atlanta Beltline Eastside Trail", "street_names": "Atlanta Beltline Eastside Trail", "n_edges": 4, "length_m": 885.06326687974433, "length_km": 0.88506326687974435, "mean_score": 40.174408223126761, "total_score": 163.81281687131371, "pair_count_max": 66, "neighborhood_span": 19, "climb_saved_m": 163.65475628798882, "mean_abs_grade": 0.0080093776488931942, "max_grade": 0.015493323763442191, "elev_min_m": 271.83273315429688, "elev_max_m": 279.61944580078125, "elev_range_m": 7.786712646484375, "gain_per_km": 7.8889024046725975, "low_stress_share": 1.0, "mode": "walk", "n_pieces": 2, "neighborhoods": "Midtown; Virginia Highland", "end_a_lon": -84.368366, "end_a_lat": 33.781804, "end_b_lon": -84.364648, "end_b_lat": 33.773561, "corridor_uid": "walk-57" }, "geometry": { "type": "MultiLineString", "coordinates": [ [ [ -84.368365506677321, 33.78180409446184 ], [ -84.3683611, 33.78179810000001 ], [ -84.3681191, 33.781468899999986 ], [ -84.3677797, 33.7810277 ], [ -84.3677292, 33.7809725 ], [ -84.367495283843112, 33.780758710649614 ], [ -84.367477, 33.780742 ], [ -84.3674505, 33.7807151 ], [ -84.3674238, 33.780688 ], [ -84.367129223880227, 33.780320671218945 ], [ -84.3670768, 33.7802553 ], [ -84.3669029, 33.780026199999988 ], [ -84.366479, 33.779408 ], [ -84.3662622, 33.7790828 ], [ -84.3660823, 33.7787601 ], [ -84.3658803, 33.7783341 ], [ -84.365704, 33.777811 ], [ -84.365674406314255, 33.777716842522786 ] ], [ [ -84.36537902467137, 33.776778523083834 ], [ -84.3653742, 33.7767632 ], [ -84.3653515, 33.7766837 ], [ -84.3648634, 33.7746998 ], [ -84.3646959, 33.773752199999983 ], [ -84.364647845319126, 33.773561180502021 ] ] ] } },
{ "type": "Feature", "properties": { "corridor_id": 58, "corridor_name": "Howell Mill Road Northwest", "street_names": "Howell Mill Road Northwest", "n_edges": 3, "length_m": 598.8371105386218, "length_km": 0.59883711053862176, "mean_score": 52.432249910224463, "total_score": 157.29674973067338, "pair_count_max": 73, "neighborhood_span": 27, "climb_saved_m": 138.14354410279964, "mean_abs_grade": 0.017036447531244562, "max_grade": 0.04195163484586268, "elev_min_m": 246.52670288085938, "elev_max_m": 256.728759765625, "elev_range_m": 10.202056884765625, "gain_per_km": 0.0, "low_stress_share": 0.39647017286894892, "mode": "walk", "n_pieces": 1, "neighborhoods": "Brandon; Memorial Park; Wildwood (NPU-C)", "end_a_lon": -84.416529, "end_a_lat": 33.825036, "end_b_lon": -84.416665, "end_b_lat": 33.819911, "corridor_uid": "walk-58" }, "geometry": { "type": "MultiLineString", "coordinates": [ [ [ -84.415850529656311, 33.821863197300644 ], [ -84.4158472, 33.8218776 ], [ -84.415827, 33.821965 ], [ -84.415803, 33.822214 ], [ -84.415812, 33.822658 ], [ -84.415878, 33.823154 ], [ -84.415921, 33.82336 ], [ -84.415977, 33.823564 ], [ -84.41605, 33.82378 ], [ -84.4162424, 33.8243071 ], [ -84.4163779, 33.824635 ], [ -84.4165126, 33.8249812 ], [ -84.41652937577868, 33.825035521569035 ] ], [ [ -84.416665202504916, 33.819910627314677 ], [ -84.4166651, 33.8199108 ], [ -84.416645, 33.8199435 ], [ -84.4164706, 33.8202295 ], [ -84.4162928, 33.8205114 ], [ -84.4161574, 33.8207673 ], [ -84.416101400000016, 33.8208856 ], [ -84.4159713, 33.8212708 ], [ -84.4157947, 33.8218582 ], [ -84.4157991, 33.8218659 ], [ -84.4158092, 33.8218705 ], [ -84.4158472, 33.8218776 ] ] ] } },
{ "type": "Feature", "properties": { "corridor_id": 59, "corridor_name": "unnamed corridor", "street_names": "", "n_edges": 2, "length_m": 462.14986649995978, "length_km": 0.46214986649995976, "mean_score": 74.919109739508755, "total_score": 149.83821947901751, "pair_count_max": 137, "neighborhood_span": 34, "climb_saved_m": 267.39263448042396, "mean_abs_grade": 0.013567003861116207, "max_grade": 0.020781905853787478, "elev_min_m": 299.06985473632812, "elev_max_m": 305.33984375, "elev_range_m": 6.269989013671875, "gain_per_km": 13.567003840457501, "low_stress_share": 1.0, "mode": "walk", "n_pieces": 1, "neighborhoods": "English Avenue; Marietta Street Artery", "end_a_lon": -84.410497, "end_a_lat": 33.773159, "end_b_lon": -84.407208, "end_b_lat": 33.775861, "corridor_uid": "walk-59" }, "geometry": { "type": "LineString", "coordinates": [ [ -84.410496739796415, 33.77315927683204 ], [ -84.4104815, 33.7731595 ], [ -84.4104189, 33.7731695 ], [ -84.4103698, 33.7731774 ], [ -84.4094802, 33.7732406 ], [ -84.409453874714927, 33.773242347736762 ], [ -84.4093838, 33.773247 ], [ -84.4092908, 33.773279 ], [ -84.4092768, 33.7732915 ], [ -84.4092009, 33.773359 ], [ -84.4091031, 33.7734697 ], [ -84.4090229, 33.7736083 ], [ -84.4089267, 33.7738909 ], [ -84.4088305, 33.7741202 ], [ -84.408715, 33.7742695 ], [ -84.4085113, 33.774460099999985 ], [ -84.4081499, 33.7748145 ], [ -84.4073054, 33.7757319 ], [ -84.4072332, 33.7758145 ], [ -84.407208233469646, 33.775861166411879 ] ] } },
{ "type": "Feature", "properties": { "corridor_id": 60, "corridor_name": "Claire Drive Southeast", "street_names": "Claire Drive Southeast", "n_edges": 3, "length_m": 413.48831050320746, "length_km": 0.41348831050320745, "mean_score": 49.370934431093836, "total_score": 148.1128032932815, "pair_count_max": 49, "neighborhood_span": 26, "climb_saved_m": 129.89550276591666, "mean_abs_grade": 0.016467336963972377, "max_grade": 0.05807349056751223, "elev_min_m": 293.62057495117188, "elev_max_m": 300.42962646484375, "elev_range_m": 6.809051513671875, "gain_per_km": 21.233454328044164, "low_stress_share": 1.0, "mode": "walk", "n_pieces": 1, "neighborhoods": "Lakewood Heights", "end_a_lon": -84.384889, "end_a_lat": 33.705091, "end_b_lon": -84.38043, "end_b_lat": 33.705055, "corridor_uid": "walk-60" }, "geometry": { "type": "LineString", "coordinates": [ [ -84.384889, 33.705091 ], [ -84.383408, 33.70508 ], [ -84.382062, 33.70507 ], [ -84.3804303, 33.7050549 ], [ -84.380430299838622, 33.705054899998579 ] ] } },
{ "type": "Feature", "properties": { "corridor_id": 61, "corridor_name": "Cumberland Road Northeast", "street_names": "Cumberland Road Northeast", "n_edges": 3, "length_m": 631.12608155252678, "length_km": 0.63112608155252681, "mean_score": 46.991544933641848, "total_score": 140.97463480092554, "pair_count_max": 48, "neighborhood_span": 25, "climb_saved_m": 129.87650564514951, "mean_abs_grade": 0.020642008539878947, "max_grade": 0.061033733392601375, "elev_min_m": 264.68692016601562, "elev_max_m": 279.36135864257812, "elev_range_m": 14.6744384765625, "gain_per_km": 23.251199570875585, "low_stress_share": 1.0, "mode": "walk", "n_pieces": 1, "neighborhoods": "Morningside/Lenox Park", "end_a_lon": -84.366089, "end_a_lat": 33.796196, "end_b_lon": -84.359276, "end_b_lat": 33.79617, "corridor_uid": "walk-61" }, "geometry": { "type": "LineString", "coordinates": [ [ -84.366089300051058, 33.796195800000127 ], [ -84.366089300000013, 33.7961958 ], [ -84.363528, 33.796188 ], [ -84.362217, 33.796183 ], [ -84.361471, 33.7961805 ], [ -84.3608326, 33.7961784 ], [ -84.3592764, 33.7961696 ] ] } },
{ "type": "Feature", "properties": { "corridor_id": 62, "corridor_name": "North Morningside Drive Northeast", "street_names": "North Morningside Drive Northeast", "n_edges": 3, "length_m": 556.96399990332634, "length_km": 0.55696399990332635, "mean_score": 42.480050680428171, "total_score": 127.44015204128452, "pair_count_max": 66, "neighborhood_span": 24, "climb_saved_m": 98.193041615651566, "mean_abs_grade": 0.020109041182502254, "max_grade": 0.051427194245493475, "elev_min_m": 280.0478515625, "elev_max_m": 293.60134887695312, "elev_range_m": 13.553497314453125, "gain_per_km": 4.2255605529807587, "low_stress_share": 1.0, "mode": "walk", "n_pieces": 1, "neighborhoods": "Morningside/Lenox Park", "end_a_lon": -84.355471, "end_a_lat": 33.791109, "end_b_lon": -84.358725, "end_b_lat": 33.795261, "corridor_uid": "walk-62" }, "geometry": { "type": "LineString", "coordinates": [ [ -84.355471176829894, 33.791109392656139 ], [ -84.355471900000012, 33.7911102 ], [ -84.355564, 33.791213 ], [ -84.3558147, 33.7915144 ], [ -84.35656898935909, 33.792412850826423 ], [ -84.3565739, 33.7924187 ], [ -84.3566726, 33.7925363 ], [ -84.356806816009268, 33.79270720815569 ], [ -84.3568116, 33.7927133 ], [ -84.356963, 33.792906 ], [ -84.35712, 33.793085 ], [ -84.357317, 33.793283 ], [ -84.358108, 33.794013 ], [ -84.358291, 33.794213 ], [ -84.358446, 33.794437 ], [ -84.358562, 33.794669 ], [ -84.35863, 33.79487 ], [ -84.358725, 33.795261 ] ] } },
{ "type": "Feature", "properties": { "corridor_id": 63, "corridor_name": "unnamed corridor", "street_names": "", "n_edges": 2, "length_m": 705.59202151555576, "length_km": 0.70559202151555578, "mean_score": 61.276343282772942, "total_score": 122.55268656554588, "pair_count_max": 48, "neighborhood_span": 24, "climb_saved_m": 122.93614815835508, "mean_abs_grade": 0.0072234835370471508, "max_grade": 0.034487832692626043, "elev_min_m": 266.56912231445312, "elev_max_m": 271.66595458984375, "elev_range_m": 5.096832275390625, "gain_per_km": 0.0, "low_stress_share": 0.0, "mode": "walk", "n_pieces": 1, "neighborhoods": "Hills Park", "end_a_lon": -84.443831, "end_a_lat": 33.800685, "end_b_lon": -84.450759, "end_b_lat": 33.802689, "corridor_uid": "walk-63" }, "geometry": { "type": "LineString", "coordinates": [ [ -84.4438308, 33.800685 ], [ -84.4445911, 33.8007801 ], [ -84.4453541, 33.8008896 ], [ -84.445554, 33.8009085 ], [ -84.4458083, 33.8009311 ], [ -84.4471073, 33.8009802 ], [ -84.4476796, 33.8010406 ], [ -84.4478294, 33.8010673 ], [ -84.4478539, 33.8010717 ], [ -84.448102, 33.801116 ], [ -84.448529, 33.801233 ], [ -84.4488651, 33.8013576 ], [ -84.449233, 33.8015274 ], [ -84.449569100000019, 33.8017275 ], [ -84.4499734, 33.8020068 ], [ -84.450423, 33.8023842 ], [ -84.450758946759095, 33.802688733996675 ] ] } },
{ "type": "Feature", "properties": { "corridor_id": 64, "corridor_name": "South Evelyn Place Northwest", "street_names": "South Evelyn Place Northwest", "n_edges": 3, "length_m": 466.08654228748838, "length_km": 0.46608654228748836, "mean_score": 39.502011460534256, "total_score": 118.50603438160276, "pair_count_max": 67, "neighborhood_span": 36, "climb_saved_m": 100.86967524777984, "mean_abs_grade": 0.032057871135265557, "max_grade": 0.065755335813589194, "elev_min_m": 263.09353637695312, "elev_max_m": 278.0352783203125, "elev_range_m": 14.941741943359375, "gain_per_km": 0.0, "low_stress_share": 1.0, "mode": "walk", "n_pieces": 1, "neighborhoods": "Grove Park", "end_a_lon": -84.445825, "end_a_lat": 33.77419, "end_b_lon": -84.442408, "end_b_lat": 33.77291, "corridor_uid": "walk-64" }, "geometry": { "type": "MultiLineString", "coordinates": [ [ [ -84.445824851297814, 33.77418964776637 ], [ -84.4458054, 33.7741859 ], [ -84.44518759820609, 33.774087783043271 ], [ -84.44516, 33.7740834 ], [ -84.4446907, 33.7740084 ], [ -84.4442952, 33.7739292 ], [ -84.4439319, 33.7737728 ], [ -84.4425683, 33.7730525 ], [ -84.4425321, 33.772988 ], [ -84.4424307, 33.7729226 ], [ -84.442407836451451, 33.772909887204563 ] ], [ [ -84.445798, 33.773179 ], [ -84.445805399999799, 33.774185899971542 ] ] ] } },
{ "type": "Feature", "properties": { "corridor_id": 65, "corridor_name": "Pryor Road", "street_names": "Pryor Road", "n_edges": 2, "length_m": 481.38037588854974, "length_km": 0.48138037588854976, "mean_score": 52.143857565088283, "total_score": 104.28771513017657, "pair_count_max": 70, "neighborhood_span": 21, "climb_saved_m": 168.38279505534106, "mean_abs_grade": 0.024691084064047953, "max_grade": 0.04692477978853507, "elev_min_m": 298.32119750976562, "elev_max_m": 310.20700073242188, "elev_range_m": 11.88580322265625, "gain_per_km": 24.691083845528588, "low_stress_share": 0.0, "mode": "walk", "n_pieces": 1, "neighborhoods": "Mechanicsville; Peoplestown", "end_a_lon": -84.393431, "end_a_lat": 33.731775, "end_b_lon": -84.392765, "end_b_lat": 33.727616, "corridor_uid": "walk-65" }, "geometry": { "type": "LineString", "coordinates": [ [ -84.393431, 33.731775 ], [ -84.3931379, 33.7310607 ], [ -84.3929265, 33.730542 ], [ -84.3927794, 33.7301994 ], [ -84.3925316, 33.7295838 ], [ -84.3924607, 33.7293053 ], [ -84.3924235, 33.72910980000001 ], [ -84.3924065, 33.7289113 ], [ -84.3924262, 33.7286068 ], [ -84.3924504, 33.7284496 ], [ -84.3924887, 33.7282815 ], [ -84.3925357, 33.728132 ], [ -84.39259, 33.7279893 ], [ -84.392717, 33.7277167 ], [ -84.3927654, 33.727615500000013 ] ] } },
{ "type": "Feature", "properties": { "corridor_id": 66, "corridor_name": "Langston Avenue Southwest", "street_names": "Langston Avenue Southwest", "n_edges": 2, "length_m": 425.79064239775755, "length_km": 0.42579064239775755, "mean_score": 50.547461941322425, "total_score": 101.09492388264485, "pair_count_max": 62, "neighborhood_span": 34, "climb_saved_m": 74.425973602416278, "mean_abs_grade": 0.0058111532575711635, "max_grade": 0.015370994548080956, "elev_min_m": 319.47567749023438, "elev_max_m": 321.15655517578125, "elev_range_m": 1.680877685546875, "gain_per_km": 3.0177086610904982, "low_stress_share": 1.0, "mode": "walk", "n_pieces": 1, "neighborhoods": "Sylvan Hills", "end_a_lon": -84.424266, "end_a_lat": 33.713742, "end_b_lon": -84.422972, "end_b_lat": 33.7101, "corridor_uid": "walk-66" }, "geometry": { "type": "LineString", "coordinates": [ [ -84.424266, 33.713742 ], [ -84.423893, 33.713278 ], [ -84.423779, 33.713104 ], [ -84.423682, 33.712878 ], [ -84.4235896, 33.7125111 ], [ -84.4229719, 33.7101005 ], [ -84.422971899298474, 33.710100497267952 ] ] } },
{ "type": "Feature", "properties": { "corridor_id": 67, "corridor_name": "Highland View Northeast", "street_names": "Highland View Northeast", "n_edges": 2, "length_m": 499.88351440954318, "length_km": 0.49988351440954321, "mean_score": 50.25379186997408, "total_score": 100.50758373994816, "pair_count_max": 45, "neighborhood_span": 26, "climb_saved_m": 92.062159686052681, "mean_abs_grade": 0.029301992190570853, "max_grade": 0.06881988338964444, "elev_min_m": 289.70697021484375, "elev_max_m": 305.78579711914062, "elev_range_m": 16.078826904296875, "gain_per_km": 32.165147360958692, "low_stress_share": 1.0, "mode": "walk", "n_pieces": 1, "neighborhoods": "Virginia Highland", "end_a_lon": -84.358621, "end_a_lat": 33.779172, "end_b_lon": -84.353226, "end_b_lat": 33.779193, "corridor_uid": "walk-67" }, "geometry": { "type": "LineString", "coordinates": [ [ -84.358621399930229, 33.779172300000262 ], [ -84.356859, 33.779179 ], [ -84.353226325323305, 33.779192998746346 ] ] } },
{ "type": "Feature", "properties": { "corridor_id": 68, "corridor_name": "Defoors Ferry Road Northwest", "street_names": "Defoors Ferry Road Northwest", "n_edges": 2, "length_m": 586.55697919083366, "length_km": 0.58655697919083361, "mean_score": 50.085987387009951, "total_score": 100.1719747740199, "pair_count_max": 35, "neighborhood_span": 21, "climb_saved_m": 107.79447251566822, "mean_abs_grade": 0.021391395317182961, "max_grade": 0.078499677449083038, "elev_min_m": 264.28500366210938, "elev_max_m": 276.93887329101562, "elev_range_m": 12.65386962890625, "gain_per_km": 6.7844417696838546, "low_stress_share": 0.0, "mode": "walk", "n_pieces": 1, "neighborhoods": "Underwood Hills", "end_a_lon": -84.427394, "end_a_lat": 33.814149, "end_b_lon": -84.431689, "end_b_lat": 33.816994, "corridor_uid": "walk-68" }, "geometry": { "type": "LineString", "coordinates": [ [ -84.4273937, 33.814149 ], [ -84.4274921, 33.8141423 ], [ -84.4278888, 33.8141063 ], [ -84.4280038, 33.814109299999984 ], [ -84.4281368, 33.8141263 ], [ -84.4282478, 33.8141503 ], [ -84.4284114, 33.814211 ], [ -84.428875, 33.8144115 ], [ -84.429061, 33.8144725 ], [ -84.429172, 33.8144945 ], [ -84.429282, 33.8145065 ], [ -84.429819, 33.8145215 ], [ -84.429963, 33.8145345 ], [ -84.4301958, 33.8145871 ], [ -84.4303859, 33.8146489 ], [ -84.4305559, 33.8147574 ], [ -84.4307019, 33.8148704 ], [ -84.4308249, 33.8150004 ], [ -84.4309229, 33.8151454 ], [ -84.4309789, 33.8152664 ], [ -84.4310179, 33.8154391 ], [ -84.4311903, 33.8163468 ], [ -84.4312303, 33.8164818 ], [ -84.4312823, 33.8165848 ], [ -84.4313603, 33.8166918 ], [ -84.4316891, 33.8169945 ] ] } },
{ "type": "Feature", "properties": { "corridor_id": 69, "corridor_name": "McKinley Road Northwest", "street_names": "McKinley Road Northwest", "n_edges": 2, "length_m": 550.92742262301772, "length_km": 0.55092742262301775, "mean_score": 49.014279731971612, "total_score": 98.028559463943225, "pair_count_max": 38, "neighborhood_span": 22, "climb_saved_m": 145.40590849113829, "mean_abs_grade": 0.007635329443347735, "max_grade": 0.051274050007495311, "elev_min_m": 272.75137329101562, "elev_max_m": 277.04296875, "elev_range_m": 4.291595458984375, "gain_per_km": 6.6394724267402969, "low_stress_share": 1.0, "mode": "walk", "n_pieces": 1, "neighborhoods": "Springlake", "end_a_lon": -84.412655, "end_a_lat": 33.811176, "end_b_lon": -84.408985, "end_b_lat": 33.814714, "corridor_uid": "walk-69" }, "geometry": { "type": "LineString", "coordinates": [ [ -84.412654819595872, 33.811175851090283 ], [ -84.4126553, 33.8111768 ], [ -84.412659, 33.811184 ], [ -84.412666, 33.811261 ], [ -84.41257, 33.811731 ], [ -84.41248, 33.812039 ], [ -84.412439, 33.812153 ], [ -84.412365, 33.812307 ], [ -84.412276, 33.812448 ], [ -84.412145, 33.812608 ], [ -84.411993, 33.812754 ], [ -84.41182, 33.812884 ], [ -84.411658, 33.81298 ], [ -84.411514, 33.813049 ], [ -84.411294, 33.813134 ], [ -84.410353, 33.813466 ], [ -84.410252, 33.813513 ], [ -84.410158, 33.81357 ], [ -84.410048, 33.813661 ], [ -84.40898457782238, 33.814714142263547 ] ] } },
{ "type": "Feature", "properties": { "corridor_id": 70, "corridor_name": "Bitsy Grant Connector Trail", "street_names": "Bitsy Grant Connector Trail", "n_edges": 2, "length_m": 614.5915489884635, "length_km": 0.61459154898846347, "mean_score": 48.517786894470277, "total_score": 97.035573788940553, "pair_count_max": 37, "neighborhood_span": 22, "climb_saved_m": 160.21923252766314, "mean_abs_grade": 0.039868267950547633, "max_grade": 0.048359971520463528, "elev_min_m": 239.56355285644531, "elev_max_m": 264.06625366210938, "elev_range_m": 24.502700805664062, "gain_per_km": 0.0, "low_stress_share": 1.0, "mode": "walk", "n_pieces": 1, "neighborhoods": "Peachtree Battle Alliance", "end_a_lon": -84.407574, "end_a_lat": 33.81506, "end_b_lon": -84.407509, "end_b_lat": 33.820591, "corridor_uid": "walk-70" }, "geometry": { "type": "LineString", "coordinates": [ [ -84.4075738, 33.8150599 ], [ -84.4075419, 33.816551 ], [ -84.4075329, 33.8179527 ], [ -84.4075255, 33.818493600000011 ], [ -84.4075104, 33.8185779 ], [ -84.4074829, 33.8186805 ], [ -84.4074685, 33.8187544 ], [ -84.4074608, 33.8188193 ], [ -84.4074661, 33.8188827 ], [ -84.4074865, 33.8190149 ], [ -84.4075028, 33.819103 ], [ -84.407519526631773, 33.819264292520728 ], [ -84.4075196, 33.819265 ], [ -84.4075284, 33.8193932 ], [ -84.4075212, 33.819881 ], [ -84.4075213, 33.8199301 ], [ -84.4075117, 33.8205255 ], [ -84.4075093, 33.8205908 ] ] } },
{ "type": "Feature", "properties": { "corridor_id": 71, "corridor_name": "Powers Ferry Road Northwest", "street_names": "Powers Ferry Road Northwest", "n_edges": 2, "length_m": 366.94666145692327, "length_km": 0.36694666145692328, "mean_score": 46.970061620583891, "total_score": 93.940123241167782, "pair_count_max": 50, "neighborhood_span": 33, "climb_saved_m": 73.083165278987963, "mean_abs_grade": 0.046577841854633845, "max_grade": 0.07229283394013386, "elev_min_m": 283.85479736328125, "elev_max_m": 300.94638061523438, "elev_range_m": 17.091583251953125, "gain_per_km": 0.0, "low_stress_share": 0.0, "mode": "walk", "n_pieces": 1, "neighborhoods": "Chastain Park; Tuxedo Park", "end_a_lon": -84.385432, "end_a_lat": 33.857921, "end_b_lon": -84.388053, "end_b_lat": 33.860363, "corridor_uid": "walk-71" }, "geometry": { "type": "LineString", "coordinates": [ [ -84.385431597829339, 33.857921026933418 ], [ -84.385436, 33.8579235 ], [ -84.386172, 33.858337 ], [ -84.386789, 33.859007 ], [ -84.388053009192049, 33.860362708294168 ] ] } },
{ "type": "Feature", "properties": { "corridor_id": 72, "corridor_name": "unnamed corridor", "street_names": "", "n_edges": 1, "length_m": 593.13983336270724, "length_km": 0.59313983336270726, "mean_score": 76.445055107468349, "total_score": 76.445055107468349, "pair_count_max": 68, "neighborhood_span": 36, "climb_saved_m": 185.03418941578374, "mean_abs_grade": 0.016857424308265805, "max_grade": 0.045313724529780566, "elev_min_m": 288.26132202148438, "elev_max_m": 300.02227783203125, "elev_range_m": 11.760955810546875, "gain_per_km": 2.9708778554014108, "low_stress_share": 1.0, "mode": "walk", "n_pieces": 1, "neighborhoods": "Candler Park", "end_a_lon": -84.348924, "end_a_lat": 33.77103, "end_b_lon": -84.342584, "end_b_lat": 33.77116, "corridor_uid": "walk-72" }, "geometry": { "type": "LineString", "coordinates": [ [ -84.348923584444478, 33.771029646457492 ], [ -84.3489233, 33.7710297 ], [ -84.3467848, 33.7710263 ], [ -84.3455081, 33.7710282 ], [ -84.3452749, 33.7710518 ], [ -84.3450142, 33.7710968 ], [ -84.3448685, 33.7711329 ], [ -84.3446335, 33.7711996 ], [ -84.3444409, 33.771245 ], [ -84.344293100000016, 33.7712697 ], [ -84.3441912, 33.771283599999983 ], [ -84.3440886, 33.7712908 ], [ -84.3439794, 33.7712947 ], [ -84.343835, 33.7712893 ], [ -84.3436876, 33.7712651 ], [ -84.3434314, 33.7711841 ], [ -84.3433462, 33.771173 ], [ -84.3432227, 33.771163 ], [ -84.3425839, 33.7711602 ] ] } },
{ "type": "Feature", "properties": { "corridor_id": 73, "corridor_name": "Whetstone Creek PATH Trail", "street_names": "Whetstone Creek PATH Trail", "n_edges": 1, "length_m": 476.06440140824697, "length_km": 0.47606440140824696, "mean_score": 62.636431361598248, "total_score": 62.636431361598248, "pair_count_max": 48, "neighborhood_span": 24, "climb_saved_m": 129.76031432724398, "mean_abs_grade": 0.0098612932907974123, "max_grade": 0.031828377841984286, "elev_min_m": 255.30433654785156, "elev_max_m": 260.3038330078125, "elev_range_m": 4.9994964599609375, "gain_per_km": 0.032083994951902117, "low_stress_share": 1.0, "mode": "walk", "n_pieces": 1, "neighborhoods": "Bolton; Hills Park", "end_a_lon": -84.452926, "end_a_lat": 33.808891, "end_b_lon": -84.450593, "end_b_lat": 33.812613, "corridor_uid": "walk-73" }, "geometry": { "type": "LineString", "coordinates": [ [ -84.452926, 33.8088912 ], [ -84.4529299, 33.8090186 ], [ -84.4529135, 33.8090591 ], [ -84.452857, 33.80934 ], [ -84.4528465, 33.8095274 ], [ -84.452777, 33.80979 ], [ -84.452719, 33.809917 ], [ -84.452572, 33.810158 ], [ -84.452375, 33.810457 ], [ -84.452084, 33.810813 ], [ -84.4518522, 33.8110625 ], [ -84.451509, 33.811454 ], [ -84.4507643, 33.8122547 ], [ -84.4506275, 33.8125161 ], [ -84.4505928, 33.8126127 ] ] } },
{ "type": "Feature", "properties": { "corridor_id": 74, "corridor_name": "Courtland Street Southeast", "street_names": "Courtland Street Southeast", "n_edges": 1, "length_m": 382.24225805102816, "length_km": 0.38224225805102818, "mean_score": 57.102816263761895, "total_score": 57.102816263761895, "pair_count_max": 51, "neighborhood_span": 17, "climb_saved_m": 68.668653460436474, "mean_abs_grade": 0.009809015566396179, "max_grade": 0.0098115156209656589, "elev_min_m": 314.60946655273438, "elev_max_m": 318.35888671875, "elev_range_m": 3.749420166015625, "gain_per_km": 9.8090153222019971, "low_stress_share": 0.0, "mode": "walk", "n_pieces": 1, "neighborhoods": "Downtown", "end_a_lon": -84.38594, "end_a_lat": 33.752873, "end_b_lon": -84.388401, "end_b_lat": 33.750123, "corridor_uid": "walk-74" }, "geometry": { "type": "LineString", "coordinates": [ [ -84.385939978084636, 33.752872916004939 ], [ -84.3859457, 33.7528675 ], [ -84.387118, 33.751758 ], [ -84.387386, 33.751488 ], [ -84.3875232, 33.7513218 ], [ -84.3880506, 33.7505882 ], [ -84.388172, 33.750411 ], [ -84.3883195, 33.7502328 ], [ -84.388400860641894, 33.750123336527679 ] ] } },
{ "type": "Feature", "properties": { "corridor_id": 75, "corridor_name": "unnamed corridor", "street_names": "", "n_edges": 1, "length_m": 462.24241935546866, "length_km": 0.46224241935546867, "mean_score": 53.134653771672703, "total_score": 53.134653771672703, "pair_count_max": 62, "neighborhood_span": 12, "climb_saved_m": 124.77242437778335, "mean_abs_grade": 0.0093707829265136568, "max_grade": 0.021465103856473607, "elev_min_m": 311.99453735351562, "elev_max_m": 316.32611083984375, "elev_range_m": 4.331573486328125, "gain_per_km": 9.3707831755637834, "low_stress_share": 1.0, "mode": "walk", "n_pieces": 1, "neighborhoods": "Capitol View; Oakland City", "end_a_lon": -84.413629, "end_a_lat": 33.722266, "end_b_lon": -84.417999, "end_b_lat": 33.724252, "corridor_uid": "walk-75" }, "geometry": { "type": "LineString", "coordinates": [ [ -84.4136286, 33.7222659 ], [ -84.4146851, 33.7226371 ], [ -84.4164687, 33.7234341 ], [ -84.4178905, 33.7242006 ], [ -84.4179721, 33.7242396 ], [ -84.417999321886256, 33.724252100684922 ] ] } },
{ "type": "Feature", "properties": { "corridor_id": 76, "corridor_name": "White Street Southwest", "street_names": "White Street Southwest", "n_edges": 1, "length_m": 358.1772856526332, "length_km": 0.35817728565263318, "mean_score": 52.635787929018903, "total_score": 52.635787929018903, "pair_count_max": 53, "neighborhood_span": 13, "climb_saved_m": 78.505310559728983, "mean_abs_grade": 0.0047462019521071971, "max_grade": 0.036095848156962339, "elev_min_m": 308.5198974609375, "elev_max_m": 311.399169921875, "elev_range_m": 2.8792724609375, "gain_per_km": 8.0386796602447603, "low_stress_share": 0.0, "mode": "walk", "n_pieces": 1, "neighborhoods": "West End", "end_a_lon": -84.426684, "end_a_lat": 33.735362, "end_b_lon": -84.429815, "end_b_lat": 33.737254, "corridor_uid": "walk-76" }, "geometry": { "type": "LineString", "coordinates": [ [ -84.426684151079016, 33.735361774275063 ], [ -84.427196, 33.735673 ], [ -84.427772, 33.73602 ], [ -84.429412, 33.737011 ], [ -84.4298145, 33.737254 ], [ -84.429814660642066, 33.737254097023595 ] ] } },
{ "type": "Feature", "properties": { "corridor_id": 77, "corridor_name": "Atlanta Beltline Westside Trail", "street_names": "Atlanta Beltline Westside Trail", "n_edges": 1, "length_m": 810.34929320385322, "length_km": 0.81034929320385318, "mean_score": 48.892734897498819, "total_score": 48.892734897498819, "pair_count_max": 36, "neighborhood_span": 14, "climb_saved_m": 85.489941865670673, "mean_abs_grade": 0.0024512375493936285, "max_grade": 0.023823691789811627, "elev_min_m": 278.4158935546875, "elev_max_m": 280.58050537109375, "elev_range_m": 2.16461181640625, "gain_per_km": 0.0, "low_stress_share": 1.0, "mode": "walk", "n_pieces": 1, "neighborhoods": "Historic Westin Heights/Bankhead", "end_a_lon": -84.423807, "end_a_lat": 33.77281, "end_b_lon": -84.42411, "end_b_lat": 33.765963, "corridor_uid": "walk-77" }, "geometry": { "type": "LineString", "coordinates": [ [ -84.423806666544195, 33.772810000367407 ], [ -84.423813, 33.772791 ], [ -84.4238227, 33.7727446 ], [ -84.423848, 33.772624 ], [ -84.423866, 33.772426 ], [ -84.423872, 33.772253 ], [ -84.423864, 33.7721 ], [ -84.423803, 33.771702 ], [ -84.4237918, 33.7716606 ], [ -84.423611, 33.77099 ], [ -84.4233215, 33.7700363 ], [ -84.423156, 33.7694911 ], [ -84.423091, 33.769277 ], [ -84.423013, 33.769005 ], [ -84.4229541, 33.7688006 ], [ -84.422928, 33.76871 ], [ -84.422901, 33.7685932 ], [ -84.4228547, 33.7682512 ], [ -84.422834, 33.768026 ], [ -84.4228359, 33.7678365 ], [ -84.4228492, 33.767679 ], [ -84.4228792, 33.7675342 ], [ -84.422927, 33.767366 ], [ -84.422969, 33.7672572 ], [ -84.4230082, 33.7671552 ], [ -84.4230437, 33.7670729 ], [ -84.4230831, 33.7670076 ], [ -84.423123, 33.766931499999984 ], [ -84.423271, 33.7667091 ], [ -84.4233779, 33.7665792 ], [ -84.4234878, 33.7664549 ], [ -84.4235312, 33.7664106 ], [ -84.4236061, 33.7663355 ], [ -84.4237188, 33.7662386 ], [ -84.4238005, 33.766165 ], [ -84.42392550000001, 33.7660656 ], [ -84.424082, 33.765975 ], [ -84.424110458587734, 33.765962943990566 ] ] } },
{ "type": "Feature", "properties": { "corridor_id": 78, "corridor_name": "Woodbine Avenue Southeast", "street_names": "Woodbine Avenue Southeast", "n_edges": 1, "length_m": 371.6590598034561, "length_km": 0.37165905980345609, "mean_score": 48.251817636689381, "total_score": 48.251817636689381, "pair_count_max": 43, "neighborhood_span": 24, "climb_saved_m": 45.320553850786773, "mean_abs_grade": 0.021880073480168859, "max_grade": 0.039512133538201939, "elev_min_m": 290.86502075195312, "elev_max_m": 298.9969482421875, "elev_range_m": 8.131927490234375, "gain_per_km": 21.880073351460261, "low_stress_share": 1.0, "mode": "walk", "n_pieces": 1, "neighborhoods": "Kirkwood", "end_a_lon": -84.336884, "end_a_lat": 33.750835, "end_b_lon": -84.334689, "end_b_lat": 33.753312, "corridor_uid": "walk-78" }, "geometry": { "type": "LineString", "coordinates": [ [ -84.336883981984627, 33.750835464438524 ], [ -84.3368316, 33.7508513 ], [ -84.336598, 33.7509187 ], [ -84.3359987, 33.7511189 ], [ -84.33577, 33.751225 ], [ -84.3355511, 33.7513849 ], [ -84.3352873, 33.7516322 ], [ -84.3351305, 33.7518509 ], [ -84.3350446, 33.7520243 ], [ -84.3349999, 33.7521344 ], [ -84.3349864, 33.752186 ], [ -84.3349111, 33.752468799999988 ], [ -84.3347348, 33.753141 ], [ -84.334689380721855, 33.753312105384119 ] ] } },
{ "type": "Feature", "properties": { "corridor_id": 79, "corridor_name": "Westside Beltline Connector", "street_names": "Westside Beltline Connector", "n_edges": 1, "length_m": 357.81352270493971, "length_km": 0.35781352270493971, "mean_score": 46.497048698442079, "total_score": 46.497048698442079, "pair_count_max": 30, "neighborhood_span": 14, "climb_saved_m": 67.553709110288679, "mean_abs_grade": 0.0047726901719887891, "max_grade": 0.0047775528704848708, "elev_min_m": 293.88064575195312, "elev_max_m": 295.58837890625, "elev_range_m": 1.707733154296875, "gain_per_km": 0.0, "low_stress_share": 1.0, "mode": "walk", "n_pieces": 1, "neighborhoods": "English Avenue", "end_a_lon": -84.405549, "end_a_lat": 33.765546, "end_b_lon": -84.406969, "end_b_lat": 33.768544, "corridor_uid": "walk-79" }, "geometry": { "type": "LineString", "coordinates": [ [ -84.405549, 33.7655462 ], [ -84.405723, 33.7658893 ], [ -84.4058699, 33.7661716 ], [ -84.4062878, 33.7670103 ], [ -84.4065147, 33.7675464 ], [ -84.4065621, 33.76765420000001 ], [ -84.4067656, 33.768106 ], [ -84.4068654, 33.7683178 ], [ -84.4069118, 33.7684195 ], [ -84.406968741350383, 33.768544222398283 ] ] } },
{ "type": "Feature", "properties": { "corridor_id": 80, "corridor_name": "unnamed corridor", "street_names": "", "n_edges": 1, "length_m": 1365.9958238186352, "length_km": 1.3659958238186352, "mean_score": 45.60287062123664, "total_score": 45.60287062123664, "pair_count_max": 19, "neighborhood_span": 20, "climb_saved_m": 75.226471784235784, "mean_abs_grade": 0.0022071469793582587, "max_grade": 0.0022098432908912832, "elev_min_m": 241.20997619628906, "elev_max_m": 244.22492980957031, "elev_range_m": 3.01495361328125, "gain_per_km": 2.2071470210303872, "low_stress_share": 1.0, "mode": "walk", "n_pieces": 1, "neighborhoods": "Memorial Park", "end_a_lon": -84.408076, "end_a_lat": 33.819261, "end_b_lon": -84.415984, "end_b_lat": 33.823735, "corridor_uid": "walk-80" }, "geometry": { "type": "LineString", "coordinates": [ [ -84.408076069701664, 33.819261199946745 ], [ -84.4081689, 33.8192507 ], [ -84.4083251, 33.8192067 ], [ -84.4085906, 33.8191404 ], [ -84.408786400000011, 33.819066899999989 ], [ -84.4090037, 33.8189443 ], [ -84.4095227, 33.8185945 ], [ -84.4099653, 33.8183037 ], [ -84.4102161, 33.8182056 ], [ -84.4103757, 33.8181588 ], [ -84.410613, 33.8181165 ], [ -84.4108625, 33.8180998 ], [ -84.4109986, 33.8181115 ], [ -84.4111153, 33.8181454 ], [ -84.4112004, 33.818214 ], [ -84.4112762, 33.8183076 ], [ -84.4113124, 33.8184073 ], [ -84.4112876, 33.818546 ], [ -84.4112011, 33.8187922 ], [ -84.411073, 33.8191571 ], [ -84.4110596, 33.8192507 ], [ -84.411073, 33.8193421 ], [ -84.4111253, 33.8194379 ], [ -84.4111723, 33.8195048 ], [ -84.4112447, 33.8195638 ], [ -84.4113413, 33.8196128 ], [ -84.4114405, 33.8196451 ], [ -84.4115652, 33.8196563 ], [ -84.411759, 33.819640699999987 ], [ -84.4119293, 33.819613399999987 ], [ -84.4121144, 33.8195811 ], [ -84.4121949, 33.8195766 ], [ -84.4122941, 33.8195861 ], [ -84.41251, 33.8196708 ], [ -84.4125737, 33.8197276 ], [ -84.4126582, 33.8198323 ], [ -84.4127206, 33.8199827 ], [ -84.4129016, 33.8204568 ], [ -84.4129828, 33.8207526 ], [ -84.4130149, 33.8210234 ], [ -84.4130096, 33.821373199999989 ], [ -84.4128996, 33.8221108 ], [ -84.412846, 33.8224539 ], [ -84.4128688, 33.8226356 ], [ -84.4129184, 33.8227381 ], [ -84.4130699, 33.8229185 ], [ -84.413204, 33.823011 ], [ -84.4133341, 33.823062300000011 ], [ -84.4134669, 33.8230712 ], [ -84.413605, 33.82306 ], [ -84.4137445, 33.8230077 ], [ -84.4139282, 33.8228873 ], [ -84.4140369, 33.822825 ], [ -84.4142407, 33.8227447 ], [ -84.4143681, 33.8227102 ], [ -84.4147423, 33.8226924 ], [ -84.4151218, 33.8226979 ], [ -84.4156677, 33.822711299999987 ], [ -84.415728, 33.8227336 ], [ -84.415778300000014, 33.8227815 ], [ -84.4158004, 33.8229041 ], [ -84.415897, 33.823499 ], [ -84.415983883311839, 33.82373450149651 ] ] } },
{ "type": "Feature", "properties": { "corridor_id": 81, "corridor_name": "Atlanta Beltline Southwest Trail", "street_names": "Atlanta Beltline Southwest Trail", "n_edges": 1, "length_m": 472.81814862180789, "length_km": 0.47281814862180788, "mean_score": 44.8127015448189, "total_score": 44.8127015448189, "pair_count_max": 41, "neighborhood_span": 10, "climb_saved_m": 75.278936607141375, "mean_abs_grade": 0.00088373655588655877, "max_grade": 0.017052248186550736, "elev_min_m": 309.48391723632812, "elev_max_m": 309.9345703125, "elev_range_m": 0.450653076171875, "gain_per_km": 0.88373655052256084, "low_stress_share": 1.0, "mode": "walk", "n_pieces": 1, "neighborhoods": "Adair Park; Oakland City", "end_a_lon": -84.417453, "end_a_lat": 33.728299, "end_b_lon": -84.413612, "end_b_lat": 33.725535, "corridor_uid": "walk-81" }, "geometry": { "type": "LineString", "coordinates": [ [ -84.417452912687665, 33.728298879519713 ], [ -84.4174341, 33.7282873 ], [ -84.4164799, 33.7277 ], [ -84.4161478, 33.7274784 ], [ -84.4147055, 33.7265832 ], [ -84.4143278, 33.7262886 ], [ -84.4140516, 33.726039 ], [ -84.4136797, 33.7256231 ], [ -84.4136117, 33.7255354 ] ] } },
{ "type": "Feature", "properties": { "corridor_id": 82, "corridor_name": "Dodd Avenue Southwest", "street_names": "Dodd Avenue Southwest", "n_edges": 1, "length_m": 362.35872801503115, "length_km": 0.36235872801503116, "mean_score": 42.130029710693492, "total_score": 42.130029710693492, "pair_count_max": 50, "neighborhood_span": 20, "climb_saved_m": 38.558937053795468, "mean_abs_grade": 0.0059334982963710516, "max_grade": 0.022852154185949644, "elev_min_m": 290.41619873046875, "elev_max_m": 293.63668823242188, "elev_range_m": 3.220489501953125, "gain_per_km": 8.8875725985535929, "low_stress_share": 1.0, "mode": "walk", "n_pieces": 1, "neighborhoods": "Mechanicsville", "end_a_lon": -84.39261, "end_a_lat": 33.736313, "end_b_lon": -84.39309, "end_b_lat": 33.733302, "corridor_uid": "walk-82" }, "geometry": { "type": "LineString", "coordinates": [ [ -84.3926103, 33.736313 ], [ -84.392618, 33.7353483 ], [ -84.392622, 33.734393 ], [ -84.392629, 33.733647 ], [ -84.392654, 33.733498 ], [ -84.392717, 33.733402 ], [ -84.392795, 33.733344 ], [ -84.392912, 33.733311 ], [ -84.3930218, 33.7333027 ], [ -84.393038, 33.733301 ], [ -84.393090301515571, 33.733302153374034 ] ] } },
{ "type": "Feature", "properties": { "corridor_id": 83, "corridor_name": "Proctor Creek Greenway", "street_names": "Proctor Creek Greenway", "n_edges": 1, "length_m": 1089.7820870244391, "length_km": 1.089782087024439, "mean_score": 41.935331274457965, "total_score": 41.935331274457965, "pair_count_max": 23, "neighborhood_span": 13, "climb_saved_m": 260.07622099120101, "mean_abs_grade": 0.0025525217320200122, "max_grade": 0.0025548826646479938, "elev_min_m": 246.93475341796875, "elev_max_m": 249.71644592285156, "elev_range_m": 2.7816925048828125, "gain_per_km": 0.0, "low_stress_share": 1.0, "mode": "walk", "n_pieces": 1, "neighborhoods": "Rockdale; West Highlands", "end_a_lon": -84.450134, "end_a_lat": 33.783763, "end_b_lon": -84.451901, "end_b_lat": 33.79263, "corridor_uid": "walk-83" }, "geometry": { "type": "LineString", "coordinates": [ [ -84.450134458912302, 33.783762926600083 ], [ -84.4501208, 33.7838495 ], [ -84.4500718, 33.7840219 ], [ -84.4499834, 33.7841951 ], [ -84.4499792, 33.7842233 ], [ -84.4499809, 33.7842419 ], [ -84.4500022, 33.784276599999984 ], [ -84.450026, 33.7843155 ], [ -84.4500813, 33.7843981 ], [ -84.4501442, 33.784537400000012 ], [ -84.4502088, 33.7846936 ], [ -84.4502424, 33.7847988 ], [ -84.450259, 33.7849265 ], [ -84.4502437, 33.7850693 ], [ -84.4502074, 33.7851526 ], [ -84.4501456, 33.7852383 ], [ -84.4500889, 33.7853295 ], [ -84.4500634, 33.7854298 ], [ -84.4500875, 33.7856692 ], [ -84.4500491, 33.7857846 ], [ -84.4499914, 33.7859756 ], [ -84.450032, 33.7861281 ], [ -84.4500691, 33.7862262 ], [ -84.4501679, 33.7863556 ], [ -84.450439100000011, 33.7866997 ], [ -84.4505187, 33.7868072 ], [ -84.4505698, 33.786913 ], [ -84.4506656, 33.7870572 ], [ -84.4508244, 33.7871908 ], [ -84.4510119, 33.7873717 ], [ -84.4510655, 33.7874709 ], [ -84.4510813, 33.7875667 ], [ -84.4510717, 33.7877199 ], [ -84.4510571, 33.7878842 ], [ -84.4510663, 33.7880142 ], [ -84.451109800000012, 33.7881013 ], [ -84.4512122, 33.7882777 ], [ -84.4512502, 33.7883804 ], [ -84.4512647, 33.7884548 ], [ -84.451281, 33.7885694 ], [ -84.4513107, 33.7887018 ], [ -84.4513371, 33.7888618 ], [ -84.4513218, 33.7889777 ], [ -84.4512788, 33.7891382 ], [ -84.4512346, 33.7892816 ], [ -84.4512327, 33.7893879 ], [ -84.4512522, 33.789547 ], [ -84.4512965, 33.7896858 ], [ -84.451327600000013, 33.7897637 ], [ -84.4513804, 33.7898371 ], [ -84.4514967, 33.7899242 ], [ -84.4516309, 33.7900068 ], [ -84.4517302, 33.7900663 ], [ -84.4518771, 33.7901599 ], [ -84.452086, 33.7902882 ], [ -84.4522162, 33.7903815 ], [ -84.4523064, 33.7904562 ], [ -84.4523879, 33.7905782 ], [ -84.4524002, 33.7906616 ], [ -84.4523989, 33.7907562 ], [ -84.4523966, 33.7909352 ], [ -84.4523862, 33.7910834 ], [ -84.4523639, 33.7911691 ], [ -84.4523351, 33.7912426 ], [ -84.4522657, 33.7913908 ], [ -84.4521449, 33.7915753 ], [ -84.4520256, 33.7917717 ], [ -84.4519238, 33.7919542 ], [ -84.451885, 33.792056 ], [ -84.4518644, 33.7921445 ], [ -84.4518486, 33.7923489 ], [ -84.4518416, 33.7924869 ], [ -84.4518346, 33.7925584 ], [ -84.451855, 33.7925891 ], [ -84.4519011, 33.7926298 ] ] } },
{ "type": "Feature", "properties": { "corridor_id": 84, "corridor_name": "PATH400", "street_names": "PATH400", "n_edges": 1, "length_m": 692.30789089848008, "length_km": 0.6923078908984801, "mean_score": 41.674806374315907, "total_score": 41.674806374315907, "pair_count_max": 35, "neighborhood_span": 36, "climb_saved_m": 33.985875063685278, "mean_abs_grade": 0.037206557621011868, "max_grade": 0.037211097767211591, "elev_min_m": 268.734375, "elev_max_m": 294.49276733398438, "elev_range_m": 25.758392333984375, "gain_per_km": 37.206556031818479, "low_stress_share": 1.0, "mode": "walk", "n_pieces": 1, "neighborhoods": "North Buckhead", "end_a_lon": -84.369898, "end_a_lat": 33.857549, "end_b_lon": -84.370863, "end_b_lat": 33.85181, "corridor_uid": "walk-84" }, "geometry": { "type": "LineString", "coordinates": [ [ -84.369898397004349, 33.85754943381373 ], [ -84.369898100000015, 33.857528 ], [ -84.3701743, 33.8574863 ], [ -84.3702968, 33.8574472 ], [ -84.3704142, 33.8573801 ], [ -84.3704211, 33.8573001 ], [ -84.370277, 33.856843 ], [ -84.3702252, 33.856533 ], [ -84.3701189, 33.856231 ], [ -84.3700855, 33.8560638 ], [ -84.3700897, 33.8559046 ], [ -84.3701377, 33.8557136 ], [ -84.3701815, 33.8555441 ], [ -84.37032, 33.8553019 ], [ -84.370421, 33.8549082 ], [ -84.3705108, 33.8546651 ], [ -84.3705837, 33.8544451 ], [ -84.3706445, 33.8542574 ], [ -84.370659, 33.8540596 ], [ -84.3706615, 33.853888 ], [ -84.3706409, 33.8536676 ], [ -84.3705915, 33.8533524 ], [ -84.3705565, 33.8530149 ], [ -84.3705607, 33.8527006 ], [ -84.3705715, 33.8523285 ], [ -84.3706397, 33.8520884 ], [ -84.3707303, 33.8519137 ], [ -84.3707563, 33.8518636 ], [ -84.3707677, 33.8518578 ], [ -84.370862972824298, 33.851809700316188 ] ] } },
{ "type": "Feature", "properties": { "corridor_id": 85, "corridor_name": "North Avenue Northeast", "street_names": "North Avenue Northeast", "n_edges": 1, "length_m": 554.44273336116294, "length_km": 0.5544427333611629, "mean_score": 38.167442260031152, "total_score": 38.167442260031152, "pair_count_max": 33, "neighborhood_span": 34, "climb_saved_m": 31.286299183856539, "mean_abs_grade": 0.019912120114619236, "max_grade": 0.038735180280494025, "elev_min_m": 288.0640869140625, "elev_max_m": 299.85928344726562, "elev_range_m": 11.795196533203125, "gain_per_km": 1.3618465398425585, "low_stress_share": 1.0, "mode": "walk", "n_pieces": 1, "neighborhoods": "Candler Park", "end_a_lon": -84.348921, "end_a_lat": 33.771081, "end_b_lon": -84.343, "end_b_lat": 33.771206, "corridor_uid": "walk-85" }, "geometry": { "type": "LineString", "coordinates": [ [ -84.348921114995534, 33.7710811 ], [ -84.3489209, 33.771081100000011 ], [ -84.3473873, 33.7710731 ], [ -84.3459391, 33.7710627 ], [ -84.3455049, 33.7710705 ], [ -84.345241, 33.771099 ], [ -84.3450117, 33.7711358 ], [ -84.3448329, 33.771187 ], [ -84.3445611, 33.7712629 ], [ -84.344241, 33.7713215 ], [ -84.3439894, 33.7713347 ], [ -84.3437864, 33.771328 ], [ -84.343593, 33.7712892 ], [ -84.3434289, 33.7712298 ], [ -84.3433462, 33.7712164 ], [ -84.3432041, 33.771205 ], [ -84.3430015, 33.7712058 ], [ -84.343000025861599, 33.771205804881241 ] ] } },
{ "type": "Feature", "properties": { "corridor_id": 86, "corridor_name": "Dale Creek Drive Northwest", "street_names": "Dale Creek Drive Northwest", "n_edges": 1, "length_m": 408.12390887116925, "length_km": 0.40812390887116923, "mean_score": 37.301855325273898, "total_score": 37.301855325273898, "pair_count_max": 35, "neighborhood_span": 36, "climb_saved_m": 28.813837568697849, "mean_abs_grade": 0.011809409182583584, "max_grade": 0.057041949101879021, "elev_min_m": 274.06985473632812, "elev_max_m": 280.24114990234375, "elev_range_m": 6.171295166015625, "gain_per_km": 3.9800636413392034, "low_stress_share": 1.0, "mode": "walk", "n_pieces": 1, "neighborhoods": "Collier Heights", "end_a_lon": -84.472218, "end_a_lat": 33.764569, "end_b_lon": -84.476622, "end_b_lat": 33.764587, "corridor_uid": "walk-86" }, "geometry": { "type": "LineString", "coordinates": [ [ -84.472218, 33.764569 ], [ -84.473936, 33.764556 ], [ -84.476622, 33.764587 ] ] } },
{ "type": "Feature", "properties": { "corridor_id": 0, "corridor_name": "Cascade Road - Sandtown Road Southwest", "street_names": "Cascade Road; Sandtown Road Southwest", "n_edges": 95, "length_m": 6846.5579249174143, "length_km": 6.8465579249174144, "mean_score": 59.335118227362834, "total_score": 5636.8362315994691, "pair_count_max": 223, "neighborhood_span": 36, "climb_saved_m": 3280.1193970626996, "mean_abs_grade": 0.019772112069775201, "max_grade": 0.056857022369724231, "elev_min_m": 246.22499084472656, "elev_max_m": 316.78512573242188, "elev_range_m": 70.560134887695312, "gain_per_km": 6.5150499862010385, "low_stress_share": 0.25361240730929563, "mode": "bike", "n_pieces": 1, "neighborhoods": "Adams Park; Audobon Forest; Cascade Avenue/Road; Cascade Heights; Horseshoe Community; Magnum Manor; Venetian Hills", "end_a_lon": -84.506188, "end_a_lat": 33.723163, "end_b_lon": -84.440186, "end_b_lat": 33.714601, "corridor_uid": "bike-87" }, "geometry": { "type": "MultiLineString", "coordinates": [ [ [ -84.4992432, 33.7226255 ], [ -84.4993853, 33.7227304 ], [ -84.5000842, 33.722975299999987 ], [ -84.5005293, 33.7230602 ], [ -84.5008152, 33.7230756 ], [ -84.5019203, 33.7230789 ], [ -84.5020665, 33.7230793 ], [ -84.5030789, 33.7230747 ], [ -84.5032184, 33.7230764 ], [ -84.5033486, 33.7230771 ], [ -84.5037487, 33.7230873 ], [ -84.504320480372627, 33.723104299416462 ], [ -84.5043205, 33.7231043 ], [ -84.504552785420287, 33.723111199566929 ], [ -84.5045528, 33.7231112 ], [ -84.5052688, 33.7231324 ], [ -84.5061885, 33.7231628 ] ], [ [ -84.5031401, 33.722972199999987 ], [ -84.5022266, 33.7229677 ], [ -84.5020655, 33.72296690000001 ], [ -84.5012454, 33.722971099999988 ], [ -84.501092000088292, 33.722971899999528 ], [ -84.501092, 33.7229719 ], [ -84.5008107, 33.7229734 ], [ -84.5005363, 33.7229518 ], [ -84.5003107, 33.7229113 ], [ -84.500187540909494, 33.722873778761688 ], [ -84.500184, 33.722872700000011 ], [ -84.4997162, 33.7227301 ], [ -84.4994324, 33.7226291 ], [ -84.4992432, 33.7226255 ] ], [ [ -84.4401858, 33.7146009 ], [ -84.440441, 33.714686 ], [ -84.440687, 33.714781 ], [ -84.44079, 33.714832 ], [ -84.441323, 33.715209 ], [ -84.442197, 33.715832 ], [ -84.443127, 33.716489 ], [ -84.443787, 33.716922 ], [ -84.444081, 33.71708 ], [ -84.444298, 33.71719 ], [ -84.444487, 33.717262 ], [ -84.445413, 33.717507 ], [ -84.4456609, 33.7175927 ], [ -84.446874, 33.718139 ], [ -84.447283, 33.718325 ], [ -84.447513, 33.718401 ], [ -84.447716, 33.718441 ], [ -84.448341, 33.718514 ], [ -84.44978, 33.718684 ], [ -84.450372, 33.718775 ], [ -84.452575, 33.719227 ], [ -84.453086, 33.719345 ], [ -84.453316, 33.71942 ], [ -84.453538, 33.719508 ], [ -84.453947, 33.719719 ], [ -84.454364, 33.720007 ], [ -84.4551837, 33.7206063 ], [ -84.455183732226004, 33.72060632353633 ], [ -84.455783, 33.721044 ], [ -84.456095, 33.72127 ], [ -84.456338, 33.7214326 ], [ -84.456338457368005, 33.721432906084743 ], [ -84.456494, 33.721537 ], [ -84.457854, 33.721777 ], [ -84.45997, 33.72215 ], [ -84.460331796690483, 33.72221369941731 ], [ -84.4603318, 33.7222137 ], [ -84.4610358, 33.7223378 ], [ -84.461035800182998, 33.722337800032243 ], [ -84.4613643, 33.7223957 ], [ -84.461364300952724, 33.722395700167866 ], [ -84.461803, 33.722473 ], [ -84.462115, 33.722527 ], [ -84.462317, 33.72255 ], [ -84.4624912, 33.7225561 ], [ -84.462491859298822, 33.72255612285889 ], [ -84.462546, 33.722558 ], [ -84.462775, 33.722547 ], [ -84.463019, 33.722514 ], [ -84.463209658570065, 33.722471664633076 ], [ -84.4632104, 33.7224715 ], [ -84.463235, 33.722466 ], [ -84.463260612839179, 33.722458014247856 ], [ -84.4632613, 33.7224578 ], [ -84.463387918044432, 33.722418425485792 ], [ -84.463388, 33.7224184 ], [ -84.4635727, 33.7223687 ], [ -84.464019194379247, 33.722209802000307 ], [ -84.4640192, 33.7222098 ], [ -84.4642143, 33.7221403 ], [ -84.4646858, 33.7219496 ], [ -84.464686664781965, 33.721949250453306 ], [ -84.4648857, 33.7218688 ], [ -84.464886925149329, 33.721868303763046 ], [ -84.4649452, 33.7218447 ], [ -84.4651618, 33.7217645 ], [ -84.465162665371125, 33.721764178957315 ], [ -84.4652397, 33.7217356 ], [ -84.465240396305461, 33.721735342032304 ], [ -84.4654748, 33.7216485 ], [ -84.465474971752997, 33.721648436111202 ], [ -84.4655162, 33.7216331 ], [ -84.465516286767738, 33.721633067889101 ], [ -84.4655543, 33.721619 ], [ -84.465916, 33.721485 ], [ -84.4662781, 33.7213512 ], [ -84.4663257, 33.7213336 ], [ -84.466326316919861, 33.72133337199184 ], [ -84.466744, 33.721179 ], [ -84.4669739, 33.721109599999984 ], [ -84.466981271821197, 33.721107380526952 ], [ -84.467039, 33.72109 ], [ -84.4671566, 33.7210656 ], [ -84.46716406057952, 33.72106405425626 ], [ -84.4674404, 33.7210068 ], [ -84.467446829857693, 33.721005466954608 ], [ -84.4680414, 33.7208822 ], [ -84.468045654590043, 33.720881318339899 ], [ -84.469215, 33.720639 ], [ -84.470732797762309, 33.720327500459241 ], [ -84.4707328, 33.7203275 ], [ -84.471544, 33.720161 ], [ -84.472284, 33.720009 ], [ -84.4729692, 33.7198684 ], [ -84.472969573676707, 33.719868323362114 ], [ -84.473527, 33.719754 ], [ -84.473713, 33.719727 ], [ -84.473958, 33.71972 ], [ -84.474273, 33.719746 ], [ -84.4744171, 33.719769 ], [ -84.474561, 33.719792 ], [ -84.474893, 33.719875 ], [ -84.475594, 33.720064 ], [ -84.475881, 33.720108 ], [ -84.47611, 33.72011 ], [ -84.476768, 33.720055 ], [ -84.477171, 33.720062 ], [ -84.4773644, 33.7200813 ], [ -84.477367374546446, 33.720081598665452 ], [ -84.4775118, 33.7200961 ], [ -84.477514479988031, 33.720096365207148 ], [ -84.477531, 33.720098 ], [ -84.477787, 33.720123 ], [ -84.4783098, 33.7202099 ], [ -84.478312727836808, 33.720210386743652 ], [ -84.4785083, 33.720242899999988 ], [ -84.4787952, 33.7202906 ], [ -84.478798915771435, 33.7202912144189 ], [ -84.478846, 33.720299 ], [ -84.479259, 33.720332 ], [ -84.479687, 33.720325 ], [ -84.4804886, 33.7202299 ], [ -84.482307, 33.720072 ], [ -84.483079, 33.7200012 ], [ -84.483477053836666, 33.719960504719538 ], [ -84.4834771, 33.7199605 ], [ -84.483668, 33.719941 ], [ -84.484312, 33.719903 ], [ -84.4844994, 33.7199016 ], [ -84.484499497017964, 33.719901599259401 ], [ -84.4845125, 33.7199015 ], [ -84.484713, 33.7199 ], [ -84.486338, 33.719886 ], [ -84.487601, 33.719875 ], [ -84.488076, 33.719884 ], [ -84.4882036295555, 33.719891278873085 ], [ -84.488204, 33.7198913 ], [ -84.488604, 33.719914 ], [ -84.488681363092098, 33.719921834237169 ], [ -84.488683, 33.719922 ], [ -84.489158, 33.71997 ], [ -84.489672, 33.720043 ], [ -84.48974427891828, 33.720055990670446 ], [ -84.489746, 33.7200563 ], [ -84.4903031, 33.7201562 ], [ -84.490938, 33.720274 ], [ -84.491333152807769, 33.720340058676264 ], [ -84.4913334, 33.7203401 ], [ -84.491551, 33.7203765 ], [ -84.491739557033412, 33.720400778583716 ], [ -84.4917405, 33.7204009 ], [ -84.491818215999842, 33.720413934958046 ], [ -84.4918192, 33.7204141 ], [ -84.4920829, 33.7204528 ], [ -84.492784, 33.720596 ], [ -84.493078781099243, 33.720655254480661 ], [ -84.4930805, 33.7206556 ], [ -84.493262913171662, 33.720692338721946 ], [ -84.4932657, 33.7206929 ], [ -84.493783, 33.720797 ], [ -84.49408365638611, 33.720865539878588 ], [ -84.4940905, 33.7208671 ], [ -84.494375, 33.720932 ], [ -84.494611650452796, 33.720999018632327 ], [ -84.494619, 33.7210011 ], [ -84.49494, 33.721092 ], [ -84.494991059346845, 33.721108901177523 ], [ -84.4949974, 33.721111 ], [ -84.495934, 33.721421 ], [ -84.496420959582011, 33.721593337961558 ], [ -84.4964217, 33.7215936 ], [ -84.496437, 33.721599 ], [ -84.497211180863118, 33.721886881328047 ], [ -84.4972115, 33.721887 ], [ -84.4977553, 33.7220893 ], [ -84.498723200000015, 33.722438099999977 ], [ -84.4988198, 33.7224707 ], [ -84.4992432, 33.7226255 ] ] ] } },
{ "type": "Feature", "properties": { "corridor_id": 1, "corridor_name": "Campbellton Road Southwest - Murphy Avenue Southwest - Whitehall Street Southwest - Dill Ave Southwest", "street_names": "Campbellton Road Southwest; Dill Ave Southwest; Murphy Avenue Southwest; Oakland Drive Southwest; Whitehall Street Southwest", "n_edges": 91, "length_m": 6273.9044664287949, "length_km": 6.2739044664287951, "mean_score": 52.706490945480283, "total_score": 4796.2906760387059, "pair_count_max": 239, "neighborhood_span": 35, "climb_saved_m": 2669.7660043623509, "mean_abs_grade": 0.018874402601938813, "max_grade": 0.066500944247345734, "elev_min_m": 288.31488037109375, "elev_max_m": 327.74847412109375, "elev_range_m": 39.43359375, "gain_per_km": 9.8342374341618637, "low_stress_share": 0.034438989152847092, "mode": "bike", "n_pieces": 1, "neighborhoods": "Adair Park; Capitol View; Fort McPherson; Oakland City; Venetian Hills", "end_a_lon": -84.45339, "end_a_lat": 33.708028, "end_b_lon": -84.40937, "end_b_lat": 33.74186, "corridor_uid": "bike-88" }, "geometry": { "type": "MultiLineString", "coordinates": [ [ [ -84.427446, 33.717586 ], [ -84.428285, 33.717262 ], [ -84.42863, 33.717109 ], [ -84.429674, 33.71662 ], [ -84.4298, 33.716562 ], [ -84.430502, 33.716231 ], [ -84.430845, 33.71606 ], [ -84.431551, 33.715676 ], [ -84.432507, 33.715142 ], [ -84.433171, 33.714835 ], [ -84.4338137, 33.7145966 ], [ -84.433845, 33.714585 ], [ -84.4340202, 33.7145348 ], [ -84.434022241708718, 33.714534224101612 ], [ -84.4341847, 33.7144884 ], [ -84.4344159, 33.714404 ], [ -84.434416473953519, 33.714403788209033 ], [ -84.434714, 33.714294 ], [ -84.43501590000001, 33.7141995 ], [ -84.435016360877214, 33.714199355787088 ], [ -84.435670242479489, 33.71399474994508 ], [ -84.435672, 33.7139942 ], [ -84.436476910976424, 33.713742304830333 ], [ -84.4364814, 33.713740900000012 ], [ -84.436795741781737, 33.713642440961152 ], [ -84.4368013, 33.7136407 ], [ -84.436963669425253, 33.713589917396376 ], [ -84.4369698, 33.713588 ], [ -84.437238142854298, 33.713504008881493 ], [ -84.4372452, 33.7135018 ], [ -84.437612, 33.713387 ], [ -84.437836870163324, 33.713306792765124 ], [ -84.4378447, 33.713304 ], [ -84.4378653, 33.7132954 ], [ -84.438018963036939, 33.713240138572431 ], [ -84.4380263, 33.7132375 ], [ -84.438146, 33.713194 ], [ -84.438460726297762, 33.713072278301588 ], [ -84.4384661, 33.7130702 ], [ -84.439527, 33.71266 ], [ -84.439688, 33.712599 ], [ -84.440824, 33.712166 ], [ -84.441237, 33.712016 ], [ -84.441443, 33.711956 ], [ -84.4415241, 33.7119415 ], [ -84.44152897118434, 33.711940628239475 ], [ -84.441661, 33.711917 ], [ -84.441916, 33.711871 ], [ -84.442239, 33.711813 ], [ -84.4424831, 33.7117714 ], [ -84.442483103223026, 33.711771399451322 ], [ -84.443151, 33.7116577 ], [ -84.443696, 33.711565 ], [ -84.4439697, 33.7115183 ], [ -84.443969701920935, 33.711518299672747 ], [ -84.444403497220804, 33.711444400473439 ], [ -84.4444035, 33.7114444 ], [ -84.444676994982615, 33.71139780085489 ], [ -84.444677, 33.7113978 ], [ -84.445872, 33.711194 ], [ -84.446411, 33.711093 ], [ -84.446621, 33.711029 ], [ -84.446845193868569, 33.710937735239334 ], [ -84.446847, 33.710937 ], [ -84.446926, 33.710899 ], [ -84.447594, 33.710503 ], [ -84.4477734, 33.7103909 ], [ -84.447774060590191, 33.710390487090301 ], [ -84.448178, 33.710138 ], [ -84.4483626, 33.7100391 ], [ -84.4485012, 33.7099649 ], [ -84.448529, 33.70995 ], [ -84.448562, 33.7099354 ], [ -84.448562655989733, 33.709935110133053 ], [ -84.448839, 33.709813 ], [ -84.450614, 33.709117 ], [ -84.450737, 33.709068 ], [ -84.4508033, 33.709042 ], [ -84.450803303371785, 33.70904199867902 ], [ -84.4512117, 33.708882 ], [ -84.451896, 33.708614 ], [ -84.452646597515212, 33.708319600974583 ], [ -84.4526466, 33.7083196 ], [ -84.45339, 33.708028 ] ], [ [ -84.4274788, 33.7195298 ], [ -84.427507, 33.718332 ], [ -84.427496, 33.71819 ], [ -84.427492, 33.718165 ], [ -84.427444, 33.717885 ], [ -84.427446, 33.717586 ] ], [ [ -84.409370466202247, 33.741859680581371 ], [ -84.4093941, 33.7418533 ], [ -84.41060056059878, 33.741527609566958 ], [ -84.4106469, 33.7415151 ], [ -84.410714, 33.741497 ], [ -84.410851, 33.741425 ], [ -84.410947, 33.741313 ], [ -84.4112314, 33.7409834 ], [ -84.41141, 33.740769 ], [ -84.411598, 33.740505 ], [ -84.411757, 33.740249 ], [ -84.411794, 33.740182 ], [ -84.411843, 33.740091 ], [ -84.4118964, 33.7399863 ], [ -84.411975381955983, 33.739819866701247 ], [ -84.4119766, 33.7398173 ], [ -84.412102, 33.739537 ], [ -84.412143, 33.739413 ], [ -84.412244, 33.739111 ], [ -84.412352, 33.73864 ], [ -84.4123832, 33.7382475 ], [ -84.412378, 33.737133 ], [ -84.4123855, 33.7361626 ], [ -84.412385500278191, 33.736162467860801 ], [ -84.4123857, 33.7360676 ], [ -84.412385701112484, 33.736067461360349 ], [ -84.412396, 33.734784 ], [ -84.41242, 33.734422 ], [ -84.412478, 33.734031 ], [ -84.4125503, 33.7336929 ], [ -84.412551051691509, 33.733689394448049 ], [ -84.412561, 33.733643 ], [ -84.4126203, 33.7334322 ], [ -84.412621221145869, 33.733428923974017 ], [ -84.412669, 33.733259 ], [ -84.412811, 33.732857 ], [ -84.412983400000016, 33.7324926 ], [ -84.4130454, 33.732362 ], [ -84.413308, 33.731914 ], [ -84.4137734, 33.7312606 ], [ -84.41424, 33.73069 ], [ -84.414467046548879, 33.730395882807578 ], [ -84.4144685, 33.730394 ], [ -84.41465462170666, 33.730152955505837 ], [ -84.414655900000014, 33.7301513 ], [ -84.414747509670548, 33.730032641784483 ], [ -84.4147487, 33.7300311 ], [ -84.415554, 33.728988 ], [ -84.415824684024528, 33.728638179117816 ], [ -84.4158249, 33.72863790000001 ], [ -84.415955588871611, 33.728468943668275 ], [ -84.4159557, 33.7284688 ], [ -84.416094, 33.72829 ], [ -84.4163946, 33.7279156 ], [ -84.4165713, 33.7276959 ], [ -84.4166237, 33.7276348 ], [ -84.4166902, 33.7275559 ], [ -84.416698494699077, 33.727546064856817 ], [ -84.416837200000018, 33.7273816 ], [ -84.416847025463099, 33.727369941077313 ], [ -84.416879, 33.727332 ], [ -84.417064, 33.727114 ], [ -84.417611, 33.726613 ], [ -84.4177404, 33.7264952 ], [ -84.417968, 33.7263175 ], [ -84.4180495, 33.7262401 ], [ -84.418049888845616, 33.726239761447872 ], [ -84.419416312168025, 33.725050072043665 ], [ -84.419420300000013, 33.7250466 ], [ -84.419907050438596, 33.724622732616254 ], [ -84.419912600000018, 33.7246179 ], [ -84.420061014376159, 33.72448822966745 ], [ -84.420067, 33.724483 ], [ -84.4201311, 33.7244272 ], [ -84.420277, 33.7243 ], [ -84.420535742626072, 33.724074402090515 ], [ -84.4205432, 33.7240679 ], [ -84.421167, 33.723524 ], [ -84.421704, 33.723033 ], [ -84.421736295271543, 33.723001983749128 ], [ -84.4217444, 33.7229942 ], [ -84.422021, 33.722728 ], [ -84.422456, 33.722268 ], [ -84.422685, 33.721991 ], [ -84.422712092321859, 33.72195230758539 ], [ -84.4227205, 33.7219403 ], [ -84.422947, 33.721617 ], [ -84.423131127935193, 33.721306665781597 ], [ -84.423146, 33.7212816 ], [ -84.423166, 33.721248 ], [ -84.423260390446075, 33.721058169353107 ], [ -84.4232739, 33.721031 ], [ -84.423355, 33.720868 ], [ -84.423507, 33.72049 ], [ -84.4235574, 33.7203441 ], [ -84.423602998564803, 33.720212323550577 ], [ -84.423611, 33.7201892 ], [ -84.423683432336617, 33.719979738437914 ], [ -84.4236905, 33.7199593 ], [ -84.423896391820435, 33.719363925410455 ], [ -84.423901, 33.7193506 ], [ -84.423968525704126, 33.719155315284866 ], [ -84.4239723, 33.7191444 ], [ -84.424264447578778, 33.718299319431082 ], [ -84.4242648, 33.7182983 ], [ -84.424295, 33.718211 ], [ -84.4247885, 33.7182181 ], [ -84.4250277, 33.71821 ], [ -84.425027700071638, 33.718209999997569 ], [ -84.4251963, 33.7182043 ], [ -84.425358734503504, 33.71819711174907 ], [ -84.425359, 33.7181971 ], [ -84.425526, 33.718189 ], [ -84.4257099, 33.718161 ], [ -84.425854, 33.718139 ], [ -84.426197, 33.718053 ], [ -84.426299842515064, 33.718015925421234 ], [ -84.42630130000002, 33.7180154 ], [ -84.426378174364245, 33.71798766996617 ], [ -84.4263792, 33.7179873 ], [ -84.426491492674003, 33.717946846738556 ], [ -84.4264919, 33.7179467 ], [ -84.426566, 33.71792 ], [ -84.427253, 33.71766 ], [ -84.427446, 33.717586 ] ] ] } },
{ "type": "Feature", "properties": { "corridor_id": 2, "corridor_name": "Edgewood Avenue Northeast - Auburn Avenue Northeast - Courtland Street One-Way Protected Bike Lane", "street_names": "Atlanta Beltline Eastside Trail; Atlanta Beltline Southeast Trail; Auburn Avenue Northeast; Courtland Street One-Way Protected Bike Lane; Edgewood Avenue Northeast; Krog Street Northeast", "n_edges": 89, "length_m": 3563.9407493750296, "length_km": 3.5639407493750297, "mean_score": 46.864343580285741, "total_score": 4025.0389419311555, "pair_count_max": 248, "neighborhood_span": 36, "climb_saved_m": 2015.3354305402213, "mean_abs_grade": 0.018772304614719695, "max_grade": 0.048762067385289064, "elev_min_m": 296.58258056640625, "elev_max_m": 318.4713134765625, "elev_range_m": 21.88873291015625, "gain_per_km": 7.0049709771549304, "low_stress_share": 0.27272435727195188, "mode": "bike", "n_pieces": 3, "neighborhoods": "Cabbagetown; Downtown; Inman Park; Old Fourth Ward; Reynoldstown; Sweet Auburn", "end_a_lon": -84.384212, "end_a_lat": 33.755556, "end_b_lon": -84.357075, "end_b_lat": 33.752585, "corridor_uid": "bike-89" }, "geometry": { "type": "MultiLineString", "coordinates": [ [ [ -84.384212816580487, 33.755499201118212 ], [ -84.384213768504964, 33.755441852956203 ], [ -84.3842218, 33.754958 ], [ -84.3842242, 33.7548341 ], [ -84.384225633932772, 33.75476093445485 ], [ -84.3842283, 33.7546249 ], [ -84.3842323, 33.7545569 ], [ -84.3842364, 33.7544868 ] ], [ [ -84.3842364, 33.7544868 ], [ -84.384238228742277, 33.754477890197549 ], [ -84.384245, 33.754444899999989 ], [ -84.38427118640314, 33.754417265893267 ] ], [ [ -84.384211900002995, 33.7555563 ], [ -84.3842119, 33.7555563 ], [ -84.384171200053842, 33.755556200000136 ], [ -84.3841712, 33.7555562 ], [ -84.3834449, 33.755554 ], [ -84.3824512, 33.7555533 ], [ -84.382333603128288, 33.755553200002659 ], [ -84.3823336, 33.755553199999987 ], [ -84.3822548, 33.7555521 ], [ -84.382174900564408, 33.755551500004245 ], [ -84.3821749, 33.7555515 ], [ -84.3820147, 33.7555487 ], [ -84.3807584, 33.7555379 ], [ -84.380758397054592, 33.755537899974222 ] ], [ [ -84.380412349131532, 33.754459599174872 ], [ -84.3804124, 33.7544596 ], [ -84.3808237, 33.7544681 ], [ -84.38142192414891, 33.754473695549081 ], [ -84.3814224, 33.7544737 ], [ -84.3820385, 33.7544812 ], [ -84.382196782830974, 33.754482692295696 ], [ -84.3821976, 33.7544827 ], [ -84.3822992, 33.7544623 ], [ -84.382434293853692, 33.754461600031853 ], [ -84.3824343, 33.7544616 ], [ -84.382733998007396, 33.754466799965435 ], [ -84.382734, 33.7544668 ], [ -84.3830983, 33.7544703 ], [ -84.383243082061128, 33.754471699826567 ], [ -84.3832431, 33.7544717 ], [ -84.383377, 33.754477 ], [ -84.3834626, 33.754478 ], [ -84.3834919, 33.7544783 ], [ -84.383491917840459, 33.754478300218402 ], [ -84.3836226, 33.7544799 ], [ -84.383622615351285, 33.754479900171368 ], [ -84.3842049, 33.7544864 ], [ -84.384204901047013, 33.754486400013299 ], [ -84.3842364, 33.7544868 ] ], [ [ -84.3842364, 33.7544868 ], [ -84.384236400523008, 33.75448680000752 ] ], [ [ -84.3818225, 33.754422 ], [ -84.3812649, 33.7544157 ], [ -84.3810461, 33.7544057 ], [ -84.3808273, 33.7543956 ], [ -84.380436, 33.7543861 ], [ -84.380435992925385, 33.754386099824856 ], [ -84.3803027, 33.7543828 ], [ -84.380169605594261, 33.754381600050436 ], [ -84.3801696, 33.7543816 ], [ -84.3800733, 33.7543807 ], [ -84.379515401568909, 33.754370400028961 ], [ -84.3795154, 33.7543704 ], [ -84.3794192, 33.7543686 ], [ -84.3791169, 33.7543259 ], [ -84.3787989, 33.754287 ], [ -84.3780714, 33.75429050000001 ], [ -84.377651475778663, 33.754322610092451 ], [ -84.3776503, 33.754322699999989 ], [ -84.3775265, 33.7543343 ], [ -84.3773468, 33.7543683 ], [ -84.377312222353524, 33.754376772015938 ], [ -84.3773117, 33.7543769 ], [ -84.3772466, 33.7543928 ] ], [ [ -84.3772466, 33.7543928 ], [ -84.3773451, 33.7544145 ], [ -84.377345978353773, 33.75441451301954 ], [ -84.377534, 33.7544173 ], [ -84.377534650349006, 33.754417299121819 ], [ -84.3780524, 33.7544166 ], [ -84.3781506, 33.75441330000001 ], [ -84.378150601068526, 33.754413300028538 ], [ -84.3783004, 33.7544173 ], [ -84.3788317, 33.7544355 ], [ -84.3794308, 33.7544446 ] ], [ [ -84.368251599803088, 33.754282800002024 ], [ -84.3682516, 33.7542828 ], [ -84.368580599825307, 33.754279500001758 ], [ -84.3685806, 33.7542795 ], [ -84.368584, 33.7542795 ], [ -84.368828, 33.754282 ], [ -84.3688845, 33.7542817 ], [ -84.368884500121979, 33.754281699999495 ], [ -84.369008, 33.7542812 ], [ -84.369008000072583, 33.754281199999696 ], [ -84.3697164, 33.7542782 ], [ -84.369716400041, 33.754278199999831 ], [ -84.369769, 33.754278 ], [ -84.369831099995196, 33.754278699999936 ], [ -84.3698311, 33.7542787 ], [ -84.369938799918572, 33.754279899999084 ], [ -84.3699388, 33.7542799 ], [ -84.3705167, 33.7542865 ], [ -84.370516700265355, 33.754286500002983 ], [ -84.3709155, 33.754291 ], [ -84.370915500211225, 33.754291000002368 ], [ -84.3712903, 33.7542952 ], [ -84.371459799848566, 33.754297099998304 ], [ -84.3714598, 33.7542971 ], [ -84.3719443, 33.7543027 ], [ -84.372079, 33.754304199999986 ], [ -84.372079000050107, 33.754304200000568 ], [ -84.37215, 33.754305 ], [ -84.372237190456204, 33.754306299857724 ], [ -84.3722372, 33.7543063 ], [ -84.372422, 33.754309 ], [ -84.372842020984919, 33.754314798909093 ], [ -84.3728421, 33.7543148 ], [ -84.373205479151935, 33.754319898304466 ], [ -84.3732056, 33.7543199 ], [ -84.37336, 33.754322 ], [ -84.3738346, 33.7543395 ], [ -84.374309290161833, 33.754356999637309 ], [ -84.3743093, 33.754357 ], [ -84.3743863, 33.75435980000001 ], [ -84.374465296605266, 33.754359000034377 ], [ -84.3744653, 33.754359 ], [ -84.374527492864274, 33.754359299965579 ], [ -84.3745275, 33.7543593 ], [ -84.374759794158564, 33.754363499894382 ], [ -84.3747598, 33.7543635 ], [ -84.37484, 33.754365 ], [ -84.375491599493671, 33.754376899990746 ], [ -84.3754916, 33.7543769 ], [ -84.3755454, 33.7543779 ], [ -84.3756028, 33.754379199999988 ], [ -84.375602802584808, 33.754379200060022 ], [ -84.3757966, 33.7543837 ], [ -84.375796612407342, 33.754383700283341 ], [ -84.3758798, 33.7543856 ], [ -84.3758798163026, 33.75438560037594 ], [ -84.376153, 33.7543919 ], [ -84.376153029696752, 33.754391900076492 ], [ -84.3763471, 33.7543924 ], [ -84.376566100000019, 33.7543922 ], [ -84.376566102685885, 33.7543922 ], [ -84.3766067, 33.7543922 ], [ -84.376655499916453, 33.754392299999829 ], [ -84.3766555, 33.7543923 ], [ -84.3772031, 33.7543933 ], [ -84.3772466, 33.7543928 ] ], [ [ -84.367851899932887, 33.754285700000246 ], [ -84.367498, 33.754287 ], [ -84.367347711158104, 33.75428749963045 ], [ -84.3673476, 33.7542875 ], [ -84.3668893, 33.7542896 ], [ -84.365892800000012, 33.7542997 ], [ -84.3655932, 33.7543163 ], [ -84.3653948, 33.7543393 ], [ -84.365290597865069, 33.754355553538751 ], [ -84.3652903, 33.7543556 ], [ -84.3652612, 33.7543623 ], [ -84.364698900735675, 33.754486733448999 ], [ -84.3646986, 33.7544868 ], [ -84.364212898885796, 33.754598454279609 ], [ -84.3642127, 33.7545985 ], [ -84.3641365, 33.754618 ] ], [ [ -84.363033107441382, 33.754865498317493 ], [ -84.363689, 33.7547172 ], [ -84.363689096616682, 33.754717178162316 ], [ -84.3640894, 33.7546267 ], [ -84.364089550090867, 33.75462667227621 ], [ -84.3641365, 33.754618 ] ], [ [ -84.363870700000021, 33.7535152 ], [ -84.3638799, 33.7535483 ], [ -84.363885769057632, 33.753570483048293 ], [ -84.3638858, 33.7535706 ], [ -84.3639525, 33.7538249 ], [ -84.3641143, 33.7545485 ], [ -84.364114426943885, 33.754548897414409 ], [ -84.3641365, 33.754618 ] ], [ [ -84.3570751, 33.7525848 ], [ -84.3575194, 33.7525958 ], [ -84.357584504071738, 33.752596847466499 ], [ -84.3576002, 33.75259710000001 ], [ -84.358196415003945, 33.752607118831698 ], [ -84.358231, 33.7526077 ], [ -84.358957713447893, 33.752619830410509 ], [ -84.3590158, 33.7526208 ], [ -84.3600319, 33.7526377 ], [ -84.360046667469447, 33.752638477966407 ], [ -84.3601382, 33.7526433 ], [ -84.3606448, 33.75267 ], [ -84.3610914, 33.752700099999984 ], [ -84.3612939, 33.7527035 ], [ -84.3614817, 33.7526879 ], [ -84.3616989, 33.7526444 ], [ -84.362116563790494, 33.752541886593754 ], [ -84.3622587, 33.752507 ], [ -84.362998748507081, 33.752329971047743 ], [ -84.363113239988223, 33.752302583239029 ], [ -84.3631579, 33.7522919 ], [ -84.363269, 33.7523327 ], [ -84.3635043, 33.7528551 ], [ -84.3637819, 33.7534735 ], [ -84.363870268140658, 33.753514997201172 ] ] ] } },
{ "type": "Feature", "properties": { "corridor_id": 3, "corridor_name": "Fairburn Road Southwest - Utoy Springs Road Southwest", "street_names": "Fairburn Road Southwest; Landings North Drive; Utoy Springs Road Southwest", "n_edges": 72, "length_m": 6744.9351680784403, "length_km": 6.74493516807844, "mean_score": 53.132572992237726, "total_score": 3805.844266786426, "pair_count_max": 132, "neighborhood_span": 36, "climb_saved_m": 2649.5224144950184, "mean_abs_grade": 0.014757501514419478, "max_grade": 0.085316660082920645, "elev_min_m": 262.97589111328125, "elev_max_m": 299.78912353515625, "elev_range_m": 36.813232421875, "gain_per_km": 11.764804592019233, "low_stress_share": 0.027971238936199377, "mode": "bike", "n_pieces": 4, "neighborhoods": "Ben Hill; Ben Hill Acres; Briar Glen; Cascade Green; Deerwood; Fairburn Tell; Heritage Valley; Kings Forest; Mt. Gilead Woods; Old Fairburn Village; Princeton Lakes", "end_a_lon": -84.507683, "end_a_lat": 33.720726, "end_b_lon": -84.520793, "end_b_lat": 33.665642, "corridor_uid": "bike-90" }, "geometry": { "type": "MultiLineString", "coordinates": [ [ [ -84.507683097571828, 33.720725507802001 ], [ -84.5077346, 33.7204837 ], [ -84.5078464, 33.7203384 ], [ -84.5079782, 33.7202402 ], [ -84.5078544, 33.7198102 ], [ -84.5078606, 33.7197013 ], [ -84.507881, 33.719345 ], [ -84.5078925, 33.7192562 ], [ -84.507901826701982, 33.719183471568506 ], [ -84.5079019, 33.7191829 ], [ -84.5079323, 33.7189471 ], [ -84.507957, 33.718755 ], [ -84.5079698, 33.7186743 ], [ -84.5080688, 33.718052099999987 ], [ -84.508068803126349, 33.718052080352358 ], [ -84.5080811, 33.7179748 ], [ -84.5080927, 33.7178918 ], [ -84.508249, 33.716772 ], [ -84.508251, 33.716592 ], [ -84.508232, 33.716439 ], [ -84.508194, 33.716288 ], [ -84.508136, 33.71614 ], [ -84.508048, 33.715978 ], [ -84.507185, 33.714628 ], [ -84.5071628, 33.7145992 ], [ -84.5069896, 33.714384 ], [ -84.506346, 33.713619 ], [ -84.506209, 33.713421 ], [ -84.50611, 33.713207 ], [ -84.506057, 33.713008 ], [ -84.506038, 33.71283 ], [ -84.5060399, 33.7125301 ] ], [ [ -84.50604, 33.71252 ], [ -84.5060407, 33.7121572 ], [ -84.506040715693274, 33.712149267423989 ], [ -84.5060428, 33.7110957 ], [ -84.506042848470045, 33.711064557993893 ], [ -84.506043, 33.7109672 ], [ -84.506043081679834, 33.710933248414349 ], [ -84.5060433, 33.7108425 ], [ -84.506043366600977, 33.710805821889558 ], [ -84.506044, 33.710457 ], [ -84.5060517, 33.7103636 ], [ -84.506055534207036, 33.710316697839524 ], [ -84.506056, 33.710311 ], [ -84.5060613, 33.710286600000011 ], [ -84.506071592391976, 33.710239173383307 ], [ -84.506084, 33.710182 ], [ -84.506194, 33.709901 ], [ -84.506286, 33.70974 ], [ -84.506828, 33.7091 ], [ -84.507034, 33.708826 ], [ -84.507116, 33.708646 ], [ -84.507124482132596, 33.70859038419875 ], [ -84.5071248, 33.7085883 ], [ -84.507149, 33.708462 ], [ -84.507147, 33.708167 ], [ -84.5071318, 33.7080687 ], [ -84.50713152886577, 33.708066953514297 ], [ -84.507055, 33.707574 ], [ -84.50685, 33.706589 ], [ -84.506754, 33.706227 ], [ -84.50656, 33.705673 ], [ -84.506451, 33.705138 ], [ -84.506193, 33.703968 ], [ -84.506174408595271, 33.703838655521146 ], [ -84.5061743, 33.7038379 ], [ -84.506138, 33.703586 ], [ -84.506126, 33.703329 ], [ -84.5061288, 33.7029662 ], [ -84.506128803323676, 33.702965712526698 ], [ -84.5061291, 33.70292220000001 ], [ -84.506129104020104, 33.702921672026164 ], [ -84.50613, 33.702804 ], [ -84.506221, 33.702017 ], [ -84.506243, 33.701604 ], [ -84.506283, 33.701303 ], [ -84.506355, 33.701005 ], [ -84.506531, 33.70048 ], [ -84.506594, 33.700325 ], [ -84.506685, 33.7001 ], [ -84.506745, 33.6999628 ], [ -84.506746958984593, 33.69995832058985 ], [ -84.506842, 33.699741 ], [ -84.507037, 33.699444 ], [ -84.507223, 33.699232 ], [ -84.507446, 33.699053 ], [ -84.508398592980114, 33.69847930422771 ], [ -84.5083986, 33.6984793 ], [ -84.508839, 33.698214 ], [ -84.50903, 33.698091 ], [ -84.509101452492189, 33.698038058019222 ], [ -84.5091045, 33.6980358 ], [ -84.509439, 33.697788 ], [ -84.509591454236599, 33.697663140175919 ], [ -84.5095948, 33.6976604 ], [ -84.510266, 33.697111 ], [ -84.510332, 33.697037 ], [ -84.510364, 33.696952 ], [ -84.510839, 33.693646 ], [ -84.5108878, 33.6933989 ], [ -84.510888092577716, 33.693397415894005 ], [ -84.510914, 33.693266 ], [ -84.510982, 33.6929686 ], [ -84.510982219057084, 33.692967645343792 ] ], [ [ -84.51153517611435, 33.689321329841761 ], [ -84.5115589, 33.6888631 ], [ -84.511559006202063, 33.688861034682041 ], [ -84.5115674, 33.6886978 ], [ -84.511567518676827, 33.688695519866542 ], [ -84.5115782, 33.6884903 ], [ -84.511578329926181, 33.688487752003297 ], [ -84.51158, 33.688455 ], [ -84.5116014, 33.688302899999982 ], [ -84.511601735280138, 33.688300515609534 ], [ -84.5117071, 33.6875512 ], [ -84.511707304720503, 33.687549741117948 ], [ -84.5117277, 33.6874044 ], [ -84.51172788025228, 33.687403120242053 ], [ -84.5117818, 33.6870203 ], [ -84.511781912910322, 33.687019496836122 ], [ -84.5118736, 33.686367299999986 ], [ -84.5119959, 33.685464 ], [ -84.5121065, 33.6847336 ], [ -84.512155, 33.684336 ], [ -84.5122274, 33.6840928 ], [ -84.512229730352971, 33.684084945847388 ], [ -84.512249, 33.68402 ], [ -84.51229, 33.683938 ], [ -84.512401, 33.683713 ], [ -84.512511, 33.683549 ], [ -84.512692, 33.683318 ], [ -84.512848, 33.683154 ], [ -84.512895, 33.6831128 ], [ -84.512904827493898, 33.683104183319699 ], [ -84.513132, 33.682905 ], [ -84.5132262, 33.6828296 ], [ -84.513231739151692, 33.682825168678654 ], [ -84.5132737, 33.6827916 ], [ -84.51327831239351, 33.682787909477454 ], [ -84.514488, 33.68182 ], [ -84.514838735521039, 33.681516821837732 ], [ -84.514842, 33.681514 ], [ -84.5148594, 33.6814949 ], [ -84.514970256102501, 33.681364820794201 ], [ -84.514988, 33.681344 ], [ -84.515091, 33.681216 ], [ -84.515415, 33.680669 ], [ -84.515635, 33.680433 ], [ -84.5158639, 33.6802396 ], [ -84.5158865, 33.6802178 ], [ -84.516581, 33.679657 ], [ -84.517968, 33.678572 ], [ -84.518191, 33.67837 ], [ -84.518298, 33.678244 ], [ -84.518382, 33.678111 ], [ -84.518484, 33.677905 ], [ -84.518518, 33.677791 ], [ -84.518554, 33.677586 ], [ -84.51856, 33.677421 ], [ -84.518547, 33.677283 ], [ -84.5185, 33.677072 ], [ -84.518487, 33.677042 ], [ -84.5183573, 33.6768272 ], [ -84.518346872551831, 33.676813051280902 ], [ -84.518278, 33.6767196 ], [ -84.518179, 33.676615 ], [ -84.5181165, 33.6765265 ], [ -84.5179945, 33.6764049 ], [ -84.517959, 33.6763827 ], [ -84.517924706130344, 33.676361271935029 ], [ -84.517806, 33.6762871 ], [ -84.5175766, 33.6761716 ], [ -84.5171861, 33.6760439 ], [ -84.5168881, 33.675914 ], [ -84.515655, 33.675613 ], [ -84.51536, 33.67553 ] ], [ [ -84.5207935, 33.6656419 ], [ -84.5204155, 33.6645522 ], [ -84.519983722895432, 33.664649514534652 ], [ -84.5199829, 33.6646497 ], [ -84.519689, 33.664716 ], [ -84.519329, 33.66481 ], [ -84.5192188, 33.6648457 ], [ -84.518928, 33.66494 ], [ -84.518453312038218, 33.665120408473221 ], [ -84.5184015, 33.6651401 ], [ -84.518315, 33.665173 ], [ -84.517755310320084, 33.665403651693218 ], [ -84.5176608, 33.6654426 ], [ -84.517325, 33.665581 ], [ -84.51698, 33.665743 ], [ -84.516922, 33.665782 ], [ -84.516585, 33.6661 ], [ -84.516484, 33.666233 ], [ -84.516392, 33.666394 ], [ -84.516294, 33.666648 ], [ -84.516043, 33.667603 ], [ -84.516012226668693, 33.66775274522827 ], [ -84.516009400000016, 33.6677665 ], [ -84.515985, 33.667885 ], [ -84.5159736, 33.6679277 ], [ -84.5159502, 33.6680154 ], [ -84.515949834921983, 33.668016769477227 ], [ -84.5158662, 33.6683305 ], [ -84.515864521366694, 33.668336794874932 ], [ -84.515777, 33.668665 ], [ -84.515562, 33.66933 ], [ -84.5154605, 33.6695818 ], [ -84.515450726955052, 33.669600249736973 ], [ -84.515284, 33.669915 ], [ -84.51502, 33.6703223 ], [ -84.5148216, 33.6706284 ], [ -84.514716749525363, 33.67079021343968 ], [ -84.514713, 33.670796 ], [ -84.514643, 33.670904 ], [ -84.514552, 33.671106 ], [ -84.514355, 33.671675 ], [ -84.514341370741406, 33.671735548372929 ], [ -84.5143376, 33.6717523 ], [ -84.51429, 33.671963 ], [ -84.514268, 33.672238 ], [ -84.514303, 33.673144 ], [ -84.51433, 33.673446 ], [ -84.514432, 33.674229 ] ] ] } },
{ "type": "Feature", "properties": { "corridor_id": 4, "corridor_name": "Howell Mill Road Northwest - Huff Road Northwest", "street_names": "Howell Mill Road Northwest; Huff Road Northwest", "n_edges": 74, "length_m": 2857.642102299309, "length_km": 2.8576421022993093, "mean_score": 50.652113709545425, "total_score": 3646.4614153524853, "pair_count_max": 228, "neighborhood_span": 36, "climb_saved_m": 1845.8900818902885, "mean_abs_grade": 0.011687453582577648, "max_grade": 0.040535824499517301, "elev_min_m": 284.20169067382812, "elev_max_m": 302.57452392578125, "elev_range_m": 18.372833251953125, "gain_per_km": 5.7658854987283297, "low_stress_share": 0.18060021132077247, "mode": "bike", "n_pieces": 2, "neighborhoods": "Berkeley Park; Blandtown; Channing Valley; Marietta Street Artery; Underwood Hills; Wildwood (NPU-C)", "end_a_lon": -84.411918, "end_a_lat": 33.784112, "end_b_lon": -84.412747, "end_b_lat": 33.807268, "corridor_uid": "bike-91" }, "geometry": { "type": "MultiLineString", "coordinates": [ [ [ -84.4118299, 33.7877787 ], [ -84.411977, 33.789914 ], [ -84.412001, 33.7901243 ], [ -84.412001122319822, 33.790125366757586 ], [ -84.41202, 33.79029 ], [ -84.412031400000018, 33.7903352 ], [ -84.412031545325533, 33.790335776614192 ], [ -84.41205, 33.790409 ], [ -84.412123, 33.790554 ], [ -84.412489, 33.791072 ], [ -84.413037897288064, 33.791749209643008 ], [ -84.4130387, 33.7917502 ], [ -84.413243924949512, 33.792003347000787 ], [ -84.4132464, 33.7920064 ] ], [ [ -84.4132464, 33.7920064 ], [ -84.413439, 33.792244 ], [ -84.413721, 33.792611 ], [ -84.413943240814945, 33.792928781757944 ], [ -84.4139471, 33.7929343 ], [ -84.413998, 33.793007 ], [ -84.41402135310463, 33.793045803447626 ], [ -84.4140243, 33.7930507 ], [ -84.414082, 33.7931464 ], [ -84.4142551, 33.7934279 ], [ -84.414585784102229, 33.79394519297513 ], [ -84.4145863, 33.793946 ], [ -84.414680436509599, 33.794093262071456 ], [ -84.4146811, 33.7940943 ], [ -84.414825107463656, 33.794319504218507 ], [ -84.414826, 33.7943209 ], [ -84.414835, 33.794335 ], [ -84.414945181253046, 33.794515224339953 ], [ -84.4149459, 33.7945164 ], [ -84.415005561167916, 33.794613856468331 ], [ -84.4150062, 33.7946149 ], [ -84.4151483, 33.7948472 ], [ -84.415384900000021, 33.7952159 ], [ -84.415472, 33.795377 ], [ -84.415618674313819, 33.795631394473837 ], [ -84.4156196, 33.795633 ], [ -84.415701, 33.795774 ], [ -84.4157140228793, 33.795801421414872 ], [ -84.4157152, 33.7958039 ], [ -84.415740333564301, 33.795856757228748 ], [ -84.4157414, 33.795859 ], [ -84.415786, 33.795953 ], [ -84.4157934, 33.7959708 ], [ -84.415861, 33.796134 ], [ -84.4159134, 33.7962906 ], [ -84.415943, 33.796379 ], [ -84.415987156093209, 33.796543065303467 ], [ -84.4159873, 33.7965436 ], [ -84.4160091, 33.7966244 ], [ -84.416068, 33.796843 ], [ -84.416128, 33.797106 ], [ -84.416142780142906, 33.797230532690484 ], [ -84.4161428, 33.7972307 ], [ -84.416145, 33.797249 ], [ -84.416151, 33.797397 ], [ -84.416146605004599, 33.797477608211118 ], [ -84.4161466, 33.7974777 ], [ -84.416144, 33.797526 ], [ -84.416142804063924, 33.797546729558626 ], [ -84.4161428, 33.7975468 ], [ -84.4161286, 33.7977974 ], [ -84.416123, 33.797896 ], [ -84.416118800057433, 33.797959799127689 ], [ -84.4161188, 33.7979598 ], [ -84.416102, 33.7982185 ], [ -84.416101999991625, 33.798218500128257 ], [ -84.416082900043051, 33.798511099340558 ], [ -84.4160829, 33.7985111 ], [ -84.416069, 33.798725 ], [ -84.4160659, 33.7987907 ], [ -84.416065899709707, 33.798790706131861 ], [ -84.4160594, 33.798928 ], [ -84.416059399117884, 33.798928018639259 ], [ -84.4160525, 33.7990738 ], [ -84.4160493, 33.7991404 ], [ -84.416049298221452, 33.799140437349436 ], [ -84.4160451, 33.7992286 ], [ -84.416045097282819, 33.799228645006565 ], [ -84.4160286, 33.7995019 ], [ -84.416028599274796, 33.799501912090477 ], [ -84.4160222, 33.7996086 ], [ -84.4160178, 33.7996964 ], [ -84.416017799982285, 33.799696400351166 ], [ -84.4160049, 33.799952 ], [ -84.4160019, 33.8000014 ], [ -84.4159931, 33.8001432 ], [ -84.4159901, 33.8001918 ], [ -84.4159873, 33.8002451 ], [ -84.415987289783601, 33.800245294882956 ] ], [ [ -84.411954282618709, 33.787778938226054 ], [ -84.4119492, 33.7878486 ], [ -84.4119456, 33.7878797 ], [ -84.4119747, 33.7879254 ], [ -84.4119781, 33.7879298 ], [ -84.4119781, 33.7879326 ], [ -84.4119755, 33.7879358 ], [ -84.4119709, 33.7879391 ], [ -84.4119615, 33.7879441 ], [ -84.4119548, 33.7879499 ], [ -84.4119456, 33.7879569 ], [ -84.4119397, 33.7879672 ], [ -84.4119367, 33.7879748 ], [ -84.4119347, 33.7880083 ], [ -84.4119375, 33.7881614 ], [ -84.4119717, 33.7885549 ], [ -84.4120081, 33.7891156 ], [ -84.4121007, 33.79022160000001 ], [ -84.4121155, 33.790324 ], [ -84.4121233, 33.790357 ], [ -84.4121357, 33.7903881 ], [ -84.412142242444432, 33.79040537364903 ], [ -84.4121521, 33.7904314 ], [ -84.4121746, 33.7904773 ], [ -84.4122406, 33.7905773 ], [ -84.412315, 33.7906853 ], [ -84.4124091, 33.7908317 ], [ -84.4125101, 33.790971 ], [ -84.4125655, 33.7910431 ], [ -84.412629, 33.7911226 ], [ -84.4128638, 33.7914216 ], [ -84.4130282, 33.791614 ], [ -84.4133177, 33.7919686 ], [ -84.413347045022149, 33.792003510457384 ] ], [ [ -84.4132464, 33.7920064 ], [ -84.413315380209653, 33.791969829846764 ] ], [ [ -84.4118299, 33.7877787 ], [ -84.41195429999469, 33.7877787 ] ], [ [ -84.411918099548714, 33.784111962429186 ], [ -84.4119179, 33.784228 ], [ -84.4118993, 33.784378 ], [ -84.411899187244614, 33.784378656412379 ], [ -84.4118455, 33.7846912 ], [ -84.411845470654953, 33.784691370791251 ], [ -84.4118266, 33.7848012 ], [ -84.4118067, 33.784917199999988 ], [ -84.411806699844092, 33.78491720091062 ], [ -84.411786, 33.7850381 ], [ -84.411785999336288, 33.78503810386281 ], [ -84.411781, 33.7850672 ], [ -84.411750900000015, 33.7852423 ], [ -84.4117288, 33.785371 ], [ -84.411728799658107, 33.785371001992374 ], [ -84.4116842, 33.7856309 ], [ -84.411684199520479, 33.785630903356655 ], [ -84.4116803, 33.7856582 ], [ -84.411680293065146, 33.785658239142194 ], [ -84.411655, 33.785801 ], [ -84.4116529, 33.785843 ], [ -84.411652902090594, 33.785843042086825 ], [ -84.4116757, 33.786302 ], [ -84.41170510000002, 33.7866978 ], [ -84.4117098, 33.7867391 ], [ -84.411709886361493, 33.786739793824964 ], [ -84.4117363, 33.786952 ], [ -84.4117556, 33.7870889 ], [ -84.411755639576583, 33.787089177439874 ], [ -84.4117752, 33.7872263 ], [ -84.4118234, 33.7877124 ], [ -84.411823400415784, 33.787712404240793 ], [ -84.4118299, 33.7877787 ] ], [ [ -84.414238482620007, 33.803509920787334 ], [ -84.413890593591077, 33.804079546755979 ], [ -84.4138905, 33.80407970000001 ], [ -84.4137398, 33.804428699999988 ], [ -84.413614, 33.8047201 ], [ -84.4135024, 33.804798599999984 ], [ -84.413498000011771, 33.804807899975124 ], [ -84.413498, 33.8048079 ], [ -84.4134646, 33.804878499999987 ], [ -84.4131621, 33.8056016 ], [ -84.413105727773498, 33.805724839282412 ], [ -84.4131057, 33.8057249 ], [ -84.4130748, 33.8057923 ], [ -84.4130437, 33.8058633 ], [ -84.413006812354055, 33.805947797300952 ], [ -84.4130062, 33.8059492 ], [ -84.4129888, 33.805989 ], [ -84.412947, 33.806109 ], [ -84.412925093861205, 33.806179480620486 ], [ -84.412924, 33.806183 ], [ -84.412896, 33.80632 ], [ -84.412885669570684, 33.806385904312997 ], [ -84.4128852, 33.8063889 ], [ -84.412861354947012, 33.806540838312863 ], [ -84.412861, 33.8065431 ], [ -84.412853214152904, 33.806592987094369 ], [ -84.4128529, 33.806595 ], [ -84.412815333838921, 33.806835443359894 ], [ -84.4128152, 33.806836300000015 ], [ -84.412806492447871, 33.806891810644757 ], [ -84.4128064, 33.8068924 ], [ -84.412787, 33.8070161 ], [ -84.41278030571398, 33.807057964266306 ], [ -84.4127803, 33.807058 ], [ -84.412746535977689, 33.807267976257151 ] ] ] } },
{ "type": "Feature", "properties": { "corridor_id": 5, "corridor_name": "Peters Street Southwest - West Whitehall Street Southwest - McDaniel Street Southwest - Poole Place Southwest", "street_names": "Lee Street Southwest; McDaniel Street Southwest; Peters Street Southwest; Poole Place Southwest; West Whitehall Street Southwest", "n_edges": 54, "length_m": 2301.7459676161802, "length_km": 2.3017459676161804, "mean_score": 46.7588676722998, "total_score": 2524.9788543041891, "pair_count_max": 269, "neighborhood_span": 36, "climb_saved_m": 1470.54102094168, "mean_abs_grade": 0.01130067856364507, "max_grade": 0.0429018968995932, "elev_min_m": 317.578857421875, "elev_max_m": 324.78463745117188, "elev_range_m": 7.205780029296875, "gain_per_km": 7.1936226145978317, "low_stress_share": 0.0073881902898508744, "mode": "bike", "n_pieces": 1, "neighborhoods": "Adair Park; Atlanta University Center; Castleberry Hill; Mechanicsville; Pittsburgh; The Villages at Castleberry Hill; West End", "end_a_lon": -84.414078, "end_a_lat": 33.738323, "end_b_lon": -84.397264, "end_b_lat": 33.750537, "corridor_uid": "bike-92" }, "geometry": { "type": "MultiLineString", "coordinates": [ [ [ -84.412898200000015, 33.7390471 ], [ -84.4128985, 33.7390084 ], [ -84.412898878805095, 33.739004260417879 ], [ -84.412911, 33.7388718 ], [ -84.4131611, 33.7388685 ], [ -84.4133603, 33.738857899999985 ], [ -84.4133938, 33.7386939 ], [ -84.4134126, 33.7386521 ], [ -84.4134461, 33.7386315 ], [ -84.4136446, 33.7386364 ], [ -84.413664123645489, 33.738636879675774 ], [ -84.4138766, 33.7386421 ], [ -84.413885735256073, 33.738642120376035 ], [ -84.4140111, 33.7386424 ], [ -84.41401419445522, 33.738642408982457 ], [ -84.41408, 33.7386426 ] ], [ [ -84.414078499999547, 33.738323399914876 ], [ -84.4140785, 33.7383234 ], [ -84.414079999999771, 33.738642599953053 ] ], [ [ -84.404733, 33.744729 ], [ -84.4048234, 33.744647700000016 ], [ -84.404828108349037, 33.744643403769338 ], [ -84.405165, 33.744336 ], [ -84.405295, 33.744246 ], [ -84.405443, 33.744169 ], [ -84.40558, 33.744117 ], [ -84.407545, 33.743481 ], [ -84.4081624, 33.7432884 ], [ -84.4084371, 33.7431957 ], [ -84.408831, 33.743063 ], [ -84.409142, 33.742947 ], [ -84.4092004, 33.7429218 ], [ -84.409485, 33.742799 ], [ -84.4096401, 33.7427212 ], [ -84.409740853705742, 33.742670724562288 ], [ -84.4097423, 33.74267 ], [ -84.409836, 33.742623 ], [ -84.410196, 33.742414 ], [ -84.410270567462035, 33.742361516334022 ], [ -84.4102767, 33.7423572 ], [ -84.410538, 33.742184 ], [ -84.410828, 33.74196 ], [ -84.411214, 33.741628 ], [ -84.411511, 33.741361 ], [ -84.411679, 33.741178 ], [ -84.411706, 33.741147 ], [ -84.411832, 33.740975 ], [ -84.412022459051713, 33.740676415757477 ], [ -84.412024, 33.740674 ], [ -84.4121, 33.740555 ], [ -84.412120930312454, 33.740516298667536 ], [ -84.4121212, 33.740515799999983 ], [ -84.412305, 33.740176 ], [ -84.412402814674692, 33.739958060331361 ], [ -84.4124054, 33.7399523 ], [ -84.412434312494469, 33.739887795858841 ], [ -84.412437, 33.7398818 ], [ -84.412471, 33.739806 ], [ -84.412504, 33.739715 ], [ -84.412608, 33.739428 ], [ -84.412716, 33.739033 ], [ -84.412813, 33.7390443 ], [ -84.412813256962821, 33.739044308444782 ], [ -84.412898200000015, 33.7390471 ], [ -84.412898454866237, 33.73904710362369 ] ], [ [ -84.39726424728336, 33.750536768795328 ], [ -84.3972691, 33.7505351 ], [ -84.398306, 33.7501805 ], [ -84.3984618, 33.7501175 ], [ -84.3985912, 33.7500536 ], [ -84.398713, 33.749971 ], [ -84.3989271, 33.7498127 ], [ -84.399418649853544, 33.749417774579371 ], [ -84.3994287, 33.7494097 ], [ -84.399773, 33.749133 ], [ -84.400092172054357, 33.748877922333754 ], [ -84.4000922, 33.748877899999989 ], [ -84.4004734, 33.7485727 ], [ -84.400569630157491, 33.748492093559904 ], [ -84.4005701, 33.7484917 ], [ -84.400792, 33.748303 ], [ -84.400852481719269, 33.748245774229723 ], [ -84.4008533, 33.748245 ], [ -84.401102567019251, 33.748017521356928 ], [ -84.4011027, 33.7480174 ], [ -84.401148, 33.747976 ], [ -84.401212774586909, 33.747915823609063 ], [ -84.4012128, 33.7479158 ], [ -84.40165884592983, 33.747500943296998 ], [ -84.401659, 33.7475008 ], [ -84.40183, 33.747338 ], [ -84.4019819, 33.747197199999988 ], [ -84.401981968912523, 33.747197136077325 ], [ -84.4021131, 33.7470755 ], [ -84.4021474, 33.7470437 ], [ -84.402147643108222, 33.747043474390566 ], [ -84.4022252, 33.7469715 ], [ -84.402226001797118, 33.746970756166284 ], [ -84.402672, 33.746557 ], [ -84.4028003, 33.746453 ], [ -84.402803901116684, 33.746450074092685 ], [ -84.4029203, 33.7463555 ], [ -84.402923338034114, 33.746353035289509 ], [ -84.403234, 33.746101 ], [ -84.4033707, 33.7459923 ], [ -84.403371318772827, 33.745991784146774 ], [ -84.4034693, 33.7459101 ], [ -84.403469678364104, 33.745909783089942 ], [ -84.4035949, 33.7458049 ], [ -84.4036515, 33.7457576 ], [ -84.4038024, 33.7456159 ], [ -84.403936269919029, 33.745482529968641 ], [ -84.4039363, 33.7454825 ], [ -84.404131546683502, 33.745287753180001 ], [ -84.4041316, 33.7452877 ], [ -84.404182279075442, 33.745236721048371 ], [ -84.4041823, 33.7452367 ], [ -84.404211300000014, 33.7452075 ], [ -84.4046531, 33.7448019 ], [ -84.404653137532492, 33.744801865755718 ], [ -84.404733, 33.744729 ] ], [ [ -84.404733, 33.744729 ], [ -84.404661435979094, 33.744645100730615 ], [ -84.4046599, 33.744643299999986 ], [ -84.4046046, 33.744582 ], [ -84.4044153, 33.7443416 ], [ -84.404403801335121, 33.744322816466685 ], [ -84.4043992, 33.7443153 ], [ -84.404382326907779, 33.744287782667364 ], [ -84.4043778, 33.7442804 ], [ -84.404362206109369, 33.744252932588573 ], [ -84.4043581, 33.7442457 ], [ -84.404334212791809, 33.7442065113773 ], [ -84.40433, 33.7441996 ], [ -84.4042133, 33.743995 ], [ -84.404098576242873, 33.743794036980233 ] ] ] } },
{ "type": "Feature", "properties": { "corridor_id": 6, "corridor_name": "Marietta Street Northwest - Brady Avenue Northwest - Marietta Street", "street_names": "Brady Avenue Northwest; Marietta Street; Marietta Street Northwest", "n_edges": 43, "length_m": 1489.7662462173862, "length_km": 1.4897662462173862, "mean_score": 51.644419303138534, "total_score": 2220.7100300349571, "pair_count_max": 232, "neighborhood_span": 36, "climb_saved_m": 1021.5898202724541, "mean_abs_grade": 0.014715816208697434, "max_grade": 0.050981013713195536, "elev_min_m": 296.42559814453125, "elev_max_m": 307.61123657226562, "elev_range_m": 11.185638427734375, "gain_per_km": 3.6335545837480101, "low_stress_share": 0.39578592148818725, "mode": "bike", "n_pieces": 1, "neighborhoods": "Marietta Street Artery", "end_a_lon": -84.405433, "end_a_lat": 33.773952, "end_b_lon": -84.412149, "end_b_lat": 33.784004, "corridor_uid": "bike-93" }, "geometry": { "type": "LineString", "coordinates": [ [ -84.405432798406707, 33.773951613689981 ], [ -84.4054419, 33.773956 ], [ -84.405527, 33.773997 ], [ -84.405642, 33.774066 ], [ -84.405738, 33.774123 ], [ -84.4059589, 33.7742889 ], [ -84.4060444, 33.7743678 ], [ -84.406101, 33.77442 ], [ -84.406163645194027, 33.774488999064744 ], [ -84.4061641, 33.7744895 ], [ -84.406219, 33.77455 ], [ -84.406348, 33.774712 ], [ -84.406436, 33.774849 ], [ -84.406523192404364, 33.775010144117395 ], [ -84.4065249, 33.7750133 ], [ -84.406618924367152, 33.775187012737199 ], [ -84.40662, 33.775189 ], [ -84.4066552, 33.7752538 ], [ -84.406703656010549, 33.775342800835674 ], [ -84.4067042, 33.7753438 ], [ -84.4068034, 33.7755236 ], [ -84.4069221, 33.775745 ], [ -84.406922542452975, 33.775745717561321 ], [ -84.4070075, 33.7758835 ], [ -84.407153398860729, 33.776036988397614 ], [ -84.4071536, 33.7760372 ], [ -84.4072405, 33.7761325 ], [ -84.4073838, 33.7762896 ], [ -84.407383866813916, 33.776289673315326 ], [ -84.4075657, 33.7764892 ], [ -84.407565866891602, 33.776489381399763 ], [ -84.4077417, 33.7766805 ], [ -84.40774181710718, 33.776680627301573 ], [ -84.4081518, 33.7771263 ], [ -84.408151804521879, 33.777126304916223 ], [ -84.408169, 33.777145 ], [ -84.40824217829902, 33.777222377053874 ], [ -84.4082422, 33.7772224 ], [ -84.408306, 33.77729 ], [ -84.408940717795431, 33.777956788378205 ], [ -84.4089413, 33.7779574 ], [ -84.4094059565099, 33.778454439540489 ], [ -84.4094062, 33.7784547 ], [ -84.409504621073026, 33.778559908733243 ], [ -84.4095048, 33.7785601 ], [ -84.4097511, 33.7788236 ], [ -84.4098683, 33.7788845 ], [ -84.4099372, 33.7789219 ], [ -84.4099907, 33.7789494 ], [ -84.4100685, 33.7789855 ], [ -84.410071537481159, 33.778986744701385 ], [ -84.4103057, 33.779082699999982 ], [ -84.410307902993921, 33.77908359880081 ], [ -84.4107312, 33.7792563 ], [ -84.410731809917024, 33.779256548949924 ], [ -84.4110274, 33.7793772 ], [ -84.41118236875981, 33.779446352189652 ], [ -84.4111827, 33.7794465 ], [ -84.4116465, 33.7796535 ], [ -84.411646635732836, 33.77965356043579 ], [ -84.4116602, 33.7796596 ], [ -84.4118719, 33.7797512 ], [ -84.411975, 33.77989860000001 ], [ -84.411976766621009, 33.779900659746332 ], [ -84.4120648, 33.7800033 ], [ -84.412066506259279, 33.780005172180736 ], [ -84.4124021, 33.7803734 ], [ -84.4126115, 33.7806055 ], [ -84.4131402, 33.7811883 ], [ -84.413157466214031, 33.781207347034311 ], [ -84.4131625, 33.7812129 ], [ -84.413432793449928, 33.781511101004689 ], [ -84.4134395, 33.7815185 ], [ -84.413457216928904, 33.781546251295708 ], [ -84.4134621, 33.7815539 ], [ -84.413477771099281, 33.781578537151105 ], [ -84.4134822, 33.7815855 ], [ -84.413518950753911, 33.781643225129599 ], [ -84.4135225, 33.781648799999985 ], [ -84.413563782655956, 33.7817676500676 ], [ -84.4135638, 33.7817677 ], [ -84.413577, 33.7818057 ], [ -84.4135964, 33.7819724 ], [ -84.413597945359129, 33.7819856801718 ], [ -84.413615100000015, 33.7821331 ], [ -84.413632800000016, 33.7823192 ], [ -84.4136427, 33.7824336 ], [ -84.413646620757433, 33.782478329767976 ], [ -84.4136498, 33.7825146 ], [ -84.413654146420711, 33.782564877515227 ], [ -84.4136572, 33.7826002 ], [ -84.4136582, 33.7826196 ], [ -84.413661325635132, 33.782677207191988 ], [ -84.4136654, 33.7827523 ], [ -84.413655, 33.7828151 ], [ -84.413643409075362, 33.782885193150598 ], [ -84.4136423, 33.7828919 ], [ -84.413608300000021, 33.7829949 ], [ -84.4135298, 33.7831315 ], [ -84.4133819, 33.7832914 ], [ -84.41330974395909, 33.783335887967397 ], [ -84.4131052, 33.783462 ], [ -84.4127464, 33.7836601 ], [ -84.412710633122884, 33.783680663109998 ], [ -84.4121491, 33.7840035 ] ] } },
{ "type": "Feature", "properties": { "corridor_id": 7, "corridor_name": "Atlanta Beltline Southeast Trail - Atlanta Beltline Southside Trail - Atlanta BeltLine Southside Trail - Glenwood Avenue Southeast", "street_names": "Atlanta BeltLine Southside Trail; Atlanta Beltline Southeast Trail; Atlanta Beltline Southside Trail; Bill Kennedy Way; Gibson Street Southeast; Glenwood Avenue Southeast; Woodward Avenue", "n_edges": 36, "length_m": 4365.8632617456769, "length_km": 4.3658632617456767, "mean_score": 50.439724576734534, "total_score": 1819.539077833816, "pair_count_max": 135, "neighborhood_span": 36, "climb_saved_m": 2271.5940112303488, "mean_abs_grade": 0.008629125955053352, "max_grade": 0.048925487922163148, "elev_min_m": 284.78131103515625, "elev_max_m": 314.22027587890625, "elev_range_m": 29.43896484375, "gain_per_km": 5.4386739603116512, "low_stress_share": 0.94211876466662803, "mode": "bike", "n_pieces": 2, "neighborhoods": "Boulevard Heights; Chosewood Park; Grant Park; Ormewood Park; Reynoldstown", "end_a_lon": -84.378304, "end_a_lat": 33.72433, "end_b_lon": -84.357079, "end_b_lat": 33.75246, "corridor_uid": "bike-94" }, "geometry": { "type": "MultiLineString", "coordinates": [ [ [ -84.3582129, 33.7397632 ], [ -84.3582279, 33.7397081 ], [ -84.358227968790217, 33.739707848360005 ], [ -84.3583715, 33.7391828 ], [ -84.358525, 33.7386713 ], [ -84.3587563, 33.737995 ], [ -84.3595568, 33.7356548 ], [ -84.359557078033248, 33.735653966482694 ], [ -84.3597, 33.7352255 ], [ -84.3597591, 33.7350504 ], [ -84.3599377, 33.7345474 ], [ -84.3601337, 33.7338928 ], [ -84.3601572, 33.7338262 ], [ -84.3602708, 33.7335187 ], [ -84.360499, 33.7329926 ], [ -84.36050504291893, 33.732978977070701 ], [ -84.360648, 33.7326567 ], [ -84.3607624, 33.732354 ], [ -84.3610076, 33.7318661 ], [ -84.3611732, 33.731509 ], [ -84.3611798, 33.7314947 ], [ -84.3612239, 33.7314135 ], [ -84.361250318124277, 33.73136487459044 ], [ -84.3614805, 33.7309412 ], [ -84.3617257, 33.7305237 ], [ -84.3619563, 33.7301911 ], [ -84.3621898, 33.7298658 ], [ -84.3623883, 33.7296279 ], [ -84.3626685, 33.7293075 ], [ -84.3628903, 33.7290793 ], [ -84.3631297, 33.728856 ], [ -84.3634332, 33.7285938 ], [ -84.363698, 33.7283487 ], [ -84.3638892, 33.7281954 ], [ -84.3639152, 33.7281724 ], [ -84.3640353, 33.7280967 ], [ -84.3647102, 33.7276767 ], [ -84.3651581, 33.7274201 ], [ -84.3656411, 33.7271879 ], [ -84.3660788, 33.7269944 ], [ -84.366499, 33.7268374 ], [ -84.3672178, 33.7265987 ], [ -84.368339300000017, 33.7262653 ], [ -84.3684212, 33.7262387 ], [ -84.368421409562927, 33.726238641459048 ], [ -84.3685132, 33.726213 ], [ -84.3702506, 33.7256762 ], [ -84.3706796, 33.7255437 ], [ -84.3733639, 33.7247258 ], [ -84.3740398, 33.7245293 ], [ -84.3747311, 33.7243807 ], [ -84.3749745, 33.7243519 ], [ -84.376737369258862, 33.724317616772247 ], [ -84.3767588, 33.7243172 ], [ -84.3771564, 33.7243095 ], [ -84.3774232, 33.7243085 ], [ -84.378304286993057, 33.724330147147136 ] ], [ [ -84.358119112348817, 33.744072406477926 ], [ -84.3582297, 33.7440747 ], [ -84.358237, 33.7453278 ], [ -84.358142800338669, 33.74532670000395 ] ], [ [ -84.358142795008135, 33.745326764137893 ], [ -84.3581395, 33.7453691 ], [ -84.3581372, 33.745408 ], [ -84.358137193358516, 33.745408111832887 ], [ -84.358118, 33.7457313 ], [ -84.3580863, 33.7460765 ], [ -84.3580376, 33.7464672 ], [ -84.358033, 33.746522 ] ], [ [ -84.3582129, 33.7397632 ], [ -84.358164601453609, 33.73984953728133 ], [ -84.358163, 33.7398524 ], [ -84.358140511148406, 33.74049977907481 ], [ -84.3581405, 33.7405001 ], [ -84.3581381, 33.7405703 ], [ -84.35813899999529, 33.740656499548869 ], [ -84.358139, 33.7406565 ], [ -84.358150699937227, 33.741783393954073 ], [ -84.3581507, 33.74178340000001 ], [ -84.358151499932333, 33.741859593554025 ], [ -84.3581515, 33.7418596 ], [ -84.358151999967347, 33.741949094154144 ], [ -84.358152, 33.7419491 ], [ -84.3581554, 33.742579 ], [ -84.358157, 33.7428313 ], [ -84.3581572, 33.7428612 ], [ -84.3581496, 33.7429308 ], [ -84.3581402, 33.743129699999983 ], [ -84.3581471, 33.743912699999989 ], [ -84.3581212, 33.743997 ], [ -84.358118800741948, 33.744072376690347 ] ], [ [ -84.3582129, 33.7397632 ], [ -84.3580842, 33.7397615 ], [ -84.358084197303867, 33.739761499964189 ], [ -84.357896, 33.739759 ], [ -84.357081, 33.7397539 ] ], [ [ -84.357078999989895, 33.752459600306501 ], [ -84.357079, 33.7524596 ], [ -84.3570922, 33.7520339 ], [ -84.3570997, 33.7517911 ], [ -84.3571402, 33.751425 ], [ -84.3571726, 33.7511511 ], [ -84.3572359, 33.7507971 ], [ -84.3573691, 33.7502721 ], [ -84.357369207224281, 33.750271676208769 ], [ -84.357377500000013, 33.7502389 ], [ -84.3573862, 33.7502065 ], [ -84.357386237668692, 33.750206358742368 ], [ -84.3573942, 33.7501765 ], [ -84.357552446051088, 33.749621739695925 ], [ -84.3575526, 33.7496212 ], [ -84.3575557, 33.7496103 ], [ -84.3576214, 33.7493759 ], [ -84.3576901, 33.749176799999987 ], [ -84.3577194, 33.7490881 ], [ -84.357793912304672, 33.748844798548909 ], [ -84.3577948, 33.7488419 ], [ -84.3578913, 33.7485181 ], [ -84.35792, 33.7483437 ], [ -84.3579221, 33.7482539 ], [ -84.3579137, 33.7481387 ], [ -84.3579164, 33.7480378 ], [ -84.3579467, 33.7479276 ], [ -84.357983, 33.7478364 ], [ -84.3580676, 33.7476813 ], [ -84.358075471593509, 33.747665786082685 ], [ -84.3580779, 33.747661 ], [ -84.358111300000019, 33.747595 ], [ -84.3581373, 33.7475015 ], [ -84.3582378, 33.7467125 ], [ -84.3582413, 33.7466629 ] ] ] } },
{ "type": "Feature", "properties": { "corridor_id": 8, "corridor_name": "Forrest Park Road Southeast - Jonesboro Road Southeast - South River Industrial Boulevard Southeast - Hargis Street Southeast", "street_names": "Eisenhower Circle Southeast; Forrest Park Road Southeast; Hargis Street Southeast; Jonesboro Road Southeast; Pine Forest Drive Southeast; South River Industrial Boulevard Southeast", "n_edges": 36, "length_m": 4497.6369416071429, "length_km": 4.4976369416071433, "mean_score": 51.648850203591429, "total_score": 1748.146307904939, "pair_count_max": 70, "neighborhood_span": 36, "climb_saved_m": 1267.9309773172372, "mean_abs_grade": 0.019659110462458607, "max_grade": 0.076408965152786848, "elev_min_m": 242.8663330078125, "elev_max_m": 289.43441772460938, "elev_range_m": 46.568084716796875, "gain_per_km": 13.218380634684451, "low_stress_share": 0.14912889425445669, "mode": "bike", "n_pieces": 3, "neighborhoods": "Browns Mill Park; Lakewood; Leila Valley; Rebel Valley Forest; South River Gardens", "end_a_lon": -84.366445, "end_a_lat": 33.692769, "end_b_lon": -84.357948, "end_b_lat": 33.659512, "corridor_uid": "bike-95" }, "geometry": { "type": "MultiLineString", "coordinates": [ [ [ -84.366444982560012, 33.69276853150803 ], [ -84.3664431, 33.6927664 ], [ -84.3661624, 33.6924485 ], [ -84.3661258, 33.6924054 ], [ -84.3657932, 33.6920297 ], [ -84.36579031311436, 33.692026438194148 ], [ -84.3657855, 33.692021 ], [ -84.3654567, 33.6916494 ], [ -84.364549211818215, 33.690621901943196 ], [ -84.3645387, 33.69061 ], [ -84.3644894, 33.6905541 ], [ -84.36442328062769, 33.690479244648436 ], [ -84.3644122, 33.6904667 ], [ -84.364378, 33.690428 ], [ -84.364222, 33.690198 ], [ -84.364118, 33.689944 ], [ -84.364076, 33.689721 ], [ -84.3640189, 33.6889404 ], [ -84.364004, 33.688736 ], [ -84.364013, 33.688449 ], [ -84.3640151, 33.6884291 ], [ -84.364045, 33.688151 ], [ -84.364095, 33.68788 ], [ -84.3642, 33.687452 ], [ -84.3641058, 33.687432 ], [ -84.360222, 33.687416 ], [ -84.3602227, 33.6873388 ], [ -84.360222700642652, 33.687338728141171 ], [ -84.3602281, 33.686735 ], [ -84.360228105736098, 33.686734365933603 ], [ -84.3602344, 33.6860386 ], [ -84.360234411507207, 33.686037317767912 ], [ -84.3602351, 33.6859606 ], [ -84.360235112365302, 33.685959245163801 ], [ -84.3602388, 33.6855552 ], [ -84.360238815630751, 33.685553467974835 ], [ -84.3602456, 33.6848017 ], [ -84.360245621847199, 33.684799266768316 ], [ -84.3602488, 33.6844453 ], [ -84.360248831292779, 33.684442535157274 ], [ -84.3602601, 33.6834469 ], [ -84.36026014197418, 33.683443213268831 ], [ -84.3602613, 33.6833415 ], [ -84.3602546, 33.6832734 ], [ -84.3602157, 33.6832254 ], [ -84.360154, 33.6831953 ], [ -84.3600467, 33.6831886 ], [ -84.3594452, 33.6832012 ], [ -84.359443257109106, 33.683201188245263 ], [ -84.3593295, 33.6832005 ], [ -84.359327702944384, 33.683200489281063 ], [ -84.3589439, 33.6831982 ], [ -84.358942589062579, 33.683198192150073 ], [ -84.3581757, 33.6831936 ], [ -84.358175357440899, 33.683193597982729 ], [ -84.357904, 33.683192 ], [ -84.3579323, 33.6811015 ], [ -84.357932618041914, 33.6810777145255 ], [ -84.357937, 33.68075 ], [ -84.358017, 33.679071 ], [ -84.3580211, 33.678824 ], [ -84.3580256, 33.678122 ], [ -84.358026121148498, 33.678064813975276 ] ], [ [ -84.358049917046301, 33.675444802309144 ], [ -84.35805, 33.675436 ], [ -84.358059, 33.674266 ], [ -84.358051, 33.674095 ], [ -84.357997, 33.673857 ], [ -84.357949, 33.673756 ], [ -84.357873, 33.673642 ], [ -84.357784, 33.673543 ], [ -84.357005, 33.672787 ], [ -84.356877, 33.672634 ], [ -84.356775, 33.672471 ], [ -84.356694, 33.672284 ], [ -84.356655, 33.672116 ], [ -84.356636, 33.671869 ], [ -84.356648, 33.671569 ], [ -84.356689, 33.670601 ], [ -84.3567425, 33.66942550000001 ], [ -84.356771100000017, 33.668905 ], [ -84.3567735, 33.66869040000001 ], [ -84.3567529, 33.6685714 ], [ -84.3567235, 33.6684748 ], [ -84.3565635, 33.6681321 ], [ -84.356547124969495, 33.668103234356749 ], [ -84.3564931, 33.668008 ], [ -84.3564331, 33.6679159 ], [ -84.3563197, 33.6677745 ], [ -84.355956049868126, 33.667449737598162 ], [ -84.355955, 33.6674488 ], [ -84.355693, 33.6672127 ], [ -84.3555711, 33.6670824 ], [ -84.3554902, 33.6669755 ], [ -84.3554488, 33.6668873 ], [ -84.3554237, 33.66678730000001 ], [ -84.3554168, 33.6666794 ], [ -84.355415, 33.666401 ], [ -84.3554139, 33.6661556 ], [ -84.355424, 33.665963 ] ], [ [ -84.35544001715347, 33.665878945896061 ], [ -84.356024, 33.664037 ], [ -84.355986, 33.663227 ], [ -84.3559294, 33.6628575 ], [ -84.355862500000015, 33.6624453 ], [ -84.355810878154173, 33.662120248263832 ], [ -84.3558096, 33.6621122 ], [ -84.3557578, 33.661786 ], [ -84.3556422, 33.6610944 ], [ -84.355604, 33.660866 ], [ -84.3555, 33.66003 ], [ -84.355492, 33.65978 ], [ -84.3555002, 33.6595818 ], [ -84.355528, 33.658906 ], [ -84.356616, 33.658927 ], [ -84.356624, 33.659384 ], [ -84.356679, 33.659497 ], [ -84.356732, 33.659548 ], [ -84.356883, 33.659692 ], [ -84.357026, 33.659758 ], [ -84.357131, 33.659775 ], [ -84.357236, 33.659777 ], [ -84.357382, 33.659751 ], [ -84.357948, 33.659512 ] ] ] } },
{ "type": "Feature", "properties": { "corridor_id": 9, "corridor_name": "Forsyth Street Northwest - Auburn Avenue Northeast - Luckie Street Northwest - Forsyth Street Southwest", "street_names": "Auburn Avenue Northeast; Forsyth Street Northwest; Forsyth Street Southwest; Luckie Street Northwest; Marietta Street", "n_edges": 34, "length_m": 1142.3212237754276, "length_km": 1.1423212237754277, "mean_score": 42.288790838956189, "total_score": 1437.8188885245104, "pair_count_max": 294, "neighborhood_span": 36, "climb_saved_m": 720.11955655983593, "mean_abs_grade": 0.018739042154886375, "max_grade": 0.056768216326825244, "elev_min_m": 308.72601318359375, "elev_max_m": 323.29959106445312, "elev_range_m": 14.573577880859375, "gain_per_km": 5.2162636547599099, "low_stress_share": 0.0, "mode": "bike", "n_pieces": 1, "neighborhoods": "Downtown", "end_a_lon": -84.393391, "end_a_lat": 33.752879, "end_b_lon": -84.384629, "end_b_lat": 33.755559, "corridor_uid": "bike-96" }, "geometry": { "type": "MultiLineString", "coordinates": [ [ [ -84.393391421255089, 33.752879422810643 ], [ -84.393391, 33.7528799 ], [ -84.393262, 33.753032 ], [ -84.3931588, 33.7531639 ], [ -84.392637090728002, 33.753831755843301 ], [ -84.3926369, 33.753832 ], [ -84.3925994, 33.7538822 ], [ -84.3925492, 33.7539499 ], [ -84.39254804957838, 33.753951513875151 ], [ -84.3923881, 33.7541759 ], [ -84.3919596, 33.7547579 ], [ -84.3916713, 33.7550055 ], [ -84.3914272, 33.755174400000016 ], [ -84.3911734, 33.7553571 ], [ -84.391172380783502, 33.755357888357814 ], [ -84.3911319, 33.7553892 ], [ -84.3910302, 33.7554632 ] ], [ [ -84.3910302, 33.7554632 ], [ -84.391083259629795, 33.755513367281544 ], [ -84.3910834, 33.7555135 ], [ -84.3911475, 33.7555778 ], [ -84.391519007797399, 33.755938210551562 ] ], [ [ -84.3846291, 33.7555594 ], [ -84.386045499212628, 33.75556419999733 ], [ -84.3860455, 33.7555642 ], [ -84.3861218, 33.7555636 ], [ -84.38616227942687, 33.755563400101593 ], [ -84.3861623, 33.7555634 ], [ -84.386221352759151, 33.755564399200658 ], [ -84.3862214, 33.7555644 ], [ -84.3874394, 33.7555831 ], [ -84.3875872, 33.7556049 ], [ -84.3877384, 33.7556489 ], [ -84.387816910778909, 33.755690680010972 ], [ -84.3878177, 33.7556911 ], [ -84.3878676, 33.755718 ], [ -84.387902597368125, 33.755743452631357 ], [ -84.3879028, 33.75574360000001 ], [ -84.387960453455548, 33.755789762732171 ], [ -84.3879605, 33.7557898 ], [ -84.3879805, 33.7558053 ], [ -84.3881554, 33.7559393 ], [ -84.3881992, 33.755975799999987 ], [ -84.3882536, 33.7560197 ], [ -84.3883124, 33.7560649 ], [ -84.3884232, 33.7561721 ], [ -84.388423443609938, 33.756172304718774 ], [ -84.3885134, 33.7562479 ], [ -84.38857705202777, 33.756309572182431 ], [ -84.3885777, 33.7563102 ], [ -84.388636454615977, 33.756369249371566 ], [ -84.3886375, 33.7563703 ], [ -84.389018, 33.7567997 ], [ -84.389018287500619, 33.756799990096582 ], [ -84.3890623, 33.7568444 ], [ -84.389076068673162, 33.75683482179258 ], [ -84.3890761, 33.7568348 ], [ -84.38910658846261, 33.756815299262549 ], [ -84.3891069, 33.7568151 ], [ -84.3891384, 33.7567921 ], [ -84.389666692537276, 33.756413377038001 ], [ -84.3896668, 33.7564133 ], [ -84.3896917, 33.7563946 ], [ -84.389719233336365, 33.756379063331629 ], [ -84.3897197, 33.7563788 ], [ -84.390264, 33.7559939 ], [ -84.390264047514975, 33.755993867200068 ], [ -84.3903063, 33.7559647 ], [ -84.3903702, 33.755916 ], [ -84.390370738908743, 33.755915628618951 ], [ -84.3909473, 33.755518299999984 ], [ -84.390947582962383, 33.75551811192728 ], [ -84.3910302, 33.7554632 ] ] ] } },
{ "type": "Feature", "properties": { "corridor_id": 10, "corridor_name": "Martin Luther King Junior Drive Southwest", "street_names": "Martin Luther King Junior Drive Southwest", "n_edges": 29, "length_m": 1480.5646249459094, "length_km": 1.4805646249459095, "mean_score": 46.096074550137466, "total_score": 1336.7861619539865, "pair_count_max": 82, "neighborhood_span": 35, "climb_saved_m": 723.9781784219291, "mean_abs_grade": 0.013271671008583123, "max_grade": 0.030190857388781134, "elev_min_m": 274.11492919921875, "elev_max_m": 290.2813720703125, "elev_range_m": 16.16644287109375, "gain_per_km": 1.5239778245629994, "low_stress_share": 0.0, "mode": "bike", "n_pieces": 1, "neighborhoods": "Harland Terrace", "end_a_lon": -84.473193, "end_a_lat": 33.753689, "end_b_lon": -84.487965, "end_b_lat": 33.75153, "corridor_uid": "bike-97" }, "geometry": { "type": "LineString", "coordinates": [ [ -84.473193463900259, 33.753689234193828 ], [ -84.4736918, 33.7537932 ], [ -84.473692828106763, 33.753793404357282 ], [ -84.473887, 33.753832 ], [ -84.4740634, 33.753869 ], [ -84.474064930001148, 33.753869321235989 ], [ -84.4742301, 33.753904 ], [ -84.474231936304264, 33.75390438527544 ], [ -84.4745094, 33.7539626 ], [ -84.474511746071002, 33.753963091303817 ], [ -84.4746326, 33.7539884 ], [ -84.474635166735297, 33.753988937859333 ], [ -84.4749237, 33.7540494 ], [ -84.4750657, 33.7540797 ], [ -84.475069103210416, 33.754080356875725 ], [ -84.4751688, 33.7540996 ], [ -84.475172246438859, 33.754100303647924 ], [ -84.4752408, 33.7541143 ], [ -84.4755448, 33.7541702 ], [ -84.4758392, 33.7542167 ], [ -84.4759719, 33.7542321 ], [ -84.475974268736095, 33.754232376228799 ], [ -84.4761314, 33.7542507 ], [ -84.4762135, 33.7542585 ], [ -84.47621474908874, 33.754258618178525 ], [ -84.4764492, 33.7542808 ], [ -84.476776700000016, 33.7543033 ], [ -84.4776956, 33.7543492 ], [ -84.477696009782491, 33.754349220534749 ], [ -84.4778752, 33.7543582 ], [ -84.477875647060387, 33.754358215984425 ], [ -84.4789408, 33.7543963 ], [ -84.478941183053053, 33.754396313685795 ], [ -84.479968, 33.754433 ], [ -84.4799829, 33.7544334 ], [ -84.479983217901321, 33.754433407447436 ], [ -84.48035, 33.754442 ], [ -84.480350237757364, 33.754441996720303 ], [ -84.4809372, 33.7544339 ], [ -84.481152, 33.754431 ], [ -84.481360399472962, 33.754424300016943 ], [ -84.4813604, 33.7544243 ], [ -84.481554798305154, 33.754418100054053 ], [ -84.4815548, 33.7544181 ], [ -84.4818512, 33.754408399999988 ], [ -84.482293, 33.7543915 ], [ -84.482672, 33.754377 ], [ -84.482956, 33.754352 ], [ -84.48324, 33.754305 ], [ -84.48346469426663, 33.75425594565273 ], [ -84.483470400000016, 33.7542547 ], [ -84.483666, 33.754212 ], [ -84.484005, 33.7541 ], [ -84.484393, 33.753949 ], [ -84.4845381, 33.7538734 ], [ -84.484658, 33.753811 ], [ -84.484829022641279, 33.753700846496272 ], [ -84.4848322, 33.7536988 ], [ -84.484891, 33.753661 ], [ -84.485331184884672, 33.753349198226601 ], [ -84.4853333, 33.7533477 ], [ -84.486074989856348, 33.752822407184112 ], [ -84.486075, 33.7528224 ], [ -84.4865883, 33.7524589 ], [ -84.486589743541558, 33.752457877542248 ], [ -84.487416200000013, 33.7518725 ], [ -84.487420004691387, 33.751869805926617 ], [ -84.48752, 33.751799 ], [ -84.4875609, 33.7517733 ], [ -84.487564874996849, 33.751770811182652 ], [ -84.4876168, 33.7517383 ], [ -84.48778, 33.751636 ], [ -84.4879649, 33.751529500000011 ] ] } },
{ "type": "Feature", "properties": { "corridor_id": 11, "corridor_name": "DeKalb Avenue Northeast", "street_names": "Arizona Avenue Northeast; DeKalb Avenue Northeast; Rogers Street Northeast; X'avier Arnold Trail", "n_edges": 32, "length_m": 2097.4878112915303, "length_km": 2.0974878112915305, "mean_score": 42.123407442339968, "total_score": 1327.7695274434013, "pair_count_max": 132, "neighborhood_span": 36, "climb_saved_m": 681.86706924394093, "mean_abs_grade": 0.015308855694164968, "max_grade": 0.063811802201399884, "elev_min_m": 307.7171630859375, "elev_max_m": 318.06512451171875, "elev_range_m": 10.34796142578125, "gain_per_km": 7.5827201475579429, "low_stress_share": 0.3905751835514274, "mode": "bike", "n_pieces": 3, "neighborhoods": "Candler Park; Edgewood; Kirkwood; Lake Claire", "end_a_lon": -84.348611, "end_a_lat": 33.760371, "end_b_lon": -84.323837, "end_b_lat": 33.760086, "corridor_uid": "bike-98" }, "geometry": { "type": "MultiLineString", "coordinates": [ [ [ -84.3432857, 33.7614733 ], [ -84.343691, 33.7613767 ], [ -84.3437875, 33.7613537 ], [ -84.3439364, 33.761322400000012 ], [ -84.3440157, 33.761309 ], [ -84.344018267942033, 33.761308568201919 ], [ -84.3441281, 33.7612901 ], [ -84.3443044, 33.7612635 ], [ -84.344306479365031, 33.761263186724669 ], [ -84.3443575, 33.7612555 ], [ -84.3447451, 33.7611942 ], [ -84.3450227, 33.7611501 ], [ -84.3450235491879, 33.761149964867023 ], [ -84.3452992, 33.7611061 ], [ -84.345299599086246, 33.7611060364979 ], [ -84.3455443, 33.7610671 ], [ -84.3461881, 33.7609657 ], [ -84.3465114, 33.760906 ], [ -84.3465532, 33.7608983 ], [ -84.346581, 33.7608932 ], [ -84.3469284, 33.7608241 ], [ -84.3475117, 33.760707 ], [ -84.347546882208476, 33.760697923738775 ], [ -84.3475493, 33.760697299999983 ], [ -84.3476574, 33.7606682 ], [ -84.347788, 33.7606356 ], [ -84.3480475, 33.7605563 ], [ -84.3481783, 33.7605163 ], [ -84.3482896, 33.7604785 ], [ -84.3486106, 33.760371 ] ], [ [ -84.341712880813148, 33.761814019769865 ], [ -84.3413561, 33.761873199999989 ], [ -84.3408518, 33.7619501 ], [ -84.340184, 33.7620427 ], [ -84.3399885, 33.7620684 ], [ -84.3399613, 33.7620719 ], [ -84.339762943195183, 33.762097281676787 ], [ -84.3397628, 33.7620973 ], [ -84.339344, 33.762157 ], [ -84.3387892, 33.7622378 ], [ -84.3384486, 33.762288 ], [ -84.3377966, 33.7623786 ], [ -84.337796329584819, 33.762378637677841 ] ], [ [ -84.3351548, 33.7625132 ], [ -84.334892, 33.7624953 ], [ -84.3346184, 33.7624641 ], [ -84.3345374, 33.7624533 ], [ -84.3343756, 33.7624318 ], [ -84.3340846, 33.7623827 ], [ -84.3337936, 33.7623236 ], [ -84.333756130152551, 33.76231505765135 ], [ -84.333755, 33.7623148 ], [ -84.333549685047814, 33.762268236792764 ], [ -84.3335482, 33.7622679 ], [ -84.3329755, 33.7621118 ], [ -84.332203, 33.7618877 ], [ -84.3317752, 33.7617706 ], [ -84.3314373, 33.7616636 ], [ -84.3311744, 33.7615677 ], [ -84.3311049, 33.7615391 ], [ -84.3310256, 33.7615064 ], [ -84.331042041683645, 33.761445416300695 ], [ -84.3310421, 33.7614452 ], [ -84.331088, 33.761294 ], [ -84.331101, 33.761214 ], [ -84.331115, 33.761132 ], [ -84.331121, 33.761095 ], [ -84.331128, 33.761052 ], [ -84.331139732819821, 33.760987370060313 ], [ -84.3311398, 33.760987 ], [ -84.331148, 33.760931 ], [ -84.3311717, 33.7608081 ], [ -84.331266, 33.760228 ], [ -84.331142301236639, 33.760228882931926 ], [ -84.3311259, 33.760229 ], [ -84.331072284588032, 33.760229405665157 ], [ -84.3310466, 33.7602296 ], [ -84.330601, 33.760233 ], [ -84.330394820050842, 33.760227037706692 ], [ -84.330332312406924, 33.760225230116227 ], [ -84.3302794, 33.7602237 ], [ -84.3302086, 33.7602221 ], [ -84.329625, 33.760193 ], [ -84.329451026229435, 33.760159305475263 ], [ -84.329372, 33.760144 ], [ -84.329369602963681, 33.760143232948373 ] ], [ [ -84.329151, 33.760046 ], [ -84.329072640755484, 33.760038114165205 ], [ -84.3290725, 33.7600381 ], [ -84.3280483, 33.7598871 ], [ -84.3273379, 33.7597815 ], [ -84.3267023, 33.7597599 ], [ -84.3261109, 33.7597788 ], [ -84.325900826668743, 33.759763010174453 ], [ -84.3258967, 33.7597627 ], [ -84.325818, 33.7597568 ], [ -84.3250666, 33.7598606 ], [ -84.324760519239007, 33.759918806820011 ], [ -84.3247574, 33.7599194 ], [ -84.324416, 33.7599844 ], [ -84.3240727, 33.7600263 ], [ -84.3238374, 33.7600862 ] ] ] } },
{ "type": "Feature", "properties": { "corridor_id": 12, "corridor_name": "Peachtree Street Northeast", "street_names": "Peachtree Street Northeast", "n_edges": 39, "length_m": 1463.3323376365452, "length_km": 1.4633323376365452, "mean_score": 32.995022027879713, "total_score": 1285.416101059282, "pair_count_max": 134, "neighborhood_span": 34, "climb_saved_m": 485.91927299844838, "mean_abs_grade": 0.014866151104799736, "max_grade": 0.040401062279375975, "elev_min_m": 292.77902221679688, "elev_max_m": 312.2598876953125, "elev_range_m": 19.480865478515625, "gain_per_km": 12.674702642087333, "low_stress_share": 0.0, "mode": "bike", "n_pieces": 3, "neighborhoods": "Downtown; Midtown", "end_a_lon": -84.385145, "end_a_lat": 33.769878, "end_b_lon": -84.383115, "end_b_lat": 33.784244, "corridor_uid": "bike-99" }, "geometry": { "type": "MultiLineString", "coordinates": [ [ [ -84.384716795707561, 33.774309841207483 ], [ -84.3847168, 33.7743098 ], [ -84.38477459751104, 33.773752124015473 ], [ -84.3847746, 33.7737521 ], [ -84.3847802, 33.7736907 ], [ -84.3847861, 33.7736173 ], [ -84.384786101655806, 33.773617280392145 ], [ -84.3848348, 33.7730406 ], [ -84.384834809695406, 33.773040484085882 ], [ -84.3848438, 33.772933 ], [ -84.384843813727599, 33.772932864169071 ], [ -84.3848514, 33.7728578 ], [ -84.384851411398827, 33.772857686164841 ], [ -84.384903497599666, 33.772337523971004 ], [ -84.3849035, 33.7723375 ], [ -84.3849109, 33.7722457 ], [ -84.3849179, 33.77217 ], [ -84.384917904570557, 33.772169959202913 ], [ -84.3849409, 33.7719647 ], [ -84.3850029, 33.7713946 ], [ -84.385002907517659, 33.771394540531929 ], [ -84.385016300000018, 33.7712886 ], [ -84.385029586834136, 33.771179707900657 ], [ -84.3850296, 33.771179600000011 ], [ -84.385071895619063, 33.77068885083127 ], [ -84.3850719, 33.7706888 ], [ -84.385084697201705, 33.770539932551955 ], [ -84.3850847, 33.7705399 ], [ -84.385145195760984, 33.769877946383907 ] ], [ [ -84.384159495224736, 33.780122154736304 ], [ -84.3841595, 33.7801221 ], [ -84.384207, 33.779578499999985 ], [ -84.384207000517364, 33.779578494567701 ], [ -84.384212, 33.779526 ], [ -84.384215898088385, 33.779490817253581 ], [ -84.3842159, 33.7794908 ], [ -84.3842321, 33.7793129 ], [ -84.3842743, 33.7788659 ], [ -84.384274300493743, 33.778865894818388 ], [ -84.3843022, 33.7785731 ], [ -84.384302200066827, 33.778573099298278 ], [ -84.384307, 33.7785227 ], [ -84.3843134, 33.778451 ], [ -84.384313400937458, 33.778450990089915 ], [ -84.3843843, 33.7777015 ], [ -84.384384300363635, 33.777701496166017 ], [ -84.384412099939411, 33.777408400638862 ], [ -84.3844121, 33.7774084 ], [ -84.384417, 33.7773562 ], [ -84.3844199, 33.7773225 ], [ -84.384419900778852, 33.777322491936189 ], [ -84.3844315, 33.7772024 ], [ -84.3844554, 33.7769509 ], [ -84.384455400148894, 33.776950898434109 ], [ -84.3844703, 33.7767942 ], [ -84.384470300078064, 33.776794199178568 ], [ -84.38452629990266, 33.7762049010244 ], [ -84.3845263, 33.7762049 ], [ -84.384531, 33.776155 ], [ -84.3845356, 33.7761064 ], [ -84.38453560043807, 33.776106395494097 ], [ -84.3846465, 33.77496570000001 ], [ -84.384646503022012, 33.77496567365025 ] ], [ [ -84.383115034228368, 33.784243978294342 ], [ -84.383127, 33.784220500000011 ], [ -84.3831801, 33.7841205 ], [ -84.3832451, 33.7840252 ], [ -84.383341, 33.7839064 ], [ -84.38359, 33.7836312 ], [ -84.3836508, 33.7835564 ], [ -84.3837299, 33.7834416 ], [ -84.3837963, 33.7833299 ], [ -84.38380800722409, 33.783303101432345 ], [ -84.3838091, 33.7833006 ], [ -84.3838515, 33.7832062 ], [ -84.383893788693427, 33.783094970901679 ], [ -84.3838945, 33.7830931 ], [ -84.3839319, 33.7826727 ], [ -84.383941, 33.782568 ], [ -84.3839521, 33.782427 ], [ -84.383961, 33.782315 ], [ -84.384007891405901, 33.78185488432846 ], [ -84.3840079, 33.7818548 ], [ -84.3840244, 33.7817186 ], [ -84.384040381067535, 33.781587355482912 ], [ -84.3840404, 33.7815872 ], [ -84.3840873, 33.7808607 ], [ -84.384087318464694, 33.780860563908533 ] ] ] } },
{ "type": "Feature", "properties": { "corridor_id": 13, "corridor_name": "Atlanta Beltline Southside Trail - Beltline Access Line - Atlanta Beltline Southwest Trail - Milton Avenue Southeast", "street_names": "Atlanta Beltline Southside Trail; Atlanta Beltline Southwest Trail; Beltline Access Line; Milton Avenue Southeast", "n_edges": 18, "length_m": 3843.5999001395053, "length_km": 3.8435999001395054, "mean_score": 62.113842401465767, "total_score": 1118.0491632263838, "pair_count_max": 161, "neighborhood_span": 25, "climb_saved_m": 1928.6651885660895, "mean_abs_grade": 0.011139392530450772, "max_grade": 0.067971515220653478, "elev_min_m": 294.58438110351562, "elev_max_m": 312.67092895507812, "elev_range_m": 18.0865478515625, "gain_per_km": 8.8881694313271069, "low_stress_share": 0.95154511793223751, "mode": "bike", "n_pieces": 1, "neighborhoods": "Adair Park; Capitol View; Capitol View Manor; Chosewood Park; High Point; Oakland City; Peoplestown; Pittsburgh; South Atlanta", "end_a_lon": -84.38205, "end_a_lat": 33.72424, "end_b_lon": -84.413507, "end_b_lat": 33.725401, "corridor_uid": "bike-100" }, "geometry": { "type": "MultiLineString", "coordinates": [ [ [ -84.382050402755539, 33.724240496630308 ], [ -84.3821531, 33.7242276 ], [ -84.3822889, 33.7242092 ], [ -84.3825119, 33.7241617 ], [ -84.3828924, 33.7240742 ], [ -84.3832609, 33.723969 ], [ -84.3835723, 33.7238678 ], [ -84.3838757, 33.7237546 ], [ -84.3844683, 33.7234948 ], [ -84.384799172959845, 33.723322012623065 ], [ -84.3848689, 33.7232856 ], [ -84.384986731294006, 33.723238354844931 ], [ -84.3850572, 33.7232101 ], [ -84.3851445, 33.7231663 ], [ -84.386188100000012, 33.7226384 ], [ -84.3876431, 33.721915 ], [ -84.3877701, 33.7218454 ], [ -84.3883029, 33.7215536 ], [ -84.388823, 33.7212761 ], [ -84.389673, 33.7208576 ], [ -84.389705459536486, 33.720841616299445 ], [ -84.3899764, 33.7207082 ], [ -84.3903752, 33.720541 ], [ -84.3918735, 33.7199494 ], [ -84.3927896, 33.719661 ], [ -84.3932598, 33.7195399 ], [ -84.3935238, 33.719477 ], [ -84.3936772, 33.7194402 ], [ -84.393733208522576, 33.71942855704269 ], [ -84.3939336, 33.7193869 ], [ -84.3942513, 33.7193555 ], [ -84.3949402, 33.7193463 ], [ -84.3951552, 33.7193519 ], [ -84.395187063223446, 33.719354438001233 ], [ -84.395282, 33.719362 ], [ -84.395669, 33.719425499999986 ], [ -84.3962251, 33.7195579 ], [ -84.398621500000019, 33.7201881 ], [ -84.3989341, 33.7202525 ], [ -84.3991126, 33.7202749 ], [ -84.399347, 33.7202837 ], [ -84.3996998, 33.7202931 ], [ -84.3998745, 33.7203042 ], [ -84.400045, 33.7203274 ], [ -84.4002197, 33.7203604 ], [ -84.4005543, 33.7204488 ], [ -84.400686, 33.7204782 ], [ -84.4008657, 33.7205072 ], [ -84.4010956, 33.7205274 ], [ -84.4013105, 33.7205318 ], [ -84.4014565, 33.7205247 ], [ -84.401566581309936, 33.720516036884689 ], [ -84.4016039, 33.7205131 ], [ -84.4019765, 33.7204577 ], [ -84.4022722, 33.7204249 ], [ -84.4026678, 33.720389 ], [ -84.4030695, 33.7203689 ], [ -84.4033553, 33.7203629 ], [ -84.4036136, 33.7203612 ], [ -84.4039118, 33.7203714 ], [ -84.403996, 33.7203724 ], [ -84.4040906, 33.7203669 ], [ -84.4043207, 33.7203377 ], [ -84.4044563, 33.7203266 ], [ -84.4046145, 33.7203247 ], [ -84.4051863, 33.7203458 ], [ -84.40546310000002, 33.7203527 ], [ -84.4056082, 33.7203605 ], [ -84.405718, 33.7203718 ], [ -84.4059412, 33.7204131 ], [ -84.4060146, 33.7204229 ], [ -84.4061257, 33.7204274 ], [ -84.4063225, 33.7204338 ], [ -84.407206465046684, 33.720488243052046 ], [ -84.4073454, 33.720496799999985 ], [ -84.4077005, 33.72051660000001 ], [ -84.407918107471374, 33.720528159763155 ], [ -84.4080224, 33.7205337 ], [ -84.4080703, 33.7205378 ], [ -84.4082346, 33.7205521 ], [ -84.4087869, 33.7206258 ], [ -84.4090912, 33.7206926 ], [ -84.4094289, 33.7207826 ], [ -84.4097145, 33.7208742 ], [ -84.410377, 33.7211211 ], [ -84.410421639686447, 33.721138590536981 ], [ -84.4105725, 33.7211977 ], [ -84.4107436, 33.7212749 ], [ -84.4108946, 33.7213673 ], [ -84.4110311, 33.7214725 ], [ -84.4111197, 33.7215398 ], [ -84.4114025, 33.721782799999986 ], [ -84.4115742, 33.7219589 ], [ -84.41166770000001, 33.7220858 ], [ -84.4119595, 33.7225817 ], [ -84.4120601, 33.722758 ], [ -84.41217810000002, 33.723009 ], [ -84.4123927, 33.7233982 ], [ -84.4131692, 33.7247724 ], [ -84.4132443, 33.7249119 ], [ -84.4133006, 33.7250424 ], [ -84.4133247, 33.7251048 ], [ -84.413365, 33.72520080000001 ], [ -84.4134213, 33.7253034 ], [ -84.4135044, 33.7253981 ], [ -84.413506805235514, 33.725401258875984 ] ], [ [ -84.4105725, 33.7211977 ], [ -84.4106311, 33.7211275 ], [ -84.4106701, 33.7211093 ], [ -84.4107187, 33.7210972 ], [ -84.4107722, 33.7210992 ], [ -84.410832, 33.7211069 ], [ -84.410835034310708, 33.721107991677222 ], [ -84.4110299, 33.721178099999989 ], [ -84.41146845963442, 33.721316410398686 ], [ -84.4114735, 33.721318 ], [ -84.411515400000013, 33.7213277 ], [ -84.4115632, 33.7213332 ], [ -84.4116454, 33.7213336 ], [ -84.4116882, 33.7213334 ], [ -84.4117906, 33.7213455 ], [ -84.4119027, 33.7213669 ], [ -84.4120476, 33.7214071 ], [ -84.4122192, 33.7214733 ], [ -84.4123925, 33.7215586 ], [ -84.4124757, 33.7216247 ], [ -84.412692890354677, 33.721799383665733 ], [ -84.4126949, 33.721801 ], [ -84.4127542, 33.7218528 ], [ -84.412815, 33.7218935 ], [ -84.4128754, 33.7219244 ], [ -84.413146, 33.7220426 ], [ -84.4134131, 33.7221218 ] ], [ [ -84.385087642149287, 33.723254540576498 ], [ -84.3850572, 33.7232101 ], [ -84.3848128, 33.7228608 ], [ -84.384333, 33.722175 ], [ -84.384206, 33.72202 ], [ -84.384035, 33.72186 ], [ -84.384011236782314, 33.721843268754895 ] ] ] } },
{ "type": "Feature", "properties": { "corridor_id": 14, "corridor_name": "Marietta Road Northwest - West Marietta Street Northwest - Atlanta Beltline Westside Trail", "street_names": "Atlanta Beltline Westside Trail; Marietta Road Northwest; West Marietta Street Northwest", "n_edges": 20, "length_m": 2767.9986916903799, "length_km": 2.76799869169038, "mean_score": 55.352929115421354, "total_score": 1107.058582308427, "pair_count_max": 118, "neighborhood_span": 33, "climb_saved_m": 1081.764495972006, "mean_abs_grade": 0.011931243157944443, "max_grade": 0.041614673790327371, "elev_min_m": 277.81396484375, "elev_max_m": 297.726318359375, "elev_range_m": 19.912353515625, "gain_per_km": 2.0912047992705407, "low_stress_share": 0.087876967907970532, "mode": "bike", "n_pieces": 1, "neighborhoods": "Hills Park; Knight Park/Howell Station; Rockdale", "end_a_lon": -84.442739, "end_a_lat": 33.801268, "end_b_lon": -84.428029, "end_b_lat": 33.786213, "corridor_uid": "bike-101" }, "geometry": { "type": "MultiLineString", "coordinates": [ [ [ -84.428039884435563, 33.786324210900048 ], [ -84.4280403, 33.7863242 ], [ -84.428182, 33.7863222 ], [ -84.428435, 33.78632 ], [ -84.428959308381124, 33.786309750661744 ], [ -84.4289619, 33.7863097 ], [ -84.429395779089148, 33.786302063728023 ], [ -84.4293994, 33.786302 ], [ -84.43060333186186, 33.786280813822977 ], [ -84.4306098, 33.7862807 ], [ -84.432289, 33.786249 ], [ -84.432337, 33.786253 ], [ -84.432436, 33.786263 ], [ -84.432603, 33.786295 ], [ -84.432764, 33.786344 ], [ -84.4329881, 33.7864364 ], [ -84.433136, 33.78654 ], [ -84.433187530239664, 33.786581556644883 ], [ -84.4331887, 33.7865825 ], [ -84.433602, 33.786916 ], [ -84.43395, 33.787177 ], [ -84.433974, 33.787195 ], [ -84.434473, 33.787469 ], [ -84.43509, 33.787751 ], [ -84.43581, 33.788039 ], [ -84.4365132, 33.7883618 ], [ -84.436513615318148, 33.788361990354147 ], [ -84.43659, 33.788397 ], [ -84.436527935230203, 33.788484048052752 ], [ -84.436526900000018, 33.7884855 ], [ -84.4363954, 33.78866270000001 ], [ -84.4363249, 33.788767 ], [ -84.436140300000019, 33.7890401 ], [ -84.436028, 33.789294 ], [ -84.435942, 33.789622 ], [ -84.435921, 33.789918 ], [ -84.435932, 33.790145 ], [ -84.435945, 33.79021 ], [ -84.4359751, 33.790364 ], [ -84.436044, 33.790583 ], [ -84.43614, 33.790793 ], [ -84.436262, 33.790993 ], [ -84.4365409, 33.7913845 ], [ -84.436556244652579, 33.791406028408687 ], [ -84.436795, 33.791741 ], [ -84.437181, 33.792333 ], [ -84.438197, 33.794164 ], [ -84.438418, 33.794526 ], [ -84.4388131, 33.7950899 ], [ -84.438874045152303, 33.795179233285126 ], [ -84.438874500000011, 33.7951799 ], [ -84.438955, 33.795298 ], [ -84.439402, 33.796052 ], [ -84.439968, 33.797005 ], [ -84.440064, 33.797108 ], [ -84.440109, 33.797156 ], [ -84.440236, 33.797255 ], [ -84.44066713276672, 33.797517566769493 ], [ -84.4406974, 33.797536 ], [ -84.441409481687884, 33.797969689496803 ], [ -84.4414824, 33.7980141 ], [ -84.442351, 33.798543 ], [ -84.442397553676713, 33.79858179473058 ], [ -84.442429, 33.798608 ], [ -84.442495, 33.798682 ], [ -84.4424971, 33.7986851 ], [ -84.442549, 33.798762 ], [ -84.442589, 33.798848 ], [ -84.442622, 33.798984 ], [ -84.44262, 33.799122 ], [ -84.442513, 33.799695 ], [ -84.4423633, 33.8008099 ], [ -84.442366, 33.8008642 ], [ -84.4424726, 33.8009689 ], [ -84.4426695, 33.80118430000001 ], [ -84.4427387, 33.8012684 ] ], [ [ -84.428028544093664, 33.786213157084973 ], [ -84.428035300000019, 33.7862265 ], [ -84.4280369, 33.7862574 ], [ -84.4280403, 33.7863242 ], [ -84.428039, 33.7864169 ], [ -84.4280387, 33.7864408 ], [ -84.4279916, 33.7865039 ], [ -84.4279744, 33.7866138 ], [ -84.4281603, 33.787562399999985 ], [ -84.4283581, 33.788322 ], [ -84.4283686, 33.7883443 ], [ -84.428375524164721, 33.788358939662572 ] ] ] } },
{ "type": "Feature", "properties": { "corridor_id": 15, "corridor_name": "Defoor Avenue Northwest", "street_names": "Defoor Avenue Northwest", "n_edges": 27, "length_m": 1285.0425605850589, "length_km": 1.2850425605850588, "mean_score": 40.575791508653673, "total_score": 1095.5463707336492, "pair_count_max": 107, "neighborhood_span": 36, "climb_saved_m": 495.39360834176455, "mean_abs_grade": 0.018226132793150596, "max_grade": 0.061548722865603873, "elev_min_m": 277.7996826171875, "elev_max_m": 291.39999389648438, "elev_range_m": 13.600311279296875, "gain_per_km": 8.290009579035738, "low_stress_share": 0.0, "mode": "bike", "n_pieces": 1, "neighborhoods": "Underwood Hills", "end_a_lon": -84.425002, "end_a_lat": 33.807665, "end_b_lon": -84.416966, "end_b_lat": 33.799821, "corridor_uid": "bike-102" }, "geometry": { "type": "MultiLineString", "coordinates": [ [ [ -84.416931902315724, 33.800468899985283 ], [ -84.417231, 33.800467 ], [ -84.417474, 33.800467 ], [ -84.4175491, 33.8004737 ], [ -84.417609, 33.800479 ], [ -84.417749106112851, 33.800511864396839 ], [ -84.417771, 33.800517 ], [ -84.417924, 33.800577 ], [ -84.418052759948878, 33.800650038266596 ], [ -84.4180742, 33.8006622 ], [ -84.418229, 33.80075 ], [ -84.41889836121355, 33.801217332943864 ], [ -84.4189039, 33.8012212 ], [ -84.419095887807543, 33.801355244200522 ], [ -84.4190974, 33.8013563 ], [ -84.41917, 33.801407 ], [ -84.4192373, 33.801457 ], [ -84.419237766408926, 33.801457320848563 ], [ -84.4196766, 33.8017592 ], [ -84.419677152761835, 33.801759584912062 ], [ -84.4197395, 33.801803 ], [ -84.419740140072847, 33.801803422448081 ], [ -84.419939500000012, 33.801935 ], [ -84.420182, 33.802119 ], [ -84.420343, 33.802273 ], [ -84.420431, 33.802381 ], [ -84.42079, 33.802877 ], [ -84.420964, 33.803118 ], [ -84.421239, 33.803504 ], [ -84.421307, 33.80363 ], [ -84.4213493, 33.8037315 ], [ -84.421367, 33.803774 ], [ -84.421426, 33.803926 ], [ -84.421502, 33.80417 ], [ -84.421559, 33.804314 ], [ -84.421675, 33.804531 ], [ -84.421732, 33.804598 ], [ -84.421782, 33.804634 ], [ -84.421841, 33.804662 ], [ -84.422037, 33.804723 ], [ -84.422142, 33.804749 ], [ -84.422334, 33.804773 ], [ -84.422612, 33.804773 ], [ -84.423239, 33.804768 ], [ -84.423512, 33.804797 ], [ -84.423615, 33.804822 ], [ -84.423715, 33.804859 ], [ -84.423818, 33.804911 ], [ -84.42382454131868, 33.804915324838802 ], [ -84.4238664, 33.804943 ], [ -84.423927, 33.804983 ], [ -84.42403, 33.805062 ], [ -84.424121, 33.805146 ], [ -84.424329, 33.805376 ], [ -84.424478, 33.805608 ], [ -84.424528021330502, 33.805708117881053 ], [ -84.4245445, 33.8057411 ], [ -84.424586, 33.8058292 ], [ -84.424613, 33.805878 ], [ -84.424689767799848, 33.806070478488436 ], [ -84.4246954, 33.8060846 ], [ -84.424786, 33.806312 ], [ -84.424833954510476, 33.806439187991771 ], [ -84.4248346, 33.806440899999984 ], [ -84.424883, 33.806569 ], [ -84.4249118, 33.806646099999988 ], [ -84.424929, 33.806764 ], [ -84.424935172679497, 33.806839496618466 ], [ -84.4249355, 33.8068435 ], [ -84.424963, 33.807179 ], [ -84.4250022, 33.8076646 ] ], [ [ -84.4169319, 33.8004689 ], [ -84.416930800019969, 33.800409201083546 ], [ -84.4169308, 33.8004092 ], [ -84.416932, 33.8003103 ], [ -84.4169602, 33.8002506 ], [ -84.4169611, 33.8001483 ], [ -84.4169658, 33.7998209 ] ] ] } },
{ "type": "Feature", "properties": { "corridor_id": 16, "corridor_name": "Ralph David Abernathy Boulevard", "street_names": "Lucile Avenue Southwest; Ralph David Abernathy Boulevard; West Ontario Avenue Southwest", "n_edges": 25, "length_m": 1400.3531603041306, "length_km": 1.4003531603041306, "mean_score": 42.953354338898052, "total_score": 1064.0539014175615, "pair_count_max": 108, "neighborhood_span": 30, "climb_saved_m": 670.87458692071959, "mean_abs_grade": 0.0087715692544168087, "max_grade": 0.042582993943232034, "elev_min_m": 308.7880859375, "elev_max_m": 319.02938842773438, "elev_range_m": 10.241302490234375, "gain_per_km": 8.5088791376225519, "low_stress_share": 0.24038705909966557, "mode": "bike", "n_pieces": 2, "neighborhoods": "Westview", "end_a_lon": -84.445052, "end_a_lat": 33.750393, "end_b_lon": -84.435146, "end_b_lat": 33.742548, "corridor_uid": "bike-103" }, "geometry": { "type": "MultiLineString", "coordinates": [ [ [ -84.4418514, 33.747418 ], [ -84.4421114, 33.747704400000011 ], [ -84.4423778, 33.7479852 ], [ -84.442487028420729, 33.748093829361743 ], [ -84.442487200000016, 33.748094 ], [ -84.442806613112012, 33.748411517189147 ], [ -84.4428073, 33.7484122 ], [ -84.4428198, 33.7484246 ], [ -84.4430476, 33.748664 ], [ -84.443047667686443, 33.748664069503427 ], [ -84.443964, 33.749605 ], [ -84.4441564, 33.7497857 ], [ -84.444536, 33.75008 ], [ -84.4448033, 33.7502575 ], [ -84.4450524, 33.7503933 ] ], [ [ -84.4418631, 33.7473 ], [ -84.4418601, 33.7472904 ], [ -84.4416977, 33.7471163 ], [ -84.4411, 33.7465168 ], [ -84.4405267, 33.745930199999982 ], [ -84.440509024126342, 33.745912124219707 ], [ -84.4405046, 33.7459076 ], [ -84.4404809, 33.7458849 ], [ -84.4402067, 33.7456222 ], [ -84.4396808, 33.7450876 ], [ -84.439626044568712, 33.745027749031728 ] ], [ [ -84.437277, 33.742888 ], [ -84.4374163, 33.7429866 ], [ -84.437525741740288, 33.743064284092434 ], [ -84.437528300000011, 33.7430661 ], [ -84.437585252296358, 33.743111415863709 ], [ -84.4375885, 33.743114 ], [ -84.43775, 33.743265 ], [ -84.438039502139375, 33.743554302620325 ], [ -84.4380402, 33.743555 ], [ -84.438135, 33.74365 ], [ -84.438531694695513, 33.744052394619303 ], [ -84.4385317, 33.7440524 ], [ -84.43870050000001, 33.7442236 ], [ -84.438892, 33.744418 ], [ -84.4390983, 33.7446275 ], [ -84.439098358887463, 33.744627559873912 ], [ -84.4392356, 33.7447671 ], [ -84.439235713426712, 33.744767214193679 ], [ -84.439501784507243, 33.745035084402481 ], [ -84.4395018, 33.7450351 ], [ -84.439568900000012, 33.7451032 ], [ -84.439615707087171, 33.745021263470086 ] ], [ [ -84.436601, 33.742288 ], [ -84.437277, 33.742888 ] ], [ [ -84.435145997628993, 33.742547599623911 ], [ -84.435146, 33.7425476 ], [ -84.436274, 33.742728 ], [ -84.437142998535876, 33.742866599766479 ], [ -84.437143, 33.7428666 ], [ -84.437277, 33.742888 ] ] ] } },
{ "type": "Feature", "properties": { "corridor_id": 17, "corridor_name": "Campbellton Road - Campbellton Road Southwest", "street_names": "Campbellton Road; Campbellton Road Southwest", "n_edges": 23, "length_m": 1784.3702165023869, "length_km": 1.7843702165023869, "mean_score": 45.732503944888322, "total_score": 1039.5225567417383, "pair_count_max": 70, "neighborhood_span": 36, "climb_saved_m": 673.46776426393137, "mean_abs_grade": 0.018523644701015772, "max_grade": 0.03642197807633097, "elev_min_m": 289.91583251953125, "elev_max_m": 307.93356323242188, "elev_range_m": 18.017730712890625, "gain_per_km": 10.27469643638438, "low_stress_share": 0.0, "mode": "bike", "n_pieces": 2, "neighborhoods": "Ben Hill Terrace; Elmco Estates; Fairburn; Kings Forest", "end_a_lon": -84.514844, "end_a_lat": 33.69143, "end_b_lon": -84.534154, "end_b_lat": 33.696121, "corridor_uid": "bike-104" }, "geometry": { "type": "MultiLineString", "coordinates": [ [ [ -84.5185563, 33.6934539 ], [ -84.5183226, 33.6933534 ], [ -84.5179011, 33.6931587 ], [ -84.517484268907225, 33.692933684985313 ], [ -84.517483, 33.692933 ], [ -84.516780814065285, 33.692532906861786 ], [ -84.5167801, 33.692532499999984 ], [ -84.516251607362264, 33.692231375129055 ], [ -84.5162513, 33.6922312 ], [ -84.515849, 33.692002 ], [ -84.5155785, 33.6918481 ], [ -84.515578492992375, 33.691848096015121 ], [ -84.5148436, 33.6914302 ] ], [ [ -84.519739845190216, 33.693864010123441 ], [ -84.5197408, 33.6938643 ], [ -84.520803, 33.694187 ], [ -84.521139613045648, 33.694294307196216 ], [ -84.5211421, 33.6942951 ], [ -84.521847608992559, 33.694520137336518 ], [ -84.52185, 33.6945209 ], [ -84.5219604, 33.6945586 ], [ -84.5236, 33.695119 ], [ -84.52413, 33.695265 ], [ -84.524624, 33.695359 ], [ -84.5246506, 33.6953628 ], [ -84.524653063999821, 33.69536315520083 ], [ -84.5250245, 33.6954167 ], [ -84.5254183, 33.6954735 ], [ -84.525422103668461, 33.695474047278161 ], [ -84.5256414, 33.695505599999983 ], [ -84.525645588254577, 33.695506205057406 ], [ -84.525748, 33.695521 ], [ -84.5257693, 33.6955233 ], [ -84.525773692380511, 33.695523775229709 ], [ -84.5260207, 33.6955505 ], [ -84.526025056458025, 33.695550972923286 ], [ -84.526099, 33.695559 ], [ -84.5265285, 33.69557970000001 ], [ -84.526619, 33.695584 ], [ -84.5269554, 33.6955837 ], [ -84.5273801, 33.6955834 ], [ -84.527381362169848, 33.6955834 ], [ -84.5273861, 33.6955834 ], [ -84.5278604, 33.6955831 ], [ -84.5287019, 33.6955754 ], [ -84.52908, 33.695572 ], [ -84.52954, 33.695595 ], [ -84.531469719115137, 33.695844273293268 ], [ -84.5314707, 33.6958444 ], [ -84.531838791503404, 33.695891934334128 ], [ -84.5318393, 33.695892 ], [ -84.532044856444259, 33.695918568520007 ], [ -84.5320451, 33.6959186 ], [ -84.5324334, 33.6959688 ], [ -84.532433656759153, 33.695968833168266 ], [ -84.5331301, 33.6960588 ], [ -84.533131250137316, 33.696058948322325 ], [ -84.53331, 33.696082 ], [ -84.533724, 33.696118 ], [ -84.534154, 33.6961212 ], [ -84.534154168119159, 33.696121201169518 ] ] ] } },
{ "type": "Feature", "properties": { "corridor_id": 18, "corridor_name": "PATH Parkway - Tech Parkway Northwest - Luckie Street Northwest", "street_names": "Luckie Street Northwest; PATH Parkway; Tech Parkway Northwest", "n_edges": 24, "length_m": 1430.878841233043, "length_km": 1.4308788412330429, "mean_score": 42.369016009397122, "total_score": 1027.9286886903728, "pair_count_max": 211, "neighborhood_span": 36, "climb_saved_m": 448.51388616791519, "mean_abs_grade": 0.025093481154672009, "max_grade": 0.0477820602204111, "elev_min_m": 291.52337646484375, "elev_max_m": 307.37347412109375, "elev_range_m": 15.85009765625, "gain_per_km": 13.35473573191951, "low_stress_share": 0.85980132978910306, "mode": "bike", "n_pieces": 2, "neighborhoods": "Downtown; Georgia Tech; Marietta Street Artery", "end_a_lon": -84.402565, "end_a_lat": 33.773661, "end_b_lon": -84.396204, "end_b_lat": 33.765319, "corridor_uid": "bike-105" }, "geometry": { "type": "MultiLineString", "coordinates": [ [ [ -84.402564803478242, 33.773660510211741 ], [ -84.4025348, 33.773647 ], [ -84.4020573, 33.7734755 ], [ -84.401645, 33.7733611 ], [ -84.4003584, 33.7731614 ], [ -84.400307310174355, 33.773153477522065 ], [ -84.4002578, 33.7731458 ], [ -84.400212048914142, 33.773138449351073 ], [ -84.39919340231036, 33.772974787365335 ], [ -84.3991829, 33.7729731 ], [ -84.399099303184059, 33.772959714407108 ], [ -84.3990836, 33.7729572 ], [ -84.3980924, 33.7727984 ], [ -84.397738, 33.772727 ], [ -84.3974508, 33.7726286 ], [ -84.397412305366203, 33.772609126244078 ] ], [ [ -84.396112673076431, 33.771250498593062 ], [ -84.3961395, 33.7713486 ], [ -84.3961793, 33.7714332 ], [ -84.3963227, 33.7717083 ], [ -84.3966118, 33.7721437 ], [ -84.3968776, 33.7724109 ], [ -84.397017, 33.772515699999978 ], [ -84.3972128, 33.7726272 ], [ -84.3972557, 33.7726468 ] ], [ [ -84.3972557, 33.7726468 ], [ -84.397293333339178, 33.772663981795688 ], [ -84.397335391368813, 33.772683183718463 ] ], [ [ -84.3973233, 33.7725641 ], [ -84.3972557, 33.7726468 ] ], [ [ -84.3972557, 33.7726468 ], [ -84.397255136221403, 33.772647455131626 ] ], [ [ -84.397052339603079, 33.772384830319105 ], [ -84.39697910000001, 33.7723223 ], [ -84.3967386, 33.772049599999988 ], [ -84.3966548, 33.7719437 ], [ -84.3965951, 33.7718569 ], [ -84.3964709, 33.7716624 ], [ -84.3963614, 33.7714852 ], [ -84.396350563248248, 33.771462469252405 ], [ -84.3963409, 33.77144220000001 ], [ -84.396309195944212, 33.771369083058289 ], [ -84.396304, 33.7713571 ], [ -84.3962625, 33.7712438 ], [ -84.3962567, 33.7711854 ], [ -84.39623400235817, 33.770409880572423 ] ], [ [ -84.39626214189812, 33.771243812857385 ], [ -84.3961873, 33.7712465 ], [ -84.3961124, 33.7712495 ], [ -84.396112215286436, 33.7712495047668 ] ], [ [ -84.396226, 33.7695665 ], [ -84.3962057, 33.7691051 ], [ -84.3961727, 33.7690032 ], [ -84.3961691, 33.7689462 ], [ -84.396169108251286, 33.768935811624544 ], [ -84.3961692, 33.7688203 ], [ -84.396169129267122, 33.768807470520024 ], [ -84.3961663, 33.7682943 ], [ -84.3961843, 33.768149200000011 ], [ -84.3961935, 33.767942599999984 ], [ -84.396194, 33.767934399999987 ], [ -84.39619331756461, 33.767913159198805 ], [ -84.3961908, 33.76783480000001 ], [ -84.396187742985234, 33.767803410446326 ], [ -84.3961811, 33.7677352 ], [ -84.396178733940431, 33.767701950636422 ], [ -84.3961773, 33.7676818 ], [ -84.396174200000019, 33.7669162 ], [ -84.396175391882664, 33.76686704092117 ], [ -84.3961791, 33.7667141 ], [ -84.396180422683742, 33.766661041298605 ], [ -84.3961992, 33.7659078 ], [ -84.396199361499058, 33.76583916289696 ], [ -84.3962004, 33.7653978 ], [ -84.3962033, 33.765343799999982 ], [ -84.396203780224184, 33.765319356589124 ] ] ] } },
{ "type": "Feature", "properties": { "corridor_id": 19, "corridor_name": "Jonesboro Road Southeast - Harriet Street Southeast - Lakewood Avenue Southeast", "street_names": "Harriet Street Southeast; Jonesboro Road Southeast; Lakewood Avenue Southeast", "n_edges": 21, "length_m": 1196.6424398367028, "length_km": 1.1966424398367028, "mean_score": 47.806778899822064, "total_score": 1008.08949410266, "pair_count_max": 121, "neighborhood_span": 36, "climb_saved_m": 510.09654829414848, "mean_abs_grade": 0.0071695658136089815, "max_grade": 0.030869194781694267, "elev_min_m": 307.54891967773438, "elev_max_m": 313.18344116210938, "elev_range_m": 5.634521484375, "gain_per_km": 3.4855775220570981, "low_stress_share": 0.16516212122973495, "mode": "bike", "n_pieces": 2, "neighborhoods": "Lakewood Heights; South Atlanta", "end_a_lon": -84.381751, "end_a_lat": 33.717342, "end_b_lon": -84.380423, "end_b_lat": 33.707799, "corridor_uid": "bike-106" }, "geometry": { "type": "MultiLineString", "coordinates": [ [ [ -84.381751299826647, 33.717341899328851 ], [ -84.3817264, 33.7172455 ], [ -84.381337900411836, 33.715740801595047 ], [ -84.3813379, 33.7157408 ], [ -84.381323, 33.715683 ], [ -84.381411346794295, 33.715668904219349 ], [ -84.381412, 33.7156688 ], [ -84.381423, 33.715667 ], [ -84.382094930430711, 33.7154963446579 ], [ -84.3820955, 33.7154962 ], [ -84.383312272342721, 33.715184307089338 ], [ -84.3833123, 33.7151843 ], [ -84.383364, 33.715171 ], [ -84.38332, 33.715065 ], [ -84.38297, 33.714221 ], [ -84.382844, 33.713891 ], [ -84.382669, 33.713292 ], [ -84.38257, 33.71295 ], [ -84.382445, 33.712516 ], [ -84.3822854, 33.7119812 ], [ -84.382285399758047, 33.711981199189417 ] ], [ [ -84.382133200209793, 33.711513200528451 ], [ -84.3821332, 33.7115132 ], [ -84.382101, 33.7114322 ], [ -84.381870200581076, 33.710850501464542 ], [ -84.3818702, 33.7108505 ], [ -84.381847, 33.710792 ], [ -84.381794, 33.710665 ], [ -84.381517, 33.710006 ], [ -84.381307, 33.709506 ], [ -84.381142400000016, 33.70911610000001 ], [ -84.38114239828127, 33.709116095930611 ], [ -84.380924, 33.708599 ], [ -84.380788, 33.708334 ], [ -84.380638, 33.708089 ], [ -84.3806218, 33.7080671 ], [ -84.380617786790793, 33.708061682782471 ], [ -84.380426, 33.70780280000001 ], [ -84.380423382627427, 33.707799264325324 ] ] ] } },
{ "type": "Feature", "properties": { "corridor_id": 20, "corridor_name": "New Hope Road Southwest - Heatherland Drive Southwest - Niskey Lake Road Southwest - Danforth Road Southwest", "street_names": "Danforth Road Southwest; Heatherland Drive Southwest; New Hope Road Southwest; Niskey Lake Road Southwest", "n_edges": 14, "length_m": 1986.5627106087554, "length_km": 1.9865627106087553, "mean_score": 66.526248466451889, "total_score": 931.36747853032648, "pair_count_max": 70, "neighborhood_span": 36, "climb_saved_m": 802.59443166758024, "mean_abs_grade": 0.022112832303992445, "max_grade": 0.087968944156833248, "elev_min_m": 264.08187866210938, "elev_max_m": 292.3662109375, "elev_range_m": 28.284332275390625, "gain_per_km": 17.165668774576304, "low_stress_share": 0.0, "mode": "bike", "n_pieces": 1, "neighborhoods": "Midwest Cascade; Niskey Lake", "end_a_lon": -84.537095, "end_a_lat": 33.726965, "end_b_lon": -84.534706, "end_b_lat": 33.713184, "corridor_uid": "bike-107" }, "geometry": { "type": "LineString", "coordinates": [ [ -84.537095, 33.726965 ], [ -84.537467, 33.727199 ], [ -84.537597, 33.727251 ], [ -84.537737, 33.727282 ], [ -84.537869, 33.727289 ], [ -84.5391126, 33.7272588 ], [ -84.5392596, 33.7271971 ], [ -84.539093, 33.726953 ], [ -84.538974, 33.72667 ], [ -84.53888, 33.726381 ], [ -84.538808, 33.726083 ], [ -84.538756, 33.725744 ], [ -84.538742, 33.725432 ], [ -84.538766, 33.725097 ], [ -84.538821, 33.724824 ], [ -84.538936, 33.724115 ], [ -84.5389623, 33.7239689 ], [ -84.539165, 33.722845 ], [ -84.5392457, 33.7223936 ], [ -84.5393039, 33.7220681 ], [ -84.539308244679333, 33.722043774206561 ], [ -84.5393433, 33.7218475 ], [ -84.539428, 33.721374 ], [ -84.539481, 33.721205 ], [ -84.539572, 33.721048 ], [ -84.539697, 33.720908 ], [ -84.539806, 33.72082 ], [ -84.540177, 33.720567 ], [ -84.538769, 33.719511 ], [ -84.537632, 33.718658 ], [ -84.537064, 33.718231 ], [ -84.536832, 33.718035 ], [ -84.536543, 33.717733 ], [ -84.536331, 33.717454 ], [ -84.536182, 33.717208 ], [ -84.536059, 33.716952 ], [ -84.535597926957223, 33.715742306199694 ], [ -84.5355964, 33.7157383 ], [ -84.53556, 33.715633 ], [ -84.535423, 33.715271 ], [ -84.53537, 33.714893 ], [ -84.535291, 33.714508 ], [ -84.535136, 33.713929 ], [ -84.535085, 33.713783 ], [ -84.53498, 33.713577 ], [ -84.534777, 33.713277 ], [ -84.534706, 33.713184 ] ] } },
{ "type": "Feature", "properties": { "corridor_id": 21, "corridor_name": "Marietta Street Northwest", "street_names": "Marietta Street Northwest", "n_edges": 19, "length_m": 622.67404134456001, "length_km": 0.62267404134456006, "mean_score": 46.750211659524155, "total_score": 888.25402153095899, "pair_count_max": 213, "neighborhood_span": 30, "climb_saved_m": 382.52585632396267, "mean_abs_grade": 0.01516370783013209, "max_grade": 0.040891912502315421, "elev_min_m": 310.02960205078125, "elev_max_m": 316.14056396484375, "elev_range_m": 6.1109619140625, "gain_per_km": 3.5511551973941029, "low_stress_share": 0.0, "mode": "bike", "n_pieces": 1, "neighborhoods": "Downtown", "end_a_lon": -84.394416, "end_a_lat": 33.759142, "end_b_lon": -84.397258, "end_b_lat": 33.764124, "corridor_uid": "bike-108" }, "geometry": { "type": "LineString", "coordinates": [ [ -84.394416404654706, 33.759141888842748 ], [ -84.394685944776811, 33.759628256804298 ], [ -84.3946868, 33.7596298 ], [ -84.3947068, 33.7596671 ], [ -84.394887658302622, 33.760028716848858 ], [ -84.3948881, 33.7600296 ], [ -84.3949177, 33.7601041 ], [ -84.3949596, 33.7601832 ], [ -84.394961645606244, 33.760185961782831 ], [ -84.395055, 33.760312 ], [ -84.395106, 33.760384 ], [ -84.395265, 33.760581 ], [ -84.3953136, 33.7606325 ], [ -84.395320431961352, 33.760638922265123 ], [ -84.395375300000012, 33.7606905 ], [ -84.395557, 33.760871 ], [ -84.395560795037071, 33.760874800426222 ], [ -84.3959091, 33.7612236 ], [ -84.395909420426733, 33.761223944257104 ], [ -84.3959965, 33.7613175 ], [ -84.396049969839538, 33.761380144553691 ], [ -84.3960507, 33.761381 ], [ -84.396448, 33.761944 ], [ -84.396523868026961, 33.762057064024596 ], [ -84.3965251, 33.7620589 ], [ -84.396709, 33.762333 ], [ -84.3967669, 33.7624357 ], [ -84.396767797545749, 33.762437275284377 ], [ -84.3967718, 33.7624443 ], [ -84.396853324958741, 33.762588843087499 ], [ -84.3968577, 33.7625966 ], [ -84.396881, 33.762638 ], [ -84.396935858019688, 33.762759686775617 ], [ -84.3969392, 33.7627671 ], [ -84.397023, 33.762953 ], [ -84.397115900128881, 33.763175960309319 ], [ -84.3971175, 33.7631798 ], [ -84.397174291556411, 33.763343125367655 ], [ -84.3971747, 33.7633443 ], [ -84.397184, 33.763389 ], [ -84.3971935, 33.7634404 ], [ -84.397227184047864, 33.763769544123406 ], [ -84.3972272, 33.763769699999983 ], [ -84.3972333, 33.7638402 ], [ -84.3972579, 33.7641242 ], [ -84.397257902460666, 33.76412422248589 ] ] } },
{ "type": "Feature", "properties": { "corridor_id": 22, "corridor_name": "Martin Luther King Junior Drive Southwest", "street_names": "Martin Luther King Junior Drive Southwest", "n_edges": 17, "length_m": 1234.2168507104825, "length_km": 1.2342168507104825, "mean_score": 52.429185241042866, "total_score": 888.17058040250367, "pair_count_max": 78, "neighborhood_span": 27, "climb_saved_m": 604.61323274302231, "mean_abs_grade": 0.022372377602708549, "max_grade": 0.040251367599683563, "elev_min_m": 299.55880737304688, "elev_max_m": 320.02474975585938, "elev_range_m": 20.4659423828125, "gain_per_km": 10.284792776467185, "low_stress_share": 0.0, "mode": "bike", "n_pieces": 2, "neighborhoods": "Florida Heights", "end_a_lon": -84.465383, "end_a_lat": 33.751923, "end_b_lon": -84.44828, "end_b_lat": 33.750364, "corridor_uid": "bike-109" }, "geometry": { "type": "MultiLineString", "coordinates": [ [ [ -84.459166, 33.75085 ], [ -84.459550941909413, 33.75098465535519 ], [ -84.4595545, 33.750985900000011 ], [ -84.459654, 33.751018 ], [ -84.46013, 33.751208 ], [ -84.460910034109347, 33.751561384518652 ], [ -84.4609136, 33.751563 ], [ -84.461490160769159, 33.751832847623895 ], [ -84.4614907, 33.7518331 ], [ -84.461621, 33.751893 ], [ -84.462038, 33.7520626 ], [ -84.462041968214734, 33.752064219031602 ], [ -84.462088, 33.752083 ], [ -84.462634, 33.752265 ], [ -84.462872, 33.752329 ], [ -84.463127, 33.75237 ], [ -84.463404, 33.752384 ], [ -84.46369, 33.752366 ], [ -84.463935, 33.752324 ], [ -84.464352, 33.752219 ], [ -84.4653777, 33.7519249 ], [ -84.465383063957816, 33.751923361927822 ] ], [ [ -84.453937121538516, 33.749949050787897 ], [ -84.4539479, 33.7499483 ] ], [ [ -84.4539479, 33.7499483 ], [ -84.454545440804623, 33.749906640741138 ] ], [ [ -84.4539479, 33.7499483 ], [ -84.4539441, 33.7500563 ], [ -84.4539227, 33.7500909 ], [ -84.4538958, 33.7501098 ], [ -84.4533323, 33.7501494 ], [ -84.453118, 33.7501645 ], [ -84.4528772, 33.7501797 ], [ -84.452865030077959, 33.750180470869175 ], [ -84.4520089, 33.7502347 ], [ -84.451990873771379, 33.750145166411421 ], [ -84.4519908, 33.7501448 ], [ -84.451978923388012, 33.750086010770652 ] ], [ [ -84.448279517415699, 33.750364157351534 ], [ -84.44879, 33.750312 ], [ -84.449470482835196, 33.750262203705127 ], [ -84.4494719, 33.7502621 ], [ -84.450125583858323, 33.750217093891244 ], [ -84.4501284, 33.7502169 ], [ -84.450767755438122, 33.750171494337948 ], [ -84.4507719, 33.7501712 ], [ -84.45197216676857, 33.750085871564558 ] ] ] } },
{ "type": "Feature", "properties": { "corridor_id": 23, "corridor_name": "Westside BeltLine Connector - Atlanta Beltline Westside Trail", "street_names": "Atlanta Beltline Westside Trail; Westside BeltLine Connector; Westside Beltline Connector", "n_edges": 16, "length_m": 2527.6773421971488, "length_km": 2.527677342197149, "mean_score": 51.147080637596183, "total_score": 755.93007281055907, "pair_count_max": 104, "neighborhood_span": 32, "climb_saved_m": 858.01603809021412, "mean_abs_grade": 0.006728379235326638, "max_grade": 0.087023047794415054, "elev_min_m": 278.4158935546875, "elev_max_m": 292.16424560546875, "elev_range_m": 13.74835205078125, "gain_per_km": 1.1337013058101453, "low_stress_share": 1.0, "mode": "bike", "n_pieces": 2, "neighborhoods": "English Avenue; Historic Westin Heights/Bankhead", "end_a_lon": -84.42411, "end_a_lat": 33.765963, "end_b_lon": -84.408616, "end_b_lat": 33.771337, "corridor_uid": "bike-110" }, "geometry": { "type": "MultiLineString", "coordinates": [ [ [ -84.4228192, 33.7746292 ], [ -84.4228733, 33.7746143 ], [ -84.4229211, 33.7745946 ], [ -84.4230189, 33.7745357 ], [ -84.4231247, 33.7744783 ], [ -84.4232334, 33.7744344 ], [ -84.4233477, 33.7744031 ], [ -84.4234728, 33.7743804 ], [ -84.423473612441583, 33.774380149512801 ], [ -84.4235594, 33.7743537 ], [ -84.4234971, 33.7742584 ], [ -84.4233749, 33.7740795 ], [ -84.4233568, 33.7739966 ], [ -84.4233584, 33.7738717 ], [ -84.4234651, 33.7735996 ], [ -84.4235677, 33.7734196 ], [ -84.423621, 33.773276 ], [ -84.4237539, 33.7729686 ], [ -84.4238064, 33.7728108 ], [ -84.423806666544195, 33.772810000367407 ], [ -84.423813, 33.772791 ], [ -84.4238227, 33.7727446 ], [ -84.423848, 33.772624 ], [ -84.423866, 33.772426 ], [ -84.423872, 33.772253 ], [ -84.423864, 33.7721 ], [ -84.423803, 33.771702 ], [ -84.4237918, 33.7716606 ], [ -84.423611, 33.77099 ], [ -84.4233215, 33.7700363 ], [ -84.423156, 33.7694911 ], [ -84.423091, 33.769277 ], [ -84.423013, 33.769005 ], [ -84.4229541, 33.7688006 ], [ -84.422928, 33.76871 ], [ -84.422901, 33.7685932 ], [ -84.4228547, 33.7682512 ], [ -84.422834, 33.768026 ], [ -84.4228359, 33.7678365 ], [ -84.4228492, 33.767679 ], [ -84.4228792, 33.7675342 ], [ -84.422927, 33.767366 ], [ -84.422969, 33.7672572 ], [ -84.4230082, 33.7671552 ], [ -84.4230437, 33.7670729 ], [ -84.4230831, 33.7670076 ], [ -84.423123, 33.766931499999984 ], [ -84.423271, 33.7667091 ], [ -84.4233779, 33.7665792 ], [ -84.4234878, 33.7664549 ], [ -84.4235312, 33.7664106 ], [ -84.4236061, 33.7663355 ], [ -84.4237188, 33.7662386 ], [ -84.4238005, 33.766165 ], [ -84.42392550000001, 33.7660656 ], [ -84.424082, 33.765975 ], [ -84.424110458587734, 33.765962943990566 ] ], [ [ -84.4174304, 33.7748814 ], [ -84.4175368, 33.7748839 ], [ -84.418305, 33.774895 ], [ -84.419692, 33.774903 ], [ -84.4206213, 33.7749016 ], [ -84.4209206, 33.7748993 ], [ -84.421115, 33.7748925 ], [ -84.4212202, 33.7748804 ], [ -84.4213749, 33.7748505 ], [ -84.4215098, 33.7748281 ], [ -84.421669100000017, 33.7748017 ], [ -84.422021316299848, 33.774755824274386 ], [ -84.422043, 33.774753 ], [ -84.422797290010095, 33.77463269453331 ] ], [ [ -84.408615845800583, 33.771336949872413 ], [ -84.4092419, 33.7719519 ], [ -84.409405215169627, 33.77211152713528 ], [ -84.409822, 33.7725189 ], [ -84.4103064, 33.7729911 ], [ -84.410538100000011, 33.7732177 ], [ -84.4108012, 33.7734712 ], [ -84.4109746, 33.7736342 ], [ -84.411157, 33.7738052 ], [ -84.4113579, 33.7739651 ], [ -84.4113833, 33.7739858 ], [ -84.4114324, 33.774025899999984 ], [ -84.4114711, 33.7740561 ], [ -84.411500935551331, 33.774079368333197 ], [ -84.4115238, 33.7740972 ], [ -84.411575448690783, 33.77413563845316 ], [ -84.4116321, 33.7741778 ], [ -84.4117708, 33.77425 ], [ -84.411982, 33.774355300000018 ], [ -84.4121712, 33.7744408 ], [ -84.412380200000015, 33.774525 ], [ -84.4124148, 33.7745378 ], [ -84.4124617, 33.7745552 ], [ -84.412520697373708, 33.774571121107144 ], [ -84.412541, 33.7745766 ], [ -84.4128633, 33.7746406 ], [ -84.4131379, 33.7746979 ], [ -84.413574, 33.7748097 ], [ -84.413861254404807, 33.774880964643856 ], [ -84.4138618, 33.7748811 ], [ -84.4141163, 33.7749619 ], [ -84.414254, 33.7750095 ], [ -84.4143599, 33.7750268 ], [ -84.414474767091903, 33.775028193534908 ], [ -84.4144753, 33.7750282 ], [ -84.414575, 33.7750102 ], [ -84.4146974, 33.7749845 ], [ -84.4148035, 33.7749768 ], [ -84.4149467, 33.7749844 ], [ -84.4150628, 33.7750046 ], [ -84.4152694, 33.7750559 ], [ -84.4153878, 33.7750815 ], [ -84.415420375991914, 33.775079398323101 ], [ -84.4154281, 33.7750789 ], [ -84.4154684, 33.7750763 ], [ -84.4155282, 33.7750641 ], [ -84.4155942, 33.7750438 ], [ -84.415683, 33.7750095 ], [ -84.4157752, 33.7749524 ], [ -84.4158737, 33.7749045 ], [ -84.4159508, 33.7748806 ], [ -84.416049, 33.7748636 ], [ -84.4161519, 33.7748578 ], [ -84.4162527, 33.7748584 ], [ -84.4169252, 33.7748666 ], [ -84.4170551, 33.7748746 ], [ -84.41714, 33.7748781 ], [ -84.417140023380668, 33.774878100335471 ] ] ] } },
{ "type": "Feature", "properties": { "corridor_id": 24, "corridor_name": "Northside Drive Northwest - Broadland Road Northwest", "street_names": "Broadland Road Northwest; Northside Drive Northwest", "n_edges": 17, "length_m": 1504.7697929297412, "length_km": 1.5047697929297412, "mean_score": 42.542698627999286, "total_score": 723.22587667598782, "pair_count_max": 58, "neighborhood_span": 36, "climb_saved_m": 449.84717945152681, "mean_abs_grade": 0.017731042428127775, "max_grade": 0.049951895606737309, "elev_min_m": 247.41612243652344, "elev_max_m": 257.471923828125, "elev_range_m": 10.055801391601562, "gain_per_km": 10.428032110596217, "low_stress_share": 0.34772657813056951, "mode": "bike", "n_pieces": 1, "neighborhoods": "Chastain Park; Kingswood; Mt. Paran/Northside; Tuxedo Park", "end_a_lon": -84.405106, "end_a_lat": 33.856475, "end_b_lon": -84.400938, "end_b_lat": 33.867607, "corridor_uid": "bike-111" }, "geometry": { "type": "LineString", "coordinates": [ [ -84.405105739941021, 33.856474882433048 ], [ -84.4051056, 33.8564751 ], [ -84.405076, 33.856521 ], [ -84.404974, 33.856648 ], [ -84.404602, 33.85706 ], [ -84.404422, 33.857301 ], [ -84.404387792387823, 33.857358167974432 ], [ -84.4043706, 33.857386900000016 ], [ -84.404324, 33.857465 ], [ -84.403949808449909, 33.858161707659363 ], [ -84.4039337, 33.8581917 ], [ -84.403897, 33.85826 ], [ -84.403850986351969, 33.858357071981722 ], [ -84.4038368, 33.858387 ], [ -84.403718271647833, 33.858647925113935 ], [ -84.4037057, 33.8586756 ], [ -84.403687729321447, 33.858715099907322 ], [ -84.4036754, 33.8587422 ], [ -84.403596, 33.858917 ], [ -84.40345, 33.859317 ], [ -84.403426, 33.859441 ], [ -84.403419, 33.859563 ], [ -84.403423385453479, 33.859618577189266 ], [ -84.4034242, 33.8596289 ], [ -84.40344, 33.859831 ], [ -84.403444747698941, 33.859860789483527 ], [ -84.4034451, 33.859863 ], [ -84.403456, 33.859932 ], [ -84.403558, 33.860393 ], [ -84.4036496, 33.8606792 ], [ -84.403651784857615, 33.860686020022847 ], [ -84.403671, 33.860746 ], [ -84.404435, 33.862583 ], [ -84.4046998, 33.8632167 ], [ -84.404754, 33.863346 ], [ -84.4048399, 33.8635242 ], [ -84.404969288681102, 33.86386187046061 ], [ -84.4049693, 33.8638619 ], [ -84.405256, 33.864548 ], [ -84.405329, 33.864725 ], [ -84.404668, 33.864926 ], [ -84.404435, 33.865009 ], [ -84.404122, 33.865152 ], [ -84.403847, 33.865315 ], [ -84.403657, 33.865454 ], [ -84.4030987428511, 33.865896158585883 ], [ -84.403067, 33.8659213 ], [ -84.402818930927765, 33.866117759196385 ], [ -84.4027911, 33.8661398 ], [ -84.402342567136415, 33.866495035736108 ], [ -84.402321400000019, 33.8665118 ], [ -84.400937927135701, 33.867607490530574 ] ] } },
{ "type": "Feature", "properties": { "corridor_id": 25, "corridor_name": "County Line Road Southwest", "street_names": "County Line Road Southwest; Niskey Lake Road Southwest", "n_edges": 11, "length_m": 1610.3851573718587, "length_km": 1.6103851573718586, "mean_score": 59.751662470870784, "total_score": 665.9706429258091, "pair_count_max": 70, "neighborhood_span": 36, "climb_saved_m": 659.93492286113724, "mean_abs_grade": 0.020433852184613587, "max_grade": 0.063013999719150865, "elev_min_m": 284.76486206054688, "elev_max_m": 302.17660522460938, "elev_range_m": 17.4117431640625, "gain_per_km": 13.202176822286763, "low_stress_share": 0.0, "mode": "bike", "n_pieces": 2, "neighborhoods": "Niskey Lake; Regency Trace", "end_a_lon": -84.535356, "end_a_lat": 33.696567, "end_b_lon": -84.534904, "end_b_lat": 33.711047, "corridor_uid": "bike-112" }, "geometry": { "type": "MultiLineString", "coordinates": [ [ [ -84.536644912382812, 33.70380016052264 ], [ -84.53667, 33.703134 ], [ -84.536646, 33.703046 ], [ -84.536493, 33.702726 ], [ -84.536416, 33.702457 ], [ -84.5362898, 33.701459699999987 ], [ -84.536288781853173, 33.701451646023003 ], [ -84.536215, 33.700868 ], [ -84.5360616, 33.6996208 ], [ -84.535964, 33.698827 ], [ -84.535932, 33.698653 ], [ -84.535881, 33.698483 ], [ -84.535811, 33.698317 ], [ -84.5357383, 33.6981956 ], [ -84.5356003, 33.6979509 ], [ -84.5355131, 33.6977731 ], [ -84.5354728, 33.6976701 ], [ -84.535472104443912, 33.697668320002805 ], [ -84.5354195, 33.6975337 ], [ -84.535373, 33.6973443 ], [ -84.5353456, 33.6971009 ], [ -84.535345665047956, 33.697097504496881 ], [ -84.5353556, 33.6965789 ], [ -84.535355870028212, 33.696567296502103 ] ], [ [ -84.5349038, 33.7110467 ], [ -84.534918, 33.71096 ], [ -84.535004, 33.710719 ], [ -84.535148, 33.710415 ], [ -84.535252, 33.710239 ], [ -84.535531, 33.709847 ], [ -84.535915, 33.709306 ], [ -84.53601, 33.709125 ], [ -84.536054329875739, 33.708994272956232 ], [ -84.5360629, 33.708969 ], [ -84.536074, 33.708935 ], [ -84.536101, 33.708795 ], [ -84.5362535, 33.7078895 ], [ -84.536365, 33.706624 ], [ -84.536448, 33.706187 ], [ -84.5366168, 33.7055669 ], [ -84.5366343, 33.7054712 ], [ -84.536662, 33.705265 ], [ -84.536688, 33.704924 ], [ -84.53667, 33.704579 ], [ -84.536642, 33.704339 ], [ -84.5366356, 33.7041816 ], [ -84.536635490131502, 33.704178912447517 ] ] ] } },
{ "type": "Feature", "properties": { "corridor_id": 26, "corridor_name": "Stone Mountain Trail", "street_names": "Stone Mountain Trail", "n_edges": 14, "length_m": 2447.8586707359896, "length_km": 2.4478586707359895, "mean_score": 47.235381048631091, "total_score": 662.45373839517117, "pair_count_max": 96, "neighborhood_span": 34, "climb_saved_m": 628.25283991236938, "mean_abs_grade": 0.010415772184286232, "max_grade": 0.025312891994782268, "elev_min_m": 298.43756103515625, "elev_max_m": 319.64089965820312, "elev_range_m": 21.203338623046875, "gain_per_km": 6.8031448899066573, "low_stress_share": 1.0, "mode": "bike", "n_pieces": 3, "neighborhoods": "Downtown; Inman Park; Old Fourth Ward", "end_a_lon": -84.352603, "end_a_lat": 33.76891, "end_b_lon": -84.381783, "end_b_lat": 33.762053, "corridor_uid": "bike-113" }, "geometry": { "type": "MultiLineString", "coordinates": [ [ [ -84.366372323862024, 33.761376443948905 ], [ -84.3667056, 33.7612262 ], [ -84.3669716, 33.7611049 ], [ -84.3674036, 33.7608982 ], [ -84.3677041, 33.7607612 ], [ -84.368057600000014, 33.7606042 ], [ -84.3682988, 33.7604719 ], [ -84.3683907, 33.7604336 ], [ -84.3686625, 33.7603489 ], [ -84.3689288, 33.7602584 ], [ -84.369223, 33.7601571 ], [ -84.3693902, 33.7600812 ], [ -84.3695284, 33.7600145 ], [ -84.3696555, 33.7599563 ], [ -84.3696972, 33.7599429 ], [ -84.3697489, 33.7599338 ], [ -84.36978867733032, 33.759929457496689 ], [ -84.3698405, 33.7599238 ], [ -84.3700285, 33.7599172 ], [ -84.3701277, 33.759915 ], [ -84.370200337220112, 33.759914608635675 ], [ -84.3703133, 33.759914 ], [ -84.3706624, 33.7599132 ], [ -84.3709799, 33.7599203 ], [ -84.3714313, 33.7599307 ], [ -84.3715034, 33.7599294 ], [ -84.3715565, 33.7599198 ], [ -84.3716647, 33.7598938 ], [ -84.3717048, 33.7599263 ], [ -84.3717429, 33.7599483 ], [ -84.3717818, 33.75996 ], [ -84.3718298, 33.7599676 ], [ -84.3718755, 33.7599799 ], [ -84.3719242, 33.7600149 ], [ -84.3719516, 33.7600343 ] ], [ [ -84.3526025, 33.7689105 ], [ -84.3526424, 33.7688839 ], [ -84.3526742, 33.7688671 ], [ -84.3527156, 33.7688304 ], [ -84.35278150000002, 33.7687467 ], [ -84.3528977, 33.7685788 ], [ -84.3529285, 33.7685459 ], [ -84.3529547, 33.7685251 ], [ -84.3530249, 33.7684838 ], [ -84.3531305, 33.7684358 ], [ -84.3533037, 33.7683587 ], [ -84.353472300000021, 33.7682855 ], [ -84.3535607, 33.7682383 ], [ -84.3536441, 33.768185 ], [ -84.353663372437921, 33.768168805555796 ], [ -84.3536992, 33.7681387 ], [ -84.3537567, 33.7680904 ], [ -84.3538133, 33.7680269 ], [ -84.3547517, 33.7667592 ], [ -84.3548063, 33.7666909 ], [ -84.3548698, 33.7666338 ], [ -84.3549396, 33.766572 ], [ -84.3550005, 33.7665139 ], [ -84.35509, 33.766408 ], [ -84.355336500000021, 33.7660896 ], [ -84.3553683, 33.766019 ], [ -84.3553803, 33.765972 ], [ -84.3553931, 33.7659156 ], [ -84.355396188174339, 33.76588528382343 ], [ -84.3554275, 33.7655779 ], [ -84.3554223, 33.7655017 ], [ -84.3553923, 33.7653175 ], [ -84.3554006, 33.7652306 ], [ -84.3554189, 33.7651653 ], [ -84.3554463, 33.7650971 ], [ -84.3554909, 33.7650187 ], [ -84.355491661093524, 33.765017876428651 ], [ -84.3555445, 33.7649607 ], [ -84.355618, 33.7648874 ], [ -84.3557157, 33.764813 ], [ -84.3558454, 33.7647128 ], [ -84.356008528447347, 33.764585145655289 ], [ -84.3560321, 33.7645667 ], [ -84.3562274, 33.7644168 ], [ -84.3563324, 33.7643533 ], [ -84.3564034, 33.764316 ], [ -84.3564788, 33.764292 ], [ -84.3565482, 33.76428 ], [ -84.356787560767216, 33.764273620561049 ], [ -84.3570022, 33.7642679 ], [ -84.3573207, 33.7642839 ], [ -84.357363873681436, 33.76428862301411 ], [ -84.3575474, 33.7643087 ], [ -84.357665262797454, 33.764327255226299 ], [ -84.357865, 33.76435870000001 ], [ -84.3581998, 33.764401499999984 ], [ -84.358674, 33.7644702 ], [ -84.3587402, 33.7644759 ], [ -84.3588156, 33.7644751 ], [ -84.35888850000002, 33.7644682 ], [ -84.3589637, 33.764455499999983 ], [ -84.3592275, 33.7643898 ], [ -84.3593487, 33.76434960000001 ], [ -84.3595472, 33.7642752 ], [ -84.3598907, 33.7641454 ], [ -84.3600496, 33.7640826 ], [ -84.3601115, 33.764060699999987 ], [ -84.3607266, 33.7637647 ], [ -84.360862, 33.7636755 ], [ -84.3612639, 33.7634953 ], [ -84.3614522, 33.7634211 ], [ -84.3616465, 33.7633333 ], [ -84.3618903, 33.7632083 ], [ -84.3620455, 33.7631386 ], [ -84.3621508, 33.763104 ], [ -84.3622378, 33.7630831 ], [ -84.3625505, 33.763003 ], [ -84.362741, 33.7629516 ], [ -84.3628187, 33.7629306 ], [ -84.363005245196632, 33.762870196611068 ], [ -84.363025, 33.7628638 ], [ -84.3632507, 33.76278 ], [ -84.3635031, 33.7626649 ], [ -84.3637467, 33.7625463 ], [ -84.3639739, 33.7624311 ], [ -84.3640393, 33.7623954 ], [ -84.364191253918833, 33.762304502057589 ], [ -84.3642165, 33.7622894 ], [ -84.3644038, 33.7621568 ], [ -84.3645344, 33.762074 ], [ -84.3646628, 33.762004 ], [ -84.3648047, 33.7619288 ], [ -84.3648723, 33.761891899999988 ], [ -84.364964836022125, 33.761839282710241 ] ], [ [ -84.381782808515297, 33.762052921730678 ], [ -84.3817386, 33.7620676 ], [ -84.3816725, 33.7620801 ], [ -84.3816093, 33.7620831 ], [ -84.381126, 33.7620872 ], [ -84.3809532, 33.7620848 ], [ -84.3808496, 33.7620724 ], [ -84.3807302, 33.7620515 ], [ -84.3806444, 33.762032 ], [ -84.3805559, 33.7620078 ], [ -84.3804539, 33.761974299999984 ], [ -84.3803665, 33.7619406 ], [ -84.3802968, 33.7619102 ], [ -84.3802052, 33.7618673 ], [ -84.380054, 33.7617745 ], [ -84.3798635, 33.761653 ], [ -84.3796261, 33.7615114 ], [ -84.379482, 33.7614439 ], [ -84.3793868, 33.7614066 ], [ -84.3792741, 33.7613698 ], [ -84.3791165, 33.7613297 ], [ -84.378975, 33.761304599999988 ], [ -84.3788161, 33.761289 ], [ -84.3786894, 33.7612823 ], [ -84.3785472, 33.7612856 ], [ -84.3783501, 33.7612867 ], [ -84.3781538, 33.7612921 ], [ -84.3780706, 33.7612965 ], [ -84.378058491998644, 33.7612968901146 ] ] ] } },
{ "type": "Feature", "properties": { "corridor_id": 27, "corridor_name": "Hamilton E Holmes Drive Northwest", "street_names": "Hamilton E Holmes Drive Northwest; Oldknow Drive Northwest", "n_edges": 14, "length_m": 1404.6476855361798, "length_km": 1.4046476855361798, "mean_score": 46.697949077148238, "total_score": 653.94029379943277, "pair_count_max": 82, "neighborhood_span": 36, "climb_saved_m": 447.36459237278655, "mean_abs_grade": 0.010106002916529903, "max_grade": 0.05649537380512959, "elev_min_m": 289.75070190429688, "elev_max_m": 299.62979125976562, "elev_range_m": 9.87908935546875, "gain_per_km": 5.4444630984567235, "low_stress_share": 0.16353382691320942, "mode": "bike", "n_pieces": 2, "neighborhoods": "Center Hill; Collier Heights", "end_a_lon": -84.47003, "end_a_lat": 33.763853, "end_b_lon": -84.473601, "end_b_lat": 33.773677, "corridor_uid": "bike-114" }, "geometry": { "type": "MultiLineString", "coordinates": [ [ [ -84.471916604592352, 33.769108404793478 ], [ -84.4719166, 33.7691084 ], [ -84.471201, 33.76836 ], [ -84.4709496, 33.7680819 ], [ -84.470949598837009, 33.768081898713639 ], [ -84.470598, 33.767693 ], [ -84.470497301776703, 33.767514414186742 ], [ -84.4704947, 33.7675098 ], [ -84.470425, 33.767386 ], [ -84.470303, 33.767128 ], [ -84.470202, 33.766858 ], [ -84.470118, 33.766561 ], [ -84.470064, 33.766274 ], [ -84.470035, 33.765992 ], [ -84.470016, 33.765201 ], [ -84.4700291, 33.763982 ], [ -84.4700305, 33.7638526 ] ], [ [ -84.473505, 33.77175 ], [ -84.474856, 33.771762 ], [ -84.475984, 33.771771 ] ], [ [ -84.473601, 33.773677 ], [ -84.4735303, 33.7722578 ], [ -84.473530299995772, 33.772257799915273 ], [ -84.473505, 33.77175 ] ], [ [ -84.473505, 33.77175 ], [ -84.473468, 33.771167 ], [ -84.473428, 33.770929 ], [ -84.473372, 33.770717 ], [ -84.4732, 33.770479 ], [ -84.473012, 33.770259 ], [ -84.472681501458169, 33.769911801531862 ], [ -84.4726815, 33.7699118 ], [ -84.472570303419047, 33.769795003591241 ], [ -84.4725703, 33.769795 ], [ -84.471998313084967, 33.769194213743781 ] ] ] } },
{ "type": "Feature", "properties": { "corridor_id": 28, "corridor_name": "Langston Avenue Southwest - Murphy Avenue Southwest", "street_names": "Langston Avenue Southwest; Murphy Avenue Southwest", "n_edges": 18, "length_m": 1437.7246863602732, "length_km": 1.4377246863602731, "mean_score": 35.321795125895086, "total_score": 635.79231226611159, "pair_count_max": 69, "neighborhood_span": 36, "climb_saved_m": 318.32909750935715, "mean_abs_grade": 0.012959230193806376, "max_grade": 0.048378612246529729, "elev_min_m": 309.2672119140625, "elev_max_m": 321.15655517578125, "elev_range_m": 11.88934326171875, "gain_per_km": 4.3163260222461286, "low_stress_share": 1.0, "mode": "bike", "n_pieces": 1, "neighborhoods": "Capitol View; Sylvan Hills", "end_a_lon": -84.424681, "end_a_lat": 33.717092, "end_b_lon": -84.420558, "end_b_lat": 33.705546, "corridor_uid": "bike-115" }, "geometry": { "type": "LineString", "coordinates": [ [ -84.424681, 33.717092 ], [ -84.4247427, 33.7169112 ], [ -84.424975648852737, 33.716228049995401 ], [ -84.4249757, 33.7162279 ], [ -84.425132522166862, 33.715768028241101 ], [ -84.4251326, 33.7157678 ], [ -84.425389, 33.7149928 ], [ -84.425389105165394, 33.714992496175341 ], [ -84.425562, 33.714493 ], [ -84.425500397670746, 33.714486811203408 ], [ -84.4254973, 33.7144865 ], [ -84.425074, 33.714441 ], [ -84.424957, 33.714411 ], [ -84.424858, 33.714371 ], [ -84.424758, 33.714312 ], [ -84.424672, 33.71424 ], [ -84.424416, 33.713928 ], [ -84.424266, 33.713742 ], [ -84.423893, 33.713278 ], [ -84.423779, 33.713104 ], [ -84.423682, 33.712878 ], [ -84.4235896, 33.7125111 ], [ -84.4229719, 33.7101005 ], [ -84.422971899298474, 33.710100497267952 ], [ -84.422952, 33.710023 ], [ -84.4229308, 33.7099629 ], [ -84.422930749530636, 33.709962757342389 ], [ -84.422628, 33.709107 ], [ -84.4223128, 33.70833050000001 ], [ -84.422312735838148, 33.708330342082277 ], [ -84.422287, 33.708267 ], [ -84.422269, 33.7082256 ], [ -84.422268702898066, 33.708224918384303 ], [ -84.422148, 33.707948 ], [ -84.422003, 33.707677 ], [ -84.421853, 33.707441 ], [ -84.4216115, 33.7071049 ], [ -84.421610975715964, 33.707104171311563 ], [ -84.421572, 33.70705 ], [ -84.4215439, 33.7070078 ], [ -84.421543856076283, 33.707007734141243 ], [ -84.420643, 33.705657 ], [ -84.4205592, 33.7055472 ], [ -84.420558445245163, 33.705546211548132 ] ] } },
{ "type": "Feature", "properties": { "corridor_id": 29, "corridor_name": "Cottage Grove Avenue Southeast - Memorial Drive Southeast", "street_names": "Cottage Grove Avenue Southeast; Memorial Drive Southeast", "n_edges": 14, "length_m": 852.73643518299536, "length_km": 0.85273643518299536, "mean_score": 43.527954312023148, "total_score": 609.39136036832406, "pair_count_max": 70, "neighborhood_span": 36, "climb_saved_m": 391.9613779509657, "mean_abs_grade": 0.016216999906654084, "max_grade": 0.059052575717857075, "elev_min_m": 301.00653076171875, "elev_max_m": 306.74124145507812, "elev_range_m": 5.734710693359375, "gain_per_km": 12.158732935872656, "low_stress_share": 0.90312742404803303, "mode": "bike", "n_pieces": 1, "neighborhoods": "East Lake; Kirkwood", "end_a_lon": -84.313681, "end_a_lat": 33.749982, "end_b_lon": -84.305223, "end_b_lat": 33.747227, "corridor_uid": "bike-116" }, "geometry": { "type": "LineString", "coordinates": [ [ -84.313680815859328, 33.749982191794679 ], [ -84.3136761, 33.7499812 ], [ -84.3133918, 33.7499188 ], [ -84.313123600000011, 33.749834 ], [ -84.31285, 33.7497002 ], [ -84.3118506, 33.7491584 ], [ -84.3117897, 33.7491241 ], [ -84.311357, 33.7488902 ], [ -84.3113045, 33.74886630000001 ], [ -84.311304415271309, 33.748866261275552 ], [ -84.3112207, 33.748828 ], [ -84.3111443, 33.7487996 ], [ -84.311143698210188, 33.748799387006976 ], [ -84.3110375, 33.7487618 ], [ -84.3108489, 33.7487019 ], [ -84.3103874, 33.7485776 ], [ -84.310298, 33.7485531 ], [ -84.3102287, 33.748534 ], [ -84.3096383, 33.7483736 ], [ -84.309637990337052, 33.748373515889504 ], [ -84.3093839, 33.74830450000001 ], [ -84.3089776, 33.7482012 ], [ -84.3089086, 33.7481831 ], [ -84.308668943204808, 33.748120489662256 ], [ -84.3086686, 33.7481204 ], [ -84.3083882, 33.74804180000001 ], [ -84.307598, 33.747827 ], [ -84.307592348775017, 33.747825293969818 ], [ -84.3075821, 33.7478222 ], [ -84.3074055, 33.7477692 ], [ -84.307345, 33.747751 ], [ -84.307237616769001, 33.747703776708867 ], [ -84.3072263, 33.7476988 ], [ -84.307002, 33.7476 ], [ -84.306824, 33.7475082 ], [ -84.306722763903252, 33.747441617797904 ], [ -84.30672, 33.7474398 ], [ -84.3066393, 33.7473868 ], [ -84.3061143, 33.7472423 ], [ -84.305995507949163, 33.747241800033457 ], [ -84.3059955, 33.7472418 ], [ -84.305223301954641, 33.747227100037215 ] ] } },
{ "type": "Feature", "properties": { "corridor_id": 30, "corridor_name": "DeKalb Avenue - DeKalb Avenue Northeast", "street_names": "DeKalb Avenue; DeKalb Avenue Northeast", "n_edges": 12, "length_m": 858.05378405899182, "length_km": 0.8580537840589918, "mean_score": 46.948479108542585, "total_score": 563.38174930251103, "pair_count_max": 91, "neighborhood_span": 28, "climb_saved_m": 316.26979904935138, "mean_abs_grade": 0.0040366036706025871, "max_grade": 0.011233829271848123, "elev_min_m": 312.73233032226562, "elev_max_m": 314.64376831054688, "elev_range_m": 1.91143798828125, "gain_per_km": 1.3303122874043785, "low_stress_share": 0.0, "mode": "bike", "n_pieces": 1, "neighborhoods": "Inman Park; Reynoldstown", "end_a_lon": -84.356647, "end_a_lat": 33.755059, "end_b_lon": -84.349534, "end_b_lat": 33.759957, "corridor_uid": "bike-117" }, "geometry": { "type": "LineString", "coordinates": [ [ -84.356647362429129, 33.755059385130906 ], [ -84.3566464, 33.755059799999984 ], [ -84.3564917, 33.7551263 ], [ -84.3564395, 33.7551488 ], [ -84.356186, 33.7552659 ], [ -84.356043732694502, 33.755336986575543 ], [ -84.356034900000012, 33.7553414 ], [ -84.3559004, 33.7554086 ], [ -84.3556643, 33.755539 ], [ -84.355581436244051, 33.755586325205442 ], [ -84.3555715, 33.755592 ], [ -84.3554806, 33.7556439 ], [ -84.355382474807783, 33.755703763690029 ], [ -84.3553734, 33.7557093 ], [ -84.355205, 33.755812 ], [ -84.3551414, 33.755857 ], [ -84.3547282, 33.7561434 ], [ -84.3542317, 33.756513499999983 ], [ -84.3542012, 33.75653590000001 ], [ -84.3538699, 33.756789 ], [ -84.353658, 33.756956 ], [ -84.3535574, 33.7570443 ], [ -84.3531578, 33.7574267 ], [ -84.3530136, 33.7575665 ], [ -84.352961900000011, 33.757618 ], [ -84.3529, 33.757677 ], [ -84.3527742, 33.7577824 ], [ -84.3526227, 33.7579028 ], [ -84.352447, 33.75803890000001 ], [ -84.352226, 33.758195 ], [ -84.3518961, 33.7584265 ], [ -84.351681200000016, 33.7585774 ], [ -84.351597970542485, 33.758634051983684 ], [ -84.3515979, 33.7586341 ], [ -84.3510537, 33.7590089 ], [ -84.3509678, 33.759068 ], [ -84.3506285, 33.759301 ], [ -84.3503294, 33.7595017 ], [ -84.3501712, 33.7595987 ], [ -84.3499938, 33.7597037 ], [ -84.3498104, 33.7598095 ], [ -84.349534, 33.759957300000011 ] ] } },
{ "type": "Feature", "properties": { "corridor_id": 31, "corridor_name": "Forsyth Street Southwest - Ted Turner Drive Southwest - Nelson Street Southwest", "street_names": "Forsyth Street Southwest; Nelson Street Southwest; Ted Turner Drive Southwest", "n_edges": 12, "length_m": 474.75734643032234, "length_km": 0.47475734643032236, "mean_score": 46.935210646597405, "total_score": 563.22252775916888, "pair_count_max": 255, "neighborhood_span": 29, "climb_saved_m": 317.652459116893, "mean_abs_grade": 0.016131995241628557, "max_grade": 0.033080408147185124, "elev_min_m": 317.5706787109375, "elev_max_m": 322.2919921875, "elev_range_m": 4.7213134765625, "gain_per_km": 11.333015000950402, "low_stress_share": 0.31612989340133713, "mode": "bike", "n_pieces": 1, "neighborhoods": "Castleberry Hill; Downtown", "end_a_lon": -84.396797, "end_a_lat": 33.750975, "end_b_lon": -84.393526, "end_b_lat": 33.752717, "corridor_uid": "bike-118" }, "geometry": { "type": "LineString", "coordinates": [ [ -84.396796528693784, 33.750974864203556 ], [ -84.3967965, 33.750974900000017 ], [ -84.3966957, 33.7511011 ], [ -84.396655732801193, 33.751150959080505 ], [ -84.3966557, 33.751151 ], [ -84.396532443762297, 33.75130504530599 ], [ -84.3965324, 33.7513051 ], [ -84.3963624, 33.7515176 ], [ -84.3962585, 33.7516474 ], [ -84.396210330922841, 33.751708260929455 ], [ -84.3962103, 33.7517083 ], [ -84.3961712, 33.7517577 ], [ -84.396100155954244, 33.751721028882152 ], [ -84.3961001, 33.751721 ], [ -84.395653800000019, 33.7514935 ], [ -84.3948818, 33.7510814 ], [ -84.394881422739886, 33.751081216333908 ], [ -84.3947982, 33.7510407 ], [ -84.3947547, 33.7511024 ], [ -84.39475444047514, 33.751102738918512 ], [ -84.394372914765, 33.751600980718102 ], [ -84.3943729, 33.751601 ], [ -84.394329, 33.7516591 ], [ -84.3942831, 33.7517229 ], [ -84.394282880682326, 33.751723185358017 ], [ -84.3941041, 33.7519558 ], [ -84.3939685, 33.7521322 ], [ -84.3938684, 33.7522636 ], [ -84.3936629, 33.7525333 ], [ -84.3936609, 33.752536 ], [ -84.3935569, 33.7526725 ], [ -84.3935264, 33.7527168 ], [ -84.393526067797509, 33.752717281001516 ] ] } },
{ "type": "Feature", "properties": { "corridor_id": 32, "corridor_name": "Trolley Line Trail", "street_names": "Trolley Line Trail", "n_edges": 12, "length_m": 1173.9804813753599, "length_km": 1.1739804813753598, "mean_score": 46.609158482081035, "total_score": 559.30990178497245, "pair_count_max": 92, "neighborhood_span": 25, "climb_saved_m": 527.03566517435172, "mean_abs_grade": 0.017734776903296445, "max_grade": 0.074425603933748155, "elev_min_m": 287.49526977539062, "elev_max_m": 298.50677490234375, "elev_range_m": 11.011505126953125, "gain_per_km": 9.6245567343757248, "low_stress_share": 1.0, "mode": "bike", "n_pieces": 1, "neighborhoods": "Edgewood; Kirkwood", "end_a_lon": -84.334783, "end_a_lat": 33.753324, "end_b_lon": -84.345382, "end_b_lat": 33.748842, "corridor_uid": "bike-119" }, "geometry": { "type": "LineString", "coordinates": [ [ -84.334783200000018, 33.7533242 ], [ -84.33495, 33.75271020000001 ], [ -84.3350025, 33.7525431 ], [ -84.3351834, 33.7521929 ], [ -84.3353074, 33.7519788 ], [ -84.3354251, 33.7518159 ], [ -84.3356903, 33.7515694 ], [ -84.3359067, 33.7514079 ], [ -84.3361596, 33.751228 ], [ -84.3364432, 33.7510771 ], [ -84.336512821294463, 33.751049024201954 ], [ -84.3368598, 33.7509091 ], [ -84.336904975246185, 33.750895023499368 ], [ -84.3374901, 33.7507127 ], [ -84.337572, 33.750687 ], [ -84.337572003915028, 33.750686998775194 ], [ -84.3376436, 33.7506646 ], [ -84.3387594, 33.7503147 ], [ -84.338761455716892, 33.75031404836156 ], [ -84.3395364, 33.7500684 ], [ -84.3396057, 33.7500465 ], [ -84.339609625310644, 33.750045255682529 ], [ -84.339671, 33.750025799999989 ], [ -84.3404942, 33.7497653 ], [ -84.3410253, 33.7496255 ], [ -84.3414589, 33.7495262 ], [ -84.3419276, 33.7494498 ], [ -84.3421209, 33.749418 ], [ -84.3421523, 33.7493737 ], [ -84.3422343, 33.7493585 ], [ -84.342234301086677, 33.74935849979893 ], [ -84.3423332, 33.7493402 ], [ -84.3439105, 33.7490809 ], [ -84.3445441, 33.7489827 ], [ -84.344588631309691, 33.748975741982868 ], [ -84.3445889, 33.7489757 ], [ -84.3446564, 33.7489652 ], [ -84.3447646, 33.7489485 ], [ -84.3453822, 33.7488422 ] ] } },
{ "type": "Feature", "properties": { "corridor_id": 33, "corridor_name": "Jonesboro Road Southeast", "street_names": "Jonesboro Road Southeast", "n_edges": 10, "length_m": 1362.5775119570797, "length_km": 1.3625775119570795, "mean_score": 52.034028700044054, "total_score": 520.34028700044053, "pair_count_max": 70, "neighborhood_span": 36, "climb_saved_m": 398.12219144069536, "mean_abs_grade": 0.024741438856001399, "max_grade": 0.056039236149070283, "elev_min_m": 267.62744140625, "elev_max_m": 301.33956909179688, "elev_range_m": 33.712127685546875, "gain_per_km": 0.0, "low_stress_share": 0.0, "mode": "bike", "n_pieces": 1, "neighborhoods": "Lakewood; Lakewood Heights; Norwood Manor", "end_a_lon": -84.376578, "end_a_lat": 33.703083, "end_b_lon": -84.367285, "end_b_lat": 33.693733, "corridor_uid": "bike-120" }, "geometry": { "type": "LineString", "coordinates": [ [ -84.376578261882074, 33.703082977108174 ], [ -84.3765781, 33.7030829 ], [ -84.376386, 33.702983 ], [ -84.374924, 33.702235 ], [ -84.374846, 33.702195 ], [ -84.374515, 33.70198 ], [ -84.374219, 33.701721 ], [ -84.372915, 33.70026 ], [ -84.372853530086928, 33.700193994630226 ], [ -84.3728513, 33.7001916 ], [ -84.372392, 33.699698 ], [ -84.37163611920117, 33.698866351434887 ], [ -84.3716348, 33.6988649 ], [ -84.371563940406219, 33.698786885841422 ], [ -84.3715625, 33.6987853 ], [ -84.371524, 33.698743 ], [ -84.3714862, 33.6987 ], [ -84.37108827581612, 33.698247110605458 ], [ -84.3710873, 33.698246 ], [ -84.370984852544467, 33.698129370563684 ], [ -84.370984, 33.6981284 ], [ -84.370627, 33.697722 ], [ -84.3698691, 33.696865499999987 ], [ -84.369575873313252, 33.696528747476926 ], [ -84.3695747, 33.6965274 ], [ -84.368188, 33.694935 ], [ -84.367828, 33.694475 ], [ -84.367397, 33.693864 ], [ -84.3672864, 33.6937347 ], [ -84.36728517681253, 33.693733267957846 ] ] } },
{ "type": "Feature", "properties": { "corridor_id": 34, "corridor_name": "Campbellton Road Southwest", "street_names": "Campbellton Road Southwest", "n_edges": 13, "length_m": 549.33232542113353, "length_km": 0.54933232542113353, "mean_score": 39.966537516903557, "total_score": 519.56498771974623, "pair_count_max": 145, "neighborhood_span": 36, "climb_saved_m": 202.68709424240913, "mean_abs_grade": 0.023240659691862217, "max_grade": 0.036167910114792513, "elev_min_m": 278.8636474609375, "elev_max_m": 288.64035034179688, "elev_range_m": 9.776702880859375, "gain_per_km": 17.797428675554968, "low_stress_share": 0.0, "mode": "bike", "n_pieces": 1, "neighborhoods": "Baker Hills at Campbellton; Southwest", "end_a_lon": -84.474789, "end_a_lat": 33.702609, "end_b_lon": -84.480107, "end_b_lat": 33.700607, "corridor_uid": "bike-121" }, "geometry": { "type": "LineString", "coordinates": [ [ -84.474788756963349, 33.702608866374113 ], [ -84.4747924, 33.7026082 ], [ -84.475494328636188, 33.702479724217213 ], [ -84.4754961, 33.7024794 ], [ -84.475651751143417, 33.702450847433568 ], [ -84.475653100000017, 33.7024506 ], [ -84.4757867, 33.7024261 ], [ -84.4761581, 33.702358100000012 ], [ -84.476309486107496, 33.70231845360572 ], [ -84.4763116, 33.7023179 ], [ -84.4764774, 33.7022745 ], [ -84.476541543763787, 33.702257702640281 ], [ -84.4765469, 33.7022563 ], [ -84.476797762439659, 33.702190639315248 ], [ -84.4768067, 33.7021883 ], [ -84.477098, 33.702112 ], [ -84.477760087288502, 33.701907248776863 ], [ -84.477779, 33.7019014 ], [ -84.478013, 33.701829 ], [ -84.478086931513161, 33.701799333214467 ], [ -84.4781072, 33.7017912 ], [ -84.478262, 33.701729 ], [ -84.478355286261248, 33.701683947927684 ], [ -84.4783734, 33.7016752 ], [ -84.478502, 33.701613 ], [ -84.4790376, 33.7013004 ], [ -84.4790952, 33.7012586 ], [ -84.4793997, 33.7010816 ], [ -84.4794741, 33.7010363 ], [ -84.47965075313634, 33.700928635662464 ], [ -84.47966, 33.700923 ], [ -84.4797368, 33.7008687 ], [ -84.479812611912706, 33.700815070421335 ], [ -84.4798219, 33.7008085 ], [ -84.480106818247137, 33.700606835830506 ] ] } },
{ "type": "Feature", "properties": { "corridor_id": 35, "corridor_name": "Oakview Road Southeast", "street_names": "Oakview Road Southeast", "n_edges": 10, "length_m": 1187.3140066105263, "length_km": 1.1873140066105263, "mean_score": 49.610990442295886, "total_score": 496.10990442295889, "pair_count_max": 70, "neighborhood_span": 36, "climb_saved_m": 364.22064831492753, "mean_abs_grade": 0.017013381102161246, "max_grade": 0.080716486631695436, "elev_min_m": 298.25521850585938, "elev_max_m": 311.52481079101562, "elev_range_m": 13.26959228515625, "gain_per_km": 9.5277823890211177, "low_stress_share": 1.0, "mode": "bike", "n_pieces": 1, "neighborhoods": "Kirkwood", "end_a_lon": -84.321745, "end_a_lat": 33.750672, "end_b_lon": -84.314218, "end_b_lat": 33.750065, "corridor_uid": "bike-122" }, "geometry": { "type": "MultiLineString", "coordinates": [ [ [ -84.321744805924055, 33.750671804169578 ], [ -84.3217448, 33.7506718 ], [ -84.321453109651543, 33.750466406796107 ], [ -84.3214531, 33.7504664 ], [ -84.321274805726617, 33.750340804033996 ], [ -84.3212748, 33.7503408 ], [ -84.3206123, 33.7498742 ] ], [ [ -84.3206123, 33.7498742 ], [ -84.3204299, 33.7496824 ], [ -84.3195609, 33.7492765 ] ], [ [ -84.3162028, 33.7496199 ], [ -84.3164602, 33.7496155 ], [ -84.317694300000014, 33.7493804 ], [ -84.3179918, 33.7493268 ], [ -84.3182927, 33.7492973 ], [ -84.318728, 33.7492896 ], [ -84.319124, 33.7493281 ], [ -84.319331, 33.7493614 ], [ -84.3195557, 33.7494091 ], [ -84.3200512, 33.7495963 ], [ -84.3206123, 33.7498742 ] ], [ [ -84.319492377631292, 33.749267337125112 ], [ -84.3194921, 33.7492673 ], [ -84.3193512, 33.749248499999986 ], [ -84.3190936, 33.7492075 ], [ -84.3187359, 33.7491656 ], [ -84.3182901, 33.7491795 ], [ -84.3179725, 33.749212 ], [ -84.3176656, 33.7492697 ], [ -84.317316933155027, 33.749336368380497 ], [ -84.3173084, 33.749338 ], [ -84.3165407, 33.749484799999983 ], [ -84.3164173, 33.749508400000011 ], [ -84.3162818, 33.7495788 ], [ -84.3162028, 33.7496199 ] ], [ [ -84.3162028, 33.7496199 ], [ -84.3160229, 33.7496658 ], [ -84.315282, 33.749855 ], [ -84.3142183, 33.7500645 ], [ -84.314218130145861, 33.750064533520884 ] ] ] } },
{ "type": "Feature", "properties": { "corridor_id": 36, "corridor_name": "Arden Road Northwest", "street_names": "Arden Road Northwest", "n_edges": 13, "length_m": 1149.0865900944132, "length_km": 1.1490865900944132, "mean_score": 37.117579340819688, "total_score": 482.52853143065596, "pair_count_max": 99, "neighborhood_span": 31, "climb_saved_m": 217.18210621405004, "mean_abs_grade": 0.022756669457828758, "max_grade": 0.071701996043436453, "elev_min_m": 283.3751220703125, "elev_max_m": 295.64678955078125, "elev_range_m": 12.27166748046875, "gain_per_km": 8.6512009535238441, "low_stress_share": 1.0, "mode": "bike", "n_pieces": 1, "neighborhoods": "Arden/Habersham; Argonne Forest; Brandon; Castlewood", "end_a_lon": -84.404367, "end_a_lat": 33.83763, "end_b_lon": -84.409648, "end_b_lat": 33.8288, "corridor_uid": "bike-123" }, "geometry": { "type": "LineString", "coordinates": [ [ -84.404366648502133, 33.837630091501431 ], [ -84.4043903, 33.8376061 ], [ -84.404487, 33.837508 ], [ -84.404561, 33.837409 ], [ -84.404623, 33.837305 ], [ -84.404905, 33.836706 ], [ -84.404984, 33.836569 ], [ -84.405098, 33.836427 ], [ -84.405615, 33.835889 ], [ -84.405668, 33.835851 ], [ -84.40599, 33.835673 ], [ -84.4063191, 33.835509799999983 ], [ -84.406756, 33.835307 ], [ -84.407322, 33.835024 ], [ -84.4073514, 33.835017 ], [ -84.407353149727584, 33.83501658708493 ], [ -84.4074192, 33.835001 ], [ -84.4075542, 33.8348734 ], [ -84.407574271410525, 33.834850096115112 ], [ -84.4075809, 33.8348424 ], [ -84.407658, 33.834753 ], [ -84.408124, 33.834142 ], [ -84.40825, 33.833952 ], [ -84.40838, 33.833729 ], [ -84.408518, 33.833466 ], [ -84.408592, 33.833276 ], [ -84.40866032827374, 33.832992804716653 ], [ -84.4086646, 33.8329751 ], [ -84.408755519493795, 33.832624452512626 ], [ -84.4087574, 33.8326172 ], [ -84.408806, 33.832389 ], [ -84.409149, 33.830938 ], [ -84.409293, 33.830326 ], [ -84.409363443519325, 33.830034533693777 ], [ -84.4093635, 33.8300343 ], [ -84.409638, 33.828899 ], [ -84.409648438181236, 33.8288003840401 ] ] } },
{ "type": "Feature", "properties": { "corridor_id": 37, "corridor_name": "Lee Street Southwest", "street_names": "Lee Street Southwest", "n_edges": 11, "length_m": 506.41274078083609, "length_km": 0.50641274078083609, "mean_score": 43.389907706968707, "total_score": 477.28898477665575, "pair_count_max": 152, "neighborhood_span": 36, "climb_saved_m": 192.24463642077316, "mean_abs_grade": 0.0047577659302571445, "max_grade": 0.018817353927474346, "elev_min_m": 316.12301635742188, "elev_max_m": 318.2342529296875, "elev_range_m": 2.111236572265625, "gain_per_km": 1.264904915022609, "low_stress_share": 0.0, "mode": "bike", "n_pieces": 1, "neighborhoods": "Oakland City", "end_a_lon": -84.418502, "end_a_lat": 33.726374, "end_b_lon": -84.422258, "end_b_lat": 33.72306, "corridor_uid": "bike-124" }, "geometry": { "type": "LineString", "coordinates": [ [ -84.418502, 33.726374 ], [ -84.419205, 33.725754 ], [ -84.419640197601808, 33.725370102115491 ], [ -84.4196402, 33.7253701 ], [ -84.419867091257899, 33.725170007709551 ], [ -84.4198671, 33.72517 ], [ -84.420147, 33.724923 ], [ -84.4206831, 33.7244493 ], [ -84.420683100972241, 33.724449299141114 ], [ -84.42095329694294, 33.724210602700673 ], [ -84.4209533, 33.7242106 ], [ -84.421063196637078, 33.724113502971242 ], [ -84.4210632, 33.7241135 ], [ -84.421109, 33.724073 ], [ -84.421379, 33.723834 ], [ -84.421484, 33.7237416 ], [ -84.421484079126031, 33.723741530296017 ], [ -84.4216486, 33.7235966 ], [ -84.421648667139266, 33.72359654088131 ], [ -84.422258, 33.72306 ] ] } },
{ "type": "Feature", "properties": { "corridor_id": 38, "corridor_name": "Broadland Road Northwest - Powers Ferry Road Northwest - Hillside Drive Northwest", "street_names": "Broadland Road Northwest; Hillside Drive Northwest; Powers Ferry Road Northwest", "n_edges": 8, "length_m": 1037.5885079223476, "length_km": 1.0375885079223477, "mean_score": 57.02172744954543, "total_score": 456.17381959636344, "pair_count_max": 70, "neighborhood_span": 36, "climb_saved_m": 354.93397833568883, "mean_abs_grade": 0.020004426278877638, "max_grade": 0.05241677293058334, "elev_min_m": 246.44281005859375, "elev_max_m": 265.63775634765625, "elev_range_m": 19.1949462890625, "gain_per_km": 16.477351160444453, "low_stress_share": 0.44997428676573897, "mode": "bike", "n_pieces": 1, "neighborhoods": "Chastain Park", "end_a_lon": -84.395965, "end_a_lat": 33.872809, "end_b_lon": -84.398971, "end_b_lat": 33.868276, "corridor_uid": "bike-125" }, "geometry": { "type": "LineString", "coordinates": [ [ -84.395964534835855, 33.872808967642698 ], [ -84.395964, 33.8728085 ], [ -84.394979, 33.871982 ], [ -84.394612, 33.871632 ], [ -84.394491, 33.871459 ], [ -84.394368, 33.871208 ], [ -84.393845, 33.869962 ], [ -84.393947, 33.869929 ], [ -84.394026, 33.869921 ], [ -84.3959, 33.86992 ], [ -84.3959, 33.869436 ], [ -84.3959, 33.868274 ], [ -84.396598852782205, 33.86827449697963 ], [ -84.3966031, 33.8682745 ], [ -84.396934612218388, 33.868274696277219 ], [ -84.3969409, 33.8682747 ], [ -84.397005978487471, 33.8682747 ], [ -84.3970127, 33.8682747 ], [ -84.398964, 33.868276 ], [ -84.398971162323306, 33.868275694629638 ] ] } },
{ "type": "Feature", "properties": { "corridor_id": 39, "corridor_name": "Atlanta Beltline Westside Trail", "street_names": "Atlanta Beltline Westside Trail", "n_edges": 9, "length_m": 1598.0880191146405, "length_km": 1.5980880191146405, "mean_score": 50.67239541434477, "total_score": 456.05155872910291, "pair_count_max": 78, "neighborhood_span": 28, "climb_saved_m": 380.95085440073581, "mean_abs_grade": 0.017410408198482462, "max_grade": 0.048142787340161704, "elev_min_m": 276.83273315429688, "elev_max_m": 293.56207275390625, "elev_range_m": 16.729339599609375, "gain_per_km": 11.600681370717083, "low_stress_share": 1.0, "mode": "bike", "n_pieces": 1, "neighborhoods": "Historic Westin Heights/Bankhead; Knight Park/Howell Station", "end_a_lon": -84.424137, "end_a_lat": 33.774452, "end_b_lon": -84.427872, "end_b_lat": 33.78557, "corridor_uid": "bike-126" }, "geometry": { "type": "LineString", "coordinates": [ [ -84.424136727543484, 33.774451609644949 ], [ -84.424203, 33.7744439 ], [ -84.4248466, 33.77436 ], [ -84.4249376, 33.774346 ], [ -84.4250376, 33.774338499999985 ], [ -84.4251506, 33.774334 ], [ -84.4253086, 33.774343 ], [ -84.4254519, 33.7743571 ], [ -84.425606, 33.774389 ], [ -84.4256757, 33.7744053 ], [ -84.4257722, 33.7744395 ], [ -84.4258273, 33.7744657 ], [ -84.4258793, 33.7745006 ], [ -84.42620755336884, 33.774693754211889 ], [ -84.4262112, 33.7746959 ], [ -84.426297, 33.77479 ], [ -84.4263645, 33.7748567 ], [ -84.4263934, 33.7749032 ], [ -84.4264136, 33.7749682 ], [ -84.426436, 33.7750781 ], [ -84.4264767, 33.7753552 ], [ -84.4264746, 33.7754143 ], [ -84.426460400000011, 33.7754549 ], [ -84.4264238, 33.775514 ], [ -84.42638307164961, 33.775546776624822 ], [ -84.4263608, 33.7755647 ], [ -84.4262693, 33.7756086 ], [ -84.4261656, 33.7756458 ], [ -84.4261391, 33.7756665 ], [ -84.426123, 33.7757455 ], [ -84.4261148, 33.7760057 ], [ -84.4261169, 33.7761932 ], [ -84.4261352, 33.7763825 ], [ -84.4261677, 33.7765413 ], [ -84.426168037019025, 33.776542613299306 ], [ -84.426221, 33.776749 ], [ -84.4262917, 33.7770245 ], [ -84.4264502, 33.7774317 ], [ -84.4265783, 33.77767 ], [ -84.4267043, 33.7779082 ], [ -84.4271251, 33.778450599999985 ], [ -84.4274422, 33.77879020000001 ], [ -84.427712600000021, 33.7790301 ], [ -84.428274600643107, 33.779485308428377 ], [ -84.4284562, 33.7796324 ], [ -84.42852336734002, 33.779686792872312 ], [ -84.4285887, 33.7797397 ], [ -84.4286944, 33.7797752 ], [ -84.4287466, 33.7798053 ], [ -84.4288123, 33.779848 ], [ -84.428863100000015, 33.7799492 ], [ -84.4291558, 33.780184099999985 ], [ -84.4293042, 33.7803378 ], [ -84.4294627, 33.7805254 ], [ -84.429601, 33.7807585 ], [ -84.4297046, 33.7809782 ], [ -84.4297636, 33.781159 ], [ -84.429770375082114, 33.781195473110486 ], [ -84.4298022, 33.7813668 ], [ -84.4298102, 33.7814374 ], [ -84.4298144, 33.7814749 ], [ -84.4298205, 33.7816827 ], [ -84.4298144, 33.782052699999987 ], [ -84.42979, 33.7822521 ], [ -84.429768915019366, 33.782393403935792 ], [ -84.4297595, 33.7824565 ], [ -84.4297275, 33.7825688 ], [ -84.4297046, 33.7826491 ], [ -84.4296254, 33.7828417 ], [ -84.4295115, 33.7830462 ], [ -84.4294058, 33.783205 ], [ -84.42929, 33.7833486 ], [ -84.429147144307819, 33.783500237804404 ], [ -84.429143600000017, 33.783504 ], [ -84.4290786, 33.7835631 ], [ -84.4290225, 33.7836196 ], [ -84.4284159, 33.7842305 ], [ -84.4281963, 33.7845177 ], [ -84.4280805, 33.7846985 ], [ -84.4280114, 33.7848471 ], [ -84.4279666, 33.7849536 ], [ -84.4279057, 33.7851665 ], [ -84.4278792, 33.7853253 ], [ -84.427872005270743, 33.785569831971195 ] ] } },
{ "type": "Feature", "properties": { "corridor_id": 40, "corridor_name": "Atlanta Beltline Westside Trail", "street_names": "Atlanta Beltline Westside Trail", "n_edges": 8, "length_m": 1472.8619672657192, "length_km": 1.4728619672657191, "mean_score": 56.416284911442375, "total_score": 451.61290587545017, "pair_count_max": 84, "neighborhood_span": 21, "climb_saved_m": 333.97435998800051, "mean_abs_grade": 0.015229885198235357, "max_grade": 0.035042357869613593, "elev_min_m": 291.53494262695312, "elev_max_m": 302.78070068359375, "elev_range_m": 11.245758056640625, "gain_per_km": 11.767110381618252, "low_stress_share": 1.0, "mode": "bike", "n_pieces": 2, "neighborhoods": "Ashview Heights; Hunter Hills; Mozley Park; Washington Park; West End", "end_a_lon": -84.424542, "end_a_lat": 33.758845, "end_b_lon": -84.430515, "end_b_lat": 33.746857, "corridor_uid": "bike-127" }, "geometry": { "type": "MultiLineString", "coordinates": [ [ [ -84.4245419, 33.7588448 ], [ -84.4245463, 33.758828799999989 ], [ -84.4247335, 33.7581384 ], [ -84.4250399, 33.7569723 ], [ -84.4250608, 33.7569161 ], [ -84.4250856, 33.7568691 ], [ -84.42513630000002, 33.7568028 ], [ -84.4251617, 33.7567649 ], [ -84.425188, 33.756712299999982 ], [ -84.42522910000001, 33.7565802 ], [ -84.4252901, 33.7563875 ], [ -84.4254519, 33.7558094 ], [ -84.4254564, 33.7557932 ], [ -84.425457621009357, 33.755784179109938 ], [ -84.4254899, 33.7555457 ], [ -84.4255087, 33.7554375 ], [ -84.425981, 33.7537093 ], [ -84.4259939, 33.7536666 ], [ -84.426010316933414, 33.753612255027441 ], [ -84.4260706, 33.7534127 ], [ -84.42639250000002, 33.7521445 ], [ -84.426438679458315, 33.751994623045817 ], [ -84.4267171, 33.751091 ], [ -84.4267849, 33.7510149 ], [ -84.426897, 33.7509541 ], [ -84.427030600290024, 33.75083793003332 ], [ -84.427173700000012, 33.7507135 ], [ -84.4272442, 33.750602 ], [ -84.4273084, 33.7504185 ], [ -84.4273407, 33.7502594 ], [ -84.4273836, 33.7501462 ], [ -84.4274497, 33.7500338 ], [ -84.4275759, 33.7499063 ], [ -84.4277072, 33.7497878 ], [ -84.4277742, 33.7496814 ], [ -84.427861, 33.749463200000015 ], [ -84.4278901, 33.7493901 ], [ -84.427935274993601, 33.74931774397939 ] ], [ [ -84.427977891483778, 33.749249485870315 ], [ -84.4280327, 33.7491617 ], [ -84.4282108, 33.7489636 ], [ -84.4282792, 33.7488823 ], [ -84.4284513, 33.7487127 ], [ -84.4290285, 33.7481953 ], [ -84.4291285, 33.748105099999989 ], [ -84.429205396218677, 33.748035793698016 ], [ -84.4305013, 33.7468678 ], [ -84.43051500648491, 33.746856709464488 ] ] ] } },
{ "type": "Feature", "properties": { "corridor_id": 41, "corridor_name": "unnamed corridor", "street_names": "", "n_edges": 7, "length_m": 1245.7454682586233, "length_km": 1.2457454682586233, "mean_score": 60.112460615061373, "total_score": 420.78722430542962, "pair_count_max": 68, "neighborhood_span": 28, "climb_saved_m": 417.82851671890421, "mean_abs_grade": 0.004341289856621266, "max_grade": 0.034487832692626043, "elev_min_m": 266.40399169921875, "elev_max_m": 271.66595458984375, "elev_range_m": 5.261962890625, "gain_per_km": 0.17033071852128423, "low_stress_share": 0.0, "mode": "bike", "n_pieces": 1, "neighborhoods": "Hills Park", "end_a_lon": -84.443831, "end_a_lat": 33.800685, "end_b_lon": -84.454369, "end_b_lat": 33.806501, "corridor_uid": "bike-128" }, "geometry": { "type": "LineString", "coordinates": [ [ -84.4438308, 33.800685 ], [ -84.4445911, 33.8007801 ], [ -84.4453541, 33.8008896 ], [ -84.445554, 33.8009085 ], [ -84.4458083, 33.8009311 ], [ -84.4471073, 33.8009802 ], [ -84.4476796, 33.8010406 ], [ -84.4478294, 33.8010673 ], [ -84.4478539, 33.8010717 ], [ -84.448102, 33.801116 ], [ -84.448529, 33.801233 ], [ -84.4488651, 33.8013576 ], [ -84.449233, 33.8015274 ], [ -84.449569100000019, 33.8017275 ], [ -84.4499734, 33.8020068 ], [ -84.450423, 33.8023842 ], [ -84.450758946759095, 33.802688733996675 ], [ -84.4508187, 33.802742899999984 ], [ -84.4508366, 33.8027591 ], [ -84.451679321936084, 33.80352294920732 ], [ -84.4517512, 33.8035881 ], [ -84.451772, 33.803607 ], [ -84.452214573738971, 33.80404220774053 ], [ -84.4522767, 33.8041033 ], [ -84.4528621, 33.8046789 ], [ -84.453009343543911, 33.804857473611598 ], [ -84.4530515, 33.8049086 ], [ -84.453632677181787, 33.805613462620443 ], [ -84.4536553, 33.8056409 ], [ -84.4543687, 33.80650090000001 ] ] } },
{ "type": "Feature", "properties": { "corridor_id": 42, "corridor_name": "Atlanta Beltline Southwest Trail - Beltline Access Line", "street_names": "Atlanta Beltline Southwest Trail; Beltline Access Line", "n_edges": 11, "length_m": 1171.8450947790423, "length_km": 1.1718450947790422, "mean_score": 37.890921348048273, "total_score": 416.80013482853104, "pair_count_max": 84, "neighborhood_span": 17, "climb_saved_m": 365.43206548343232, "mean_abs_grade": 0.0021289084795856543, "max_grade": 0.0681582201604847, "elev_min_m": 308.11248779296875, "elev_max_m": 310.01025390625, "elev_range_m": 1.89776611328125, "gain_per_km": 3.3129230845546536, "low_stress_share": 1.0, "mode": "bike", "n_pieces": 1, "neighborhoods": "Adair Park; Oakland City; West End", "end_a_lon": -84.413612, "end_a_lat": 33.725535, "end_b_lon": -84.421859, "end_b_lat": 33.73236, "corridor_uid": "bike-129" }, "geometry": { "type": "MultiLineString", "coordinates": [ [ [ -84.422514744846211, 33.731642281015979 ], [ -84.4225106, 33.7316392 ], [ -84.422199632931964, 33.731407937498446 ], [ -84.4221977, 33.731406499999984 ], [ -84.4219789, 33.7312438 ], [ -84.4217569, 33.7310827 ], [ -84.421756190795577, 33.731082185348718 ], [ -84.4211598, 33.7306494 ], [ -84.421156125798618, 33.730646737877663 ], [ -84.4209732, 33.7305142 ], [ -84.420968623905424, 33.73051088525169 ], [ -84.4205266, 33.7301907 ], [ -84.420519876709449, 33.730185826831537 ], [ -84.420374700000011, 33.7300806 ], [ -84.42036682082734, 33.730075818308066 ], [ -84.4193656, 33.7294682 ], [ -84.418867986022789, 33.729165029745978 ], [ -84.4188617, 33.7291612 ], [ -84.417995889494804, 33.728631716384989 ], [ -84.4179818, 33.7286231 ], [ -84.417667400000013, 33.7284309 ], [ -84.417452912687665, 33.728298879519713 ], [ -84.4174341, 33.7282873 ], [ -84.4164799, 33.7277 ], [ -84.4161478, 33.7274784 ], [ -84.4147055, 33.7265832 ], [ -84.4143278, 33.7262886 ], [ -84.4140516, 33.726039 ], [ -84.4136797, 33.7256231 ], [ -84.4136117, 33.7255354 ] ], [ [ -84.4225106, 33.7316392 ], [ -84.421858571960442, 33.73236048231864 ] ] ] } },
{ "type": "Feature", "properties": { "corridor_id": 43, "corridor_name": "Atlanta Beltline Southwest Trail - Beltline Access Line", "street_names": "Atlanta Beltline Southwest Trail; Beltline Access Line", "n_edges": 7, "length_m": 1227.8483257487467, "length_km": 1.2278483257487467, "mean_score": 54.106048748065426, "total_score": 378.742341236458, "pair_count_max": 109, "neighborhood_span": 26, "climb_saved_m": 456.08070002524556, "mean_abs_grade": 0.005514074178524917, "max_grade": 0.046741479226009235, "elev_min_m": 302.93414306640625, "elev_max_m": 308.6207275390625, "elev_range_m": 5.68658447265625, "gain_per_km": 5.0727076743797541, "low_stress_share": 1.0, "mode": "bike", "n_pieces": 1, "neighborhoods": "West End; Westview", "end_a_lon": -84.430779, "end_a_lat": 33.74662, "end_b_lon": -84.431228, "end_b_lat": 33.738094, "corridor_uid": "bike-130" }, "geometry": { "type": "LineString", "coordinates": [ [ -84.4307791, 33.74662 ], [ -84.431424, 33.7460329 ], [ -84.432877, 33.7447307 ], [ -84.4330063, 33.7446138 ], [ -84.433019262025354, 33.744601693201069 ], [ -84.4331033, 33.7445232 ], [ -84.4332726, 33.7443645 ], [ -84.4334029, 33.7442181 ], [ -84.433483, 33.744112 ], [ -84.4335797, 33.7439793 ], [ -84.433631783384641, 33.743889453881152 ], [ -84.4336939, 33.743782300000014 ], [ -84.4337566, 33.7436534 ], [ -84.4338054, 33.7435173 ], [ -84.4338659, 33.7433228 ], [ -84.4339204, 33.743053399999987 ], [ -84.433962, 33.7427446 ], [ -84.4340003, 33.7424929 ], [ -84.4340057, 33.7424391 ], [ -84.4340196, 33.7423008 ], [ -84.4340232, 33.7422653 ], [ -84.4340341, 33.7420709 ], [ -84.434043800000012, 33.7417229 ], [ -84.4340569, 33.7410047 ], [ -84.4340609, 33.7408166 ], [ -84.4340514, 33.7406389 ], [ -84.434009, 33.7404004 ], [ -84.4339652, 33.7402224 ], [ -84.4339222, 33.7400897 ], [ -84.4338662, 33.7399555 ], [ -84.433795, 33.7398174 ], [ -84.433760283797412, 33.739754540079758 ], [ -84.43373320000002, 33.7397055 ], [ -84.4336214, 33.739538699999983 ], [ -84.4334879, 33.739376099999987 ], [ -84.4332466, 33.7391125 ], [ -84.4329939, 33.7389031 ], [ -84.4329223, 33.7388389 ], [ -84.4327016, 33.738632200000012 ], [ -84.4323637, 33.7383857 ], [ -84.4321722, 33.7382001 ], [ -84.432168180073006, 33.738195277074389 ], [ -84.4318463, 33.7378091 ], [ -84.4317931, 33.7377817 ], [ -84.4317318, 33.7377582 ], [ -84.431686311029836, 33.737755544335073 ], [ -84.4316787, 33.7377551 ], [ -84.4316148, 33.7377592 ], [ -84.4315551, 33.7377748 ], [ -84.4315043, 33.7377991 ], [ -84.4314599, 33.7378271 ], [ -84.4313938, 33.7378975 ], [ -84.4313269, 33.7379742 ], [ -84.431266600000015, 33.7380478 ], [ -84.431228370936978, 33.738094449135119 ] ] } },
{ "type": "Feature", "properties": { "corridor_id": 44, "corridor_name": "Venetian Drive Southwest", "street_names": "Venetian Drive Southwest", "n_edges": 7, "length_m": 453.72485553317375, "length_km": 0.45372485553317377, "mean_score": 53.265644611178395, "total_score": 372.85951227824876, "pair_count_max": 172, "neighborhood_span": 31, "climb_saved_m": 173.22367261607266, "mean_abs_grade": 0.0057370846031240662, "max_grade": 0.01260265935515315, "elev_min_m": 315.46905517578125, "elev_max_m": 317.74359130859375, "elev_range_m": 2.2745361328125, "gain_per_km": 5.0316606509695738, "low_stress_share": 0.0, "mode": "bike", "n_pieces": 1, "neighborhoods": "Venetian Hills", "end_a_lon": -84.434584, "end_a_lat": 33.714515, "end_b_lon": -84.439476, "end_b_lat": 33.714593, "corridor_uid": "bike-131" }, "geometry": { "type": "LineString", "coordinates": [ [ -84.434583607937313, 33.714515209595383 ], [ -84.4352444, 33.7145358 ], [ -84.435244508109065, 33.714535803376521 ], [ -84.435603, 33.714547 ], [ -84.436561, 33.714558 ], [ -84.437696, 33.714571 ], [ -84.438822, 33.714585 ], [ -84.439101999875049, 33.714588399998476 ], [ -84.439102, 33.7145884 ], [ -84.439476, 33.714593 ] ] } },
{ "type": "Feature", "properties": { "corridor_id": 45, "corridor_name": "Proctor Creek Greenway - Sanford Drive", "street_names": "Proctor Creek Greenway; Sanford Drive", "n_edges": 7, "length_m": 4106.3933127708788, "length_km": 4.1063933127708792, "mean_score": 48.100591989697989, "total_score": 345.30958142630789, "pair_count_max": 41, "neighborhood_span": 29, "climb_saved_m": 704.74901011099882, "mean_abs_grade": 0.0075454248052342528, "max_grade": 0.074273636510459207, "elev_min_m": 246.93475341796875, "elev_max_m": 267.94281005859375, "elev_range_m": 21.008056640625, "gain_per_km": 1.5125340164070773, "low_stress_share": 1.0, "mode": "bike", "n_pieces": 3, "neighborhoods": "Grove Park; Rockdale; West Highlands", "end_a_lon": -84.451718, "end_a_lat": 33.793615, "end_b_lon": -84.429577, "end_b_lat": 33.772029, "corridor_uid": "bike-132" }, "geometry": { "type": "MultiLineString", "coordinates": [ [ [ -84.4517183, 33.7936152 ], [ -84.4518566, 33.793433899999989 ], [ -84.4519406, 33.7932811 ], [ -84.4519693, 33.7932017 ], [ -84.4519701, 33.7930927 ], [ -84.4519317, 33.7929493 ], [ -84.4519188, 33.7928955 ], [ -84.4518984, 33.7928108 ], [ -84.4518996, 33.7926926 ], [ -84.4519011, 33.7926298 ] ], [ [ -84.4519011, 33.7926298 ], [ -84.451925769096391, 33.792576173451742 ] ], [ [ -84.447539157322595, 33.783799221458828 ], [ -84.44788410000001, 33.7837443 ], [ -84.4479616, 33.7837307 ], [ -84.4479806, 33.783727 ], [ -84.4485199, 33.7836205 ], [ -84.4489558, 33.7835749 ], [ -84.4494049, 33.783498 ], [ -84.449568, 33.7834512 ], [ -84.449687, 33.7834261 ], [ -84.4497902, 33.7834238 ], [ -84.4499034, 33.7834432 ], [ -84.4499981, 33.7834865 ], [ -84.4500789, 33.7835564 ], [ -84.4501339, 33.783645 ], [ -84.4501412, 33.7837202 ], [ -84.450134458912302, 33.783762926600083 ], [ -84.4501208, 33.7838495 ], [ -84.4500718, 33.7840219 ], [ -84.4499834, 33.7841951 ], [ -84.4499792, 33.7842233 ], [ -84.4499809, 33.7842419 ], [ -84.4500022, 33.784276599999984 ], [ -84.450026, 33.7843155 ], [ -84.4500813, 33.7843981 ], [ -84.4501442, 33.784537400000012 ], [ -84.4502088, 33.7846936 ], [ -84.4502424, 33.7847988 ], [ -84.450259, 33.7849265 ], [ -84.4502437, 33.7850693 ], [ -84.4502074, 33.7851526 ], [ -84.4501456, 33.7852383 ], [ -84.4500889, 33.7853295 ], [ -84.4500634, 33.7854298 ], [ -84.4500875, 33.7856692 ], [ -84.4500491, 33.7857846 ], [ -84.4499914, 33.7859756 ], [ -84.450032, 33.7861281 ], [ -84.4500691, 33.7862262 ], [ -84.4501679, 33.7863556 ], [ -84.450439100000011, 33.7866997 ], [ -84.4505187, 33.7868072 ], [ -84.4505698, 33.786913 ], [ -84.4506656, 33.7870572 ], [ -84.4508244, 33.7871908 ], [ -84.4510119, 33.7873717 ], [ -84.4510655, 33.7874709 ], [ -84.4510813, 33.7875667 ], [ -84.4510717, 33.7877199 ], [ -84.4510571, 33.7878842 ], [ -84.4510663, 33.7880142 ], [ -84.451109800000012, 33.7881013 ], [ -84.4512122, 33.7882777 ], [ -84.4512502, 33.7883804 ], [ -84.4512647, 33.7884548 ], [ -84.451281, 33.7885694 ], [ -84.4513107, 33.7887018 ], [ -84.4513371, 33.7888618 ], [ -84.4513218, 33.7889777 ], [ -84.4512788, 33.7891382 ], [ -84.4512346, 33.7892816 ], [ -84.4512327, 33.7893879 ], [ -84.4512522, 33.789547 ], [ -84.4512965, 33.7896858 ], [ -84.451327600000013, 33.7897637 ], [ -84.4513804, 33.7898371 ], [ -84.4514967, 33.7899242 ], [ -84.4516309, 33.7900068 ], [ -84.4517302, 33.7900663 ], [ -84.4518771, 33.7901599 ], [ -84.452086, 33.7902882 ], [ -84.4522162, 33.7903815 ], [ -84.4523064, 33.7904562 ], [ -84.4523879, 33.7905782 ], [ -84.4524002, 33.7906616 ], [ -84.4523989, 33.7907562 ], [ -84.4523966, 33.7909352 ], [ -84.4523862, 33.7910834 ], [ -84.4523639, 33.7911691 ], [ -84.4523351, 33.7912426 ], [ -84.4522657, 33.7913908 ], [ -84.4521449, 33.7915753 ], [ -84.4520256, 33.7917717 ], [ -84.4519238, 33.7919542 ], [ -84.451885, 33.792056 ], [ -84.4518644, 33.7921445 ], [ -84.4518486, 33.7923489 ], [ -84.4518416, 33.7924869 ], [ -84.4518346, 33.7925584 ], [ -84.451855, 33.7925891 ], [ -84.4519011, 33.7926298 ] ], [ [ -84.441145251242332, 33.779083353225104 ], [ -84.4411919, 33.779340699999985 ], [ -84.4412236, 33.7793572 ], [ -84.441272, 33.7793518 ], [ -84.441363200000012, 33.7793336 ], [ -84.4416226, 33.7792577 ], [ -84.441846, 33.779227400000011 ], [ -84.4420963, 33.7792479 ], [ -84.4423532, 33.7793217 ], [ -84.4425398, 33.7793999 ], [ -84.4426567, 33.7794557 ], [ -84.442709, 33.7795197 ], [ -84.44273, 33.7796477 ], [ -84.4427765, 33.7797904 ], [ -84.4428891, 33.7799285 ], [ -84.4431167, 33.7800793 ], [ -84.4433276, 33.7802579 ], [ -84.4435588, 33.7803904 ], [ -84.4438991, 33.7805606 ], [ -84.4440162, 33.7806532 ], [ -84.4440785, 33.7807321 ], [ -84.4441266, 33.7808508 ], [ -84.4441388, 33.780958 ], [ -84.4441278, 33.7811536 ], [ -84.4441456, 33.7813201 ], [ -84.444163, 33.7814945 ], [ -84.4441733, 33.7815899 ], [ -84.4441994, 33.7817085 ], [ -84.4442927, 33.7818352 ], [ -84.4444835, 33.7820234 ], [ -84.4446036, 33.7821656 ], [ -84.444700200000014, 33.78233070000001 ], [ -84.4447723, 33.7825421 ], [ -84.4447972, 33.7826946 ], [ -84.4447989, 33.7829005 ], [ -84.4447949, 33.7830772 ], [ -84.4448191, 33.7831881 ], [ -84.4448588, 33.7833029 ], [ -84.4448833, 33.7833834 ], [ -84.444883, 33.7834573 ], [ -84.4448431, 33.7836169 ], [ -84.4448019, 33.7837621 ], [ -84.444804300000015, 33.7838519 ], [ -84.444854, 33.783944299999987 ], [ -84.4449492, 33.7839777 ], [ -84.4452405, 33.7840052 ], [ -84.445504, 33.7840409 ], [ -84.4456456, 33.7840701 ], [ -84.445755500000018, 33.784075 ], [ -84.4459281, 33.7840517 ], [ -84.4463232, 33.7839864 ], [ -84.4468292, 33.783902 ], [ -84.4471319, 33.7838564 ], [ -84.4474231, 33.7838177 ], [ -84.447449948664342, 33.783813425180121 ] ], [ [ -84.4405304, 33.7777425 ], [ -84.440626600000016, 33.7778269 ], [ -84.4407718, 33.7779586 ], [ -84.440877, 33.7780598 ], [ -84.440951, 33.7781547 ], [ -84.4410084, 33.778281799999988 ], [ -84.4410686, 33.7784646 ], [ -84.4411281, 33.7786751 ], [ -84.4411903, 33.7789442 ], [ -84.441265634594657, 33.779320043094067 ] ], [ [ -84.4295769, 33.7720293 ], [ -84.4295758, 33.772049300000013 ], [ -84.4295767, 33.7721513 ], [ -84.429568, 33.7723406 ], [ -84.4295533, 33.7726682 ], [ -84.4295523, 33.772858 ], [ -84.429576, 33.7728989 ], [ -84.42961, 33.7729332 ], [ -84.4296472, 33.7729509 ], [ -84.4297932, 33.772973299999983 ], [ -84.4298505, 33.7729912 ], [ -84.4299144, 33.7730197 ], [ -84.4300911, 33.7731581 ], [ -84.4302335, 33.7732384 ], [ -84.4303224, 33.7732846 ], [ -84.430364, 33.7733099 ], [ -84.4303881, 33.7733432 ], [ -84.430392, 33.7733745 ], [ -84.43041, 33.7735851 ], [ -84.4304272, 33.7738541 ], [ -84.4304344, 33.7738748 ], [ -84.430446800000013, 33.7738982 ], [ -84.4304778, 33.7739115 ], [ -84.4305447, 33.7739182 ], [ -84.430724900000016, 33.7739225 ], [ -84.4307771, 33.7739314 ], [ -84.4308191, 33.7739623 ], [ -84.4308391, 33.77401 ], [ -84.4308449, 33.7740659 ], [ -84.4308334, 33.774163499999986 ], [ -84.4308293, 33.774244699999983 ], [ -84.4308483, 33.7743557 ], [ -84.4308709, 33.77441850000001 ], [ -84.4308994, 33.7744692 ], [ -84.4309683, 33.7745282 ], [ -84.4310551, 33.7745815 ], [ -84.431117500000013, 33.774644 ], [ -84.4311536, 33.7747061 ], [ -84.431171, 33.7747714 ], [ -84.4312031, 33.7749194 ], [ -84.4312258, 33.774964 ], [ -84.4312558, 33.7749929 ], [ -84.431294, 33.7750193 ], [ -84.4313357, 33.7750635 ], [ -84.4313758, 33.7751157 ], [ -84.4313912, 33.7751733 ], [ -84.4313985, 33.7752289 ], [ -84.4313871, 33.775253 ], [ -84.4313432, 33.7752823 ], [ -84.4311596, 33.7754092 ], [ -84.431145, 33.7754359 ], [ -84.4311378, 33.7754781 ], [ -84.4311471, 33.7755169 ], [ -84.4311975, 33.7755971 ], [ -84.4313453, 33.775854699999989 ], [ -84.4314471, 33.77597 ], [ -84.4315754, 33.7760795 ], [ -84.4318715, 33.7762847 ], [ -84.4321379, 33.7764737 ], [ -84.4324317, 33.7766617 ], [ -84.4328805, 33.7768732 ], [ -84.4330659, 33.7769945 ], [ -84.4331922, 33.7770961 ], [ -84.4332487, 33.7771746 ], [ -84.433270921226338, 33.777188615618599 ], [ -84.4333294, 33.777225499999986 ], [ -84.4335834, 33.7772744 ], [ -84.4342156, 33.7773774 ], [ -84.4344293, 33.7773936 ], [ -84.4346952, 33.7773865 ], [ -84.435073, 33.7773742 ], [ -84.4355043, 33.7773555 ], [ -84.4357916, 33.7773501 ], [ -84.4359219, 33.7773561 ], [ -84.4360442, 33.7773986 ], [ -84.436215, 33.7775273 ], [ -84.436507, 33.7777736 ], [ -84.436660300000014, 33.77791220000001 ], [ -84.4368063, 33.7780151 ], [ -84.4370618, 33.7781292 ], [ -84.4372467, 33.778172599999976 ], [ -84.437409, 33.7781731 ], [ -84.4376837, 33.7781376 ], [ -84.4382166, 33.7780503 ], [ -84.4386122, 33.7779969 ], [ -84.4390356, 33.777944700000013 ], [ -84.4394517, 33.7779678 ], [ -84.4399437, 33.7780576 ], [ -84.44012821035821, 33.778104945033256 ] ] ] } },
{ "type": "Feature", "properties": { "corridor_id": 46, "corridor_name": "La Dawn Lane Northwest - Whetstone Creek PATH Trail", "street_names": "La Dawn Lane Northwest; Whetstone Creek PATH Trail", "n_edges": 6, "length_m": 731.20643774543203, "length_km": 0.73120643774543204, "mean_score": 57.015420959005866, "total_score": 342.09252575403519, "pair_count_max": 68, "neighborhood_span": 36, "climb_saved_m": 272.53901228492555, "mean_abs_grade": 0.026204777866041258, "max_grade": 0.062645767812773812, "elev_min_m": 240.51930236816406, "elev_max_m": 255.37472534179688, "elev_range_m": 14.855422973632812, "gain_per_km": 0.051418661419238683, "low_stress_share": 1.0, "mode": "bike", "n_pieces": 1, "neighborhoods": "Bolton", "end_a_lon": -84.453458, "end_a_lat": 33.815668, "end_b_lon": -84.450582, "end_b_lat": 33.812644, "corridor_uid": "bike-133" }, "geometry": { "type": "MultiLineString", "coordinates": [ [ [ -84.449266, 33.815606 ], [ -84.4508044, 33.8156321 ], [ -84.450804421181203, 33.815632100256401 ], [ -84.4520353, 33.815647 ], [ -84.4521508, 33.8156487 ], [ -84.453458, 33.815668 ] ], [ [ -84.450581616064071, 33.812643933367312 ], [ -84.450568500000017, 33.8126804 ], [ -84.4505347, 33.8127747 ], [ -84.4504068, 33.8134235 ], [ -84.4503998, 33.8137458 ], [ -84.4504815, 33.8142636 ], [ -84.4506027, 33.8147353 ], [ -84.4506136, 33.8147778 ], [ -84.4506218, 33.8148146 ], [ -84.450622731966789, 33.814818773057262 ], [ -84.4507966, 33.8155973 ], [ -84.4508044, 33.8156321 ], [ -84.4508125, 33.8156654 ], [ -84.45081802121662, 33.815688150384695 ] ] ] } },
{ "type": "Feature", "properties": { "corridor_id": 47, "corridor_name": "Greenbriar Parkway Southwest", "street_names": "Greenbriar Parkway Southwest", "n_edges": 9, "length_m": 1045.8833975681137, "length_km": 1.0458833975681137, "mean_score": 36.63272057350801, "total_score": 329.69448516157212, "pair_count_max": 80, "neighborhood_span": 23, "climb_saved_m": 182.34155495135451, "mean_abs_grade": 0.019010164899558445, "max_grade": 0.043972317767338613, "elev_min_m": 268.4569091796875, "elev_max_m": 286.88919067382812, "elev_range_m": 18.432281494140625, "gain_per_km": 1.8938180826185311, "low_stress_share": 0.0, "mode": "bike", "n_pieces": 1, "neighborhoods": "Greenbriar", "end_a_lon": -84.496678, "end_a_lat": 33.686125, "end_b_lon": -84.506362, "end_b_lat": 33.682871, "corridor_uid": "bike-134" }, "geometry": { "type": "LineString", "coordinates": [ [ -84.49667822018607, 33.686125070133549 ], [ -84.4967552, 33.6860894 ], [ -84.4968007, 33.6860683 ], [ -84.496877, 33.686033 ], [ -84.497063, 33.685918 ], [ -84.497253, 33.685765 ], [ -84.49747, 33.685522 ], [ -84.497935105306652, 33.684836251207386 ], [ -84.4979367, 33.6848339 ], [ -84.4979568, 33.6848042 ], [ -84.498201, 33.684527 ], [ -84.4982308, 33.6845028 ], [ -84.49825693049084, 33.684482278672114 ], [ -84.4983836, 33.6843828 ], [ -84.498419426426665, 33.684360001364837 ], [ -84.498421, 33.684359 ], [ -84.498556, 33.68428 ], [ -84.498729, 33.684197 ], [ -84.498879, 33.68414 ], [ -84.499067, 33.684087 ], [ -84.4991893, 33.6840674 ], [ -84.499231660417749, 33.68406062902055 ], [ -84.499392, 33.684035 ], [ -84.500695, 33.6840152 ], [ -84.501762, 33.683999 ], [ -84.5019222, 33.6839811 ], [ -84.502013, 33.683971 ], [ -84.502257, 33.683913 ], [ -84.502545, 33.683803 ], [ -84.502806, 33.683652 ], [ -84.5029925, 33.6835012 ], [ -84.503004240078326, 33.683491673765019 ], [ -84.50301, 33.683487 ], [ -84.503308, 33.683183 ], [ -84.503505, 33.68304 ], [ -84.503637900000015, 33.6829756 ], [ -84.503693216860995, 33.682948812464701 ], [ -84.50373, 33.682931 ], [ -84.504, 33.682855 ], [ -84.504141, 33.682836 ], [ -84.504306, 33.682828 ], [ -84.505057, 33.682844 ], [ -84.506362, 33.682871 ] ] } },
{ "type": "Feature", "properties": { "corridor_id": 48, "corridor_name": "Defoors Ferry Road Northwest", "street_names": "Defoors Ferry Road Northwest", "n_edges": 8, "length_m": 972.67333547111036, "length_km": 0.97267333547111035, "mean_score": 38.741094309938688, "total_score": 309.92875447950951, "pair_count_max": 60, "neighborhood_span": 26, "climb_saved_m": 197.82872736888385, "mean_abs_grade": 0.015804237204814071, "max_grade": 0.040314152633023861, "elev_min_m": 236.08845520019531, "elev_max_m": 247.03497314453125, "elev_range_m": 10.946517944335938, "gain_per_km": 15.169584814446608, "low_stress_share": 0.0, "mode": "bike", "n_pieces": 1, "neighborhoods": "Ridgewood Heights; Westover Plantation", "end_a_lon": -84.437988, "end_a_lat": 33.821489, "end_b_lon": -84.447374, "end_b_lat": 33.821063, "corridor_uid": "bike-135" }, "geometry": { "type": "LineString", "coordinates": [ [ -84.437988081059956, 33.821489230624572 ], [ -84.4385502, 33.8217016 ], [ -84.4388109, 33.8217963 ], [ -84.4398121, 33.8221353 ], [ -84.4398807, 33.8221566 ], [ -84.4400231, 33.8222051 ], [ -84.4401661, 33.8222241 ], [ -84.4405171, 33.8222691 ], [ -84.4408201, 33.8222931 ], [ -84.4411871, 33.8223211 ], [ -84.4417591, 33.8223371 ], [ -84.4417831, 33.8223351 ], [ -84.4419211, 33.8223211 ], [ -84.4422361, 33.8222611 ], [ -84.4435421, 33.8219531 ], [ -84.4435797, 33.8219457 ], [ -84.443582386441079, 33.82194517162413 ], [ -84.4436641, 33.8219291 ], [ -84.4439721, 33.8218961 ], [ -84.4441041, 33.82188810000001 ], [ -84.4442791, 33.8218961 ], [ -84.4444461, 33.8219221 ], [ -84.4445981, 33.8219631 ], [ -84.4447371, 33.8220171 ], [ -84.4453911, 33.8223411 ], [ -84.4455451, 33.8223841 ], [ -84.445549731137078, 33.822384501543667 ], [ -84.4457181, 33.8223991 ], [ -84.4458801, 33.8223841 ], [ -84.4460341, 33.8223421 ], [ -84.446161813295106, 33.822280797618347 ], [ -84.4461891, 33.8222677 ], [ -84.4462071, 33.8222591 ], [ -84.4462591, 33.8222341 ], [ -84.4463801, 33.8221531 ], [ -84.4466951, 33.8218321 ], [ -84.44676842904174, 33.821741521967795 ], [ -84.4467831, 33.82172340000001 ], [ -84.4470074, 33.8214464 ], [ -84.4470724, 33.821363300000016 ], [ -84.44718810000002, 33.8212401 ], [ -84.4473736, 33.8210628 ] ] } },
{ "type": "Feature", "properties": { "corridor_id": 49, "corridor_name": "Lee Street Southwest - Lee Street Connector Southwest", "street_names": "Lee Street Connector Southwest; Lee Street Southwest", "n_edges": 6, "length_m": 360.31253975073093, "length_km": 0.36031253975073091, "mean_score": 49.880152518036539, "total_score": 299.28091510821923, "pair_count_max": 164, "neighborhood_span": 34, "climb_saved_m": 150.07862015465545, "mean_abs_grade": 0.010401956190643812, "max_grade": 0.039263027326507882, "elev_min_m": 323.57882690429688, "elev_max_m": 325.43093872070312, "elev_range_m": 1.85211181640625, "gain_per_km": 6.4947751399387785, "low_stress_share": 0.0, "mode": "bike", "n_pieces": 1, "neighborhoods": "West End", "end_a_lon": -84.413878, "end_a_lat": 33.732161, "end_b_lon": -84.414103, "end_b_lat": 33.735317, "corridor_uid": "bike-136" }, "geometry": { "type": "LineString", "coordinates": [ [ -84.413878315856934, 33.732161347301378 ], [ -84.4138845, 33.7321646 ], [ -84.4139887, 33.7322221 ], [ -84.41405, 33.7322696 ], [ -84.4141345, 33.7323961 ], [ -84.4141534, 33.73257670000001 ], [ -84.4141569, 33.732849 ], [ -84.414142701587195, 33.733106571207017 ], [ -84.4141427, 33.7331066 ], [ -84.414125, 33.733426 ], [ -84.414122800001692, 33.733612799855905 ], [ -84.4141228, 33.7336128 ], [ -84.414106900008093, 33.734970599307658 ], [ -84.4141069, 33.7349706 ], [ -84.414102900006796, 33.735316999411829 ] ] } },
{ "type": "Feature", "properties": { "corridor_id": 50, "corridor_name": "Utoy Springs Road Southwest - Cascade Road", "street_names": "Cascade Road; Utoy Springs Road Southwest", "n_edges": 8, "length_m": 354.7516421831474, "length_km": 0.35475164218314742, "mean_score": 36.097796427963715, "total_score": 288.78237142370972, "pair_count_max": 132, "neighborhood_span": 35, "climb_saved_m": 119.19461752049895, "mean_abs_grade": 0.021729748429326994, "max_grade": 0.05417464886729758, "elev_min_m": 246.4630126953125, "elev_max_m": 253.11874389648438, "elev_range_m": 6.655731201171875, "gain_per_km": 17.030837382784323, "low_stress_share": 0.48140648230612793, "mode": "bike", "n_pieces": 1, "neighborhoods": "", "end_a_lon": -84.504287, "end_a_lat": 33.722995, "end_b_lon": -84.507287, "end_b_lat": 33.721766, "corridor_uid": "bike-137" }, "geometry": { "type": "LineString", "coordinates": [ [ -84.504286779975203, 33.722994999487177 ], [ -84.5042868, 33.722995 ], [ -84.50578915513627, 33.723033598847351 ], [ -84.5057892, 33.7230336 ], [ -84.5058361, 33.7230348 ], [ -84.5062701, 33.72305 ], [ -84.5064458, 33.7228297 ], [ -84.5064756, 33.722792300000016 ], [ -84.5064989, 33.722763 ], [ -84.506498906116576, 33.722762992329891 ], [ -84.5067497, 33.7224485 ], [ -84.506749700532723, 33.722448499331826 ], [ -84.50685, 33.7223227 ], [ -84.507056425243206, 33.722063748237112 ], [ -84.5070575, 33.7220624 ], [ -84.507191, 33.721895 ], [ -84.50728654946613, 33.721766322786891 ] ] } },
{ "type": "Feature", "properties": { "corridor_id": 51, "corridor_name": "Greenbriar Parkway Southwest - Campbellton Road Southwest - Mount Gilead Road Southwest", "street_names": "Campbellton Road Southwest; Greenbriar Parkway Southwest; Mount Gilead Road Southwest", "n_edges": 5, "length_m": 350.01433651688092, "length_km": 0.35001433651688091, "mean_score": 55.08360135674485, "total_score": 275.41800678372425, "pair_count_max": 145, "neighborhood_span": 36, "climb_saved_m": 133.68432880670562, "mean_abs_grade": 0.033151370257167252, "max_grade": 0.052872509998995544, "elev_min_m": 286.73989868164062, "elev_max_m": 293.33053588867188, "elev_range_m": 6.59063720703125, "gain_per_km": 18.829620731016512, "low_stress_share": 0.0, "mode": "bike", "n_pieces": 1, "neighborhoods": "Greenbriar; Southwest", "end_a_lon": -84.490026, "end_a_lat": 33.693028, "end_b_lon": -84.489089, "end_b_lat": 33.690447, "corridor_uid": "bike-138" }, "geometry": { "type": "LineString", "coordinates": [ [ -84.490025795928617, 33.6930281032298 ], [ -84.4900258, 33.6930281 ], [ -84.4901103, 33.692961 ], [ -84.490588, 33.692582 ], [ -84.4904299, 33.6924018 ], [ -84.4903318, 33.69229 ], [ -84.4901597, 33.6920914 ], [ -84.4899161, 33.6918102 ], [ -84.4896571, 33.6915227 ], [ -84.489608719743842, 33.691465076361567 ], [ -84.48960790000001, 33.6914641 ], [ -84.489418, 33.691238 ], [ -84.4892964, 33.6910478 ], [ -84.489257, 33.690984 ], [ -84.489177, 33.690804 ], [ -84.489093, 33.690492 ], [ -84.489088905312826, 33.690446863215911 ] ] } },
{ "type": "Feature", "properties": { "corridor_id": 52, "corridor_name": "Cascade Avenue Southwest", "street_names": "Cascade Avenue Southwest", "n_edges": 6, "length_m": 867.42191471448143, "length_km": 0.86742191471448138, "mean_score": 44.185495114801007, "total_score": 265.11297068880606, "pair_count_max": 77, "neighborhood_span": 17, "climb_saved_m": 216.68587077899241, "mean_abs_grade": 0.032128034951013566, "max_grade": 0.053988293394043922, "elev_min_m": 281.92926025390625, "elev_max_m": 309.79782104492188, "elev_range_m": 27.868560791015625, "gain_per_km": 32.128034026196786, "low_stress_share": 0.0, "mode": "bike", "n_pieces": 1, "neighborhoods": "Adams Park; Cascade Avenue/Road; Venetian Hills", "end_a_lon": -84.44631, "end_a_lat": 33.725842, "end_b_lon": -84.453807, "end_b_lat": 33.721246, "corridor_uid": "bike-139" }, "geometry": { "type": "LineString", "coordinates": [ [ -84.44631, 33.725842 ], [ -84.447313483415087, 33.725172411066524 ], [ -84.447313500000021, 33.7251724 ], [ -84.447734187832424, 33.724891608121361 ], [ -84.447734200000014, 33.7248916 ], [ -84.448621, 33.7242998 ], [ -84.449984999130962, 33.723389500579977 ], [ -84.449985, 33.7233895 ], [ -84.450248, 33.723214 ], [ -84.451012, 33.722704 ], [ -84.452031, 33.722024 ], [ -84.452531, 33.721693 ], [ -84.452835, 33.721528 ], [ -84.453219, 33.721376 ], [ -84.453625, 33.72127 ], [ -84.4537765, 33.7212499 ], [ -84.453806692559965, 33.721245907687283 ] ] } },
{ "type": "Feature", "properties": { "corridor_id": 53, "corridor_name": "Courtland Street Southeast - Washington Street Southwest", "street_names": "Courtland Street Southeast; Washington Street Southwest", "n_edges": 8, "length_m": 669.38865141613064, "length_km": 0.66938865141613069, "mean_score": 32.549064173492837, "total_score": 260.3925133879427, "pair_count_max": 119, "neighborhood_span": 36, "climb_saved_m": 102.73596269842174, "mean_abs_grade": 0.017598464807795821, "max_grade": 0.071455393012517257, "elev_min_m": 312.16363525390625, "elev_max_m": 318.50225830078125, "elev_range_m": 6.338623046875, "gain_per_km": 15.055305046592283, "low_stress_share": 0.4032706258335596, "mode": "bike", "n_pieces": 1, "neighborhoods": "Downtown", "end_a_lon": -84.390934, "end_a_lat": 33.751322, "end_b_lon": -84.38594, "end_b_lat": 33.752873, "corridor_uid": "bike-140" }, "geometry": { "type": "MultiLineString", "coordinates": [ [ [ -84.390933809701949, 33.751321835094942 ], [ -84.3899839, 33.7508012 ], [ -84.389981865720813, 33.750800086941524 ], [ -84.3898821, 33.7507455 ], [ -84.389880109207951, 33.750744452383834 ], [ -84.3897582, 33.7506803 ], [ -84.389756626188372, 33.750679441533151 ], [ -84.3885728, 33.750033699999989 ], [ -84.388572189145663, 33.750033354734498 ], [ -84.3884969, 33.7499908 ], [ -84.388496162448291, 33.749990375415329 ] ], [ [ -84.385939978084636, 33.752872916004939 ], [ -84.3859457, 33.7528675 ], [ -84.387118, 33.751758 ], [ -84.387386, 33.751488 ], [ -84.3875232, 33.7513218 ], [ -84.3880506, 33.7505882 ], [ -84.388172, 33.750411 ], [ -84.3883195, 33.7502328 ], [ -84.388400860641894, 33.750123336527679 ], [ -84.38840230000001, 33.7501214 ], [ -84.3884284, 33.750086799999984 ], [ -84.388458, 33.750039 ], [ -84.388496840834378, 33.749990873310608 ] ] ] } },
{ "type": "Feature", "properties": { "corridor_id": 54, "corridor_name": "Martin Luther King Junior Drive Southwest", "street_names": "Martin Luther King Junior Drive Southwest", "n_edges": 7, "length_m": 353.42850261021431, "length_km": 0.3534285026102143, "mean_score": 34.110502846267302, "total_score": 238.77351992387111, "pair_count_max": 61, "neighborhood_span": 33, "climb_saved_m": 148.90737324269236, "mean_abs_grade": 0.017401992316155912, "max_grade": 0.030048610934019906, "elev_min_m": 283.67770385742188, "elev_max_m": 289.896484375, "elev_range_m": 6.218780517578125, "gain_per_km": 17.595582901916181, "low_stress_share": 0.0, "mode": "bike", "n_pieces": 1, "neighborhoods": "Adamsville", "end_a_lon": -84.500746, "end_a_lat": 33.756155, "end_b_lon": -84.503583, "end_b_lat": 33.758257, "corridor_uid": "bike-141" }, "geometry": { "type": "LineString", "coordinates": [ [ -84.5007455857737, 33.756155208641609 ], [ -84.5007507, 33.7561594 ], [ -84.500799, 33.756199 ], [ -84.50183, 33.757146 ], [ -84.502172, 33.757425 ], [ -84.502287, 33.757507 ], [ -84.5023967, 33.7575767 ], [ -84.502399133002442, 33.757578243263687 ], [ -84.5024276, 33.7575963 ], [ -84.502430203251635, 33.757597952110018 ], [ -84.502643, 33.757733 ], [ -84.5028231, 33.75783340000001 ], [ -84.502826279821448, 33.757835172876639 ], [ -84.5029743, 33.7579177 ], [ -84.502976849595967, 33.757919120516746 ], [ -84.5031064, 33.7579913 ], [ -84.503108391425513, 33.757992411022215 ], [ -84.5032342, 33.7580626 ], [ -84.503583, 33.758257 ] ] } },
{ "type": "Feature", "properties": { "corridor_id": 55, "corridor_name": "Alston Drive Southeast - Carter Avenue Southeast", "street_names": "Alston Drive Southeast; Carter Avenue Southeast", "n_edges": 5, "length_m": 722.30008234219611, "length_km": 0.72230008234219611, "mean_score": 44.300674531226591, "total_score": 221.50337265613294, "pair_count_max": 70, "neighborhood_span": 36, "climb_saved_m": 133.91945526438485, "mean_abs_grade": 0.017456745875346069, "max_grade": 0.052497893641274718, "elev_min_m": 296.11734008789062, "elev_max_m": 307.06280517578125, "elev_range_m": 10.945465087890625, "gain_per_km": 5.9121621733198921, "low_stress_share": 1.0, "mode": "bike", "n_pieces": 1, "neighborhoods": "East Lake", "end_a_lon": -84.30842, "end_a_lat": 33.74524, "end_b_lon": -84.303021, "end_b_lat": 33.745111, "corridor_uid": "bike-142" }, "geometry": { "type": "MultiLineString", "coordinates": [ [ [ -84.3084196, 33.7452404 ], [ -84.3051198, 33.7451664 ] ], [ [ -84.305139700440108, 33.747164111729752 ], [ -84.3051397, 33.7471641 ], [ -84.3051396, 33.7471473 ], [ -84.3051198, 33.7451664 ] ], [ [ -84.3051198, 33.7451664 ], [ -84.3050606, 33.745164699999989 ], [ -84.304793100627364, 33.745156800018528 ], [ -84.3047931, 33.7451568 ], [ -84.3036463, 33.7451229 ], [ -84.303021, 33.745110599999983 ], [ -84.303020994478075, 33.74511059990877 ] ] ] } },
{ "type": "Feature", "properties": { "corridor_id": 56, "corridor_name": "McKinley Road Northwest", "street_names": "McKinley Road Northwest", "n_edges": 4, "length_m": 620.59282918344309, "length_km": 0.62059282918344305, "mean_score": 53.842095152672719, "total_score": 215.36838061069088, "pair_count_max": 106, "neighborhood_span": 26, "climb_saved_m": 220.6390345052975, "mean_abs_grade": 0.012470700374038116, "max_grade": 0.082036635199713145, "elev_min_m": 269.27316284179688, "elev_max_m": 277.04296875, "elev_range_m": 7.769805908203125, "gain_per_km": 5.8941503343722719, "low_stress_share": 1.0, "mode": "bike", "n_pieces": 1, "neighborhoods": "Springlake", "end_a_lon": -84.412655, "end_a_lat": 33.811176, "end_b_lon": -84.408341, "end_b_lat": 33.815004, "corridor_uid": "bike-143" }, "geometry": { "type": "LineString", "coordinates": [ [ -84.412654819595872, 33.811175851090283 ], [ -84.4126553, 33.8111768 ], [ -84.412659, 33.811184 ], [ -84.412666, 33.811261 ], [ -84.41257, 33.811731 ], [ -84.41248, 33.812039 ], [ -84.412439, 33.812153 ], [ -84.412365, 33.812307 ], [ -84.412276, 33.812448 ], [ -84.412145, 33.812608 ], [ -84.411993, 33.812754 ], [ -84.41182, 33.812884 ], [ -84.411658, 33.81298 ], [ -84.411514, 33.813049 ], [ -84.411294, 33.813134 ], [ -84.410353, 33.813466 ], [ -84.410252, 33.813513 ], [ -84.410158, 33.81357 ], [ -84.410048, 33.813661 ], [ -84.40898457782238, 33.814714142263547 ], [ -84.4089825, 33.8147162 ], [ -84.408912, 33.814786 ], [ -84.408785, 33.814873 ], [ -84.408648, 33.814937 ], [ -84.408501, 33.81498 ], [ -84.408341, 33.815004 ] ] } },
{ "type": "Feature", "properties": { "corridor_id": 57, "corridor_name": "Chappell Road Southwest - Mozley Place Southwest", "street_names": "Chappell Road Southwest; Mozley Place Southwest", "n_edges": 4, "length_m": 547.73586170007081, "length_km": 0.54773586170007083, "mean_score": 53.088660229675419, "total_score": 212.35464091870168, "pair_count_max": 63, "neighborhood_span": 34, "climb_saved_m": 142.4038662777653, "mean_abs_grade": 0.017916885551564104, "max_grade": 0.0465807219543284, "elev_min_m": 300.38565063476562, "elev_max_m": 310.36544799804688, "elev_range_m": 9.97979736328125, "gain_per_km": 19.997427357543664, "low_stress_share": 1.0, "mode": "bike", "n_pieces": 1, "neighborhoods": "Mozley Park", "end_a_lon": -84.433327, "end_a_lat": 33.753708, "end_b_lon": -84.436165, "end_b_lat": 33.751183, "corridor_uid": "bike-144" }, "geometry": { "type": "LineString", "coordinates": [ [ -84.433326999998613, 33.753708399887699 ], [ -84.433309, 33.752264 ], [ -84.433333, 33.751138 ], [ -84.434637, 33.751159 ], [ -84.436165, 33.751183 ] ] } },
{ "type": "Feature", "properties": { "corridor_id": 58, "corridor_name": "Donald Lee Hollowell Parkway Northwest - Woodlawn Avenue Northwest", "street_names": "Donald Lee Hollowell Parkway Northwest; Woodlawn Avenue Northwest", "n_edges": 6, "length_m": 457.10173812026369, "length_km": 0.45710173812026367, "mean_score": 35.340807659254565, "total_score": 212.04484595552739, "pair_count_max": 83, "neighborhood_span": 34, "climb_saved_m": 108.92044403665928, "mean_abs_grade": 0.026585777026721165, "max_grade": 0.038081452474496999, "elev_min_m": 266.2271728515625, "elev_max_m": 274.05575561523438, "elev_range_m": 7.828582763671875, "gain_per_km": 26.628638780432819, "low_stress_share": 0.35095772183540025, "mode": "bike", "n_pieces": 1, "neighborhoods": "Grove Park", "end_a_lon": -84.437607, "end_a_lat": 33.771525, "end_b_lon": -84.434423, "end_b_lat": 33.771282, "corridor_uid": "bike-145" }, "geometry": { "type": "MultiLineString", "coordinates": [ [ [ -84.437607, 33.771525 ], [ -84.436323, 33.771392 ], [ -84.436134, 33.771368 ], [ -84.435968, 33.77135 ] ], [ [ -84.437564583960324, 33.771444393280568 ], [ -84.4362668, 33.7713122 ], [ -84.4359783, 33.7712644 ], [ -84.43595150153196, 33.771261869033573 ] ], [ [ -84.435978282482893, 33.771264545579086 ], [ -84.435968, 33.77135 ] ], [ [ -84.435968, 33.77135 ], [ -84.435444, 33.771298 ], [ -84.435081, 33.771279 ], [ -84.434972, 33.771278 ], [ -84.434546, 33.771276 ], [ -84.4344234, 33.7712822 ], [ -84.434423207614188, 33.771282207530838 ] ] ] } },
{ "type": "Feature", "properties": { "corridor_id": 59, "corridor_name": "North Morningside Drive Northeast - North Highland Avenue Northeast", "street_names": "North Highland Avenue Northeast; North Morningside Drive Northeast", "n_edges": 6, "length_m": 693.82709010874396, "length_km": 0.69382709010874399, "mean_score": 35.319979669735567, "total_score": 211.91987801841341, "pair_count_max": 62, "neighborhood_span": 27, "climb_saved_m": 128.60754719562925, "mean_abs_grade": 0.019906334011145169, "max_grade": 0.051427194245493475, "elev_min_m": 280.0478515625, "elev_max_m": 293.60134887695312, "elev_range_m": 13.553497314453125, "gain_per_km": 4.1885038124612581, "low_stress_share": 0.8203934972039979, "mode": "bike", "n_pieces": 1, "neighborhoods": "Morningside/Lenox Park", "end_a_lon": -84.355669, "end_a_lat": 33.789923, "end_b_lon": -84.358725, "end_b_lat": 33.795261, "corridor_uid": "bike-146" }, "geometry": { "type": "LineString", "coordinates": [ [ -84.355669, 33.789923 ], [ -84.355647, 33.790085 ], [ -84.355612, 33.790243 ], [ -84.3554315, 33.7908812 ], [ -84.355431427908272, 33.790881455149936 ], [ -84.355392, 33.791021 ], [ -84.355471176829894, 33.791109392656139 ], [ -84.355471900000012, 33.7911102 ], [ -84.355564, 33.791213 ], [ -84.3558147, 33.7915144 ], [ -84.35656898935909, 33.792412850826423 ], [ -84.3565739, 33.7924187 ], [ -84.3566726, 33.7925363 ], [ -84.356806816009268, 33.79270720815569 ], [ -84.3568116, 33.7927133 ], [ -84.356963, 33.792906 ], [ -84.35712, 33.793085 ], [ -84.357317, 33.793283 ], [ -84.358108, 33.794013 ], [ -84.358291, 33.794213 ], [ -84.358446, 33.794437 ], [ -84.358562, 33.794669 ], [ -84.35863, 33.79487 ], [ -84.358725, 33.795261 ] ] } },
{ "type": "Feature", "properties": { "corridor_id": 60, "corridor_name": "West Marietta Street Northwest", "street_names": "West Marietta Street Northwest", "n_edges": 5, "length_m": 365.07079590618537, "length_km": 0.36507079590618535, "mean_score": 41.329376036732086, "total_score": 206.64688018366044, "pair_count_max": 79, "neighborhood_span": 29, "climb_saved_m": 110.66194747182271, "mean_abs_grade": 0.0066449379728442913, "max_grade": 0.021632266858238089, "elev_min_m": 292.86831665039062, "elev_max_m": 294.50424194335938, "elev_range_m": 1.63592529296875, "gain_per_km": 2.3973805433392825, "low_stress_share": 0.0, "mode": "bike", "n_pieces": 1, "neighborhoods": "Knight Park/Howell Station", "end_a_lon": -84.42709, "end_a_lat": 33.786236, "end_b_lon": -84.423299, "end_b_lat": 33.7854, "corridor_uid": "bike-147" }, "geometry": { "type": "LineString", "coordinates": [ [ -84.4270903, 33.786236 ], [ -84.4266873, 33.78613 ], [ -84.4261033, 33.785924 ], [ -84.4257623, 33.785803 ], [ -84.4255593, 33.785743 ], [ -84.4253323, 33.785694 ], [ -84.4250353, 33.78565 ], [ -84.4244898, 33.7855703 ], [ -84.424489733344259, 33.785570290537983 ], [ -84.4239523, 33.785494 ], [ -84.4232988, 33.7854 ], [ -84.423298798245654, 33.785399999748762 ] ] } },
{ "type": "Feature", "properties": { "corridor_id": 61, "corridor_name": "Atlanta Beltline Eastside Trail", "street_names": "Atlanta Beltline Eastside Trail", "n_edges": 4, "length_m": 885.06326687974433, "length_km": 0.88506326687974435, "mean_score": 53.995507451742697, "total_score": 200.53635859413248, "pair_count_max": 88, "neighborhood_span": 20, "climb_saved_m": 159.10666548604081, "mean_abs_grade": 0.0080093776488931942, "max_grade": 0.015493323763442191, "elev_min_m": 271.83273315429688, "elev_max_m": 279.61944580078125, "elev_range_m": 7.786712646484375, "gain_per_km": 7.8889024046725975, "low_stress_share": 1.0, "mode": "bike", "n_pieces": 2, "neighborhoods": "Midtown; Virginia Highland", "end_a_lon": -84.368366, "end_a_lat": 33.781804, "end_b_lon": -84.364648, "end_b_lat": 33.773561, "corridor_uid": "bike-148" }, "geometry": { "type": "MultiLineString", "coordinates": [ [ [ -84.368365506677321, 33.78180409446184 ], [ -84.3683611, 33.78179810000001 ], [ -84.3681191, 33.781468899999986 ], [ -84.3677797, 33.7810277 ], [ -84.3677292, 33.7809725 ], [ -84.367495283843112, 33.780758710649614 ], [ -84.367477, 33.780742 ], [ -84.3674505, 33.7807151 ], [ -84.3674238, 33.780688 ], [ -84.367129223880227, 33.780320671218945 ], [ -84.3670768, 33.7802553 ], [ -84.3669029, 33.780026199999988 ], [ -84.366479, 33.779408 ], [ -84.3662622, 33.7790828 ], [ -84.3660823, 33.7787601 ], [ -84.3658803, 33.7783341 ], [ -84.365704, 33.777811 ], [ -84.365674406314255, 33.777716842522786 ] ], [ [ -84.36537902467137, 33.776778523083834 ], [ -84.3653742, 33.7767632 ], [ -84.3653515, 33.7766837 ], [ -84.3648634, 33.7746998 ], [ -84.3646959, 33.773752199999983 ], [ -84.364647845319126, 33.773561180502021 ] ] ] } },
{ "type": "Feature", "properties": { "corridor_id": 62, "corridor_name": "Marietta Street", "street_names": "Marietta Street", "n_edges": 3, "length_m": 488.05133419036395, "length_km": 0.48805133419036395, "mean_score": 63.979303470646812, "total_score": 191.93791041194044, "pair_count_max": 132, "neighborhood_span": 27, "climb_saved_m": 181.36158003246226, "mean_abs_grade": 0.0067735020097190899, "max_grade": 0.027506141399521514, "elev_min_m": 302.31686401367188, "elev_max_m": 305.66348266601562, "elev_range_m": 3.34661865234375, "gain_per_km": 0.083601865407892148, "low_stress_share": 0.0, "mode": "bike", "n_pieces": 1, "neighborhoods": "Downtown", "end_a_lon": -84.397578, "end_a_lat": 33.766482, "end_b_lon": -84.399579, "end_b_lat": 33.770498, "corridor_uid": "bike-149" }, "geometry": { "type": "LineString", "coordinates": [ [ -84.397578420503962, 33.76648217864102 ], [ -84.397631, 33.76663 ], [ -84.3976978, 33.76681 ], [ -84.397706005138147, 33.766832123683862 ], [ -84.398062, 33.767792 ], [ -84.398708, 33.769397 ], [ -84.39874, 33.769475 ], [ -84.3987644, 33.769526599999985 ], [ -84.398807, 33.769617 ], [ -84.398816502310822, 33.769634030115476 ], [ -84.398884, 33.769755 ], [ -84.399033, 33.769971 ], [ -84.399203, 33.770166 ], [ -84.3995008, 33.7704282 ], [ -84.399578811693473, 33.770498124137575 ] ] } },
{ "type": "Feature", "properties": { "corridor_id": 63, "corridor_name": "Mangum Street Southwest - Baker Street Northwest", "street_names": "Baker Street Northwest; Mangum Street Southwest", "n_edges": 4, "length_m": 1001.6914138331142, "length_km": 1.0016914138331141, "mean_score": 46.413021894041208, "total_score": 185.65208757616483, "pair_count_max": 70, "neighborhood_span": 19, "climb_saved_m": 177.75270875724991, "mean_abs_grade": 0.013547581296941249, "max_grade": 0.043294975504158596, "elev_min_m": 308.36761474609375, "elev_max_m": 318.45053100585938, "elev_range_m": 10.082916259765625, "gain_per_km": 10.603982002763807, "low_stress_share": 0.0, "mode": "bike", "n_pieces": 1, "neighborhoods": "Castleberry Hill; Downtown", "end_a_lon": -84.399515, "end_a_lat": 33.753951, "end_b_lon": -84.395709, "end_b_lat": 33.759585, "corridor_uid": "bike-150" }, "geometry": { "type": "MultiLineString", "coordinates": [ [ [ -84.3954949, 33.7580369 ], [ -84.3963376, 33.758042 ], [ -84.3973175, 33.7580559 ], [ -84.398893094354349, 33.758075434501158 ], [ -84.3989871, 33.75807660000001 ], [ -84.3991411, 33.7580772 ], [ -84.3991802, 33.7580665 ], [ -84.3992156, 33.7580437 ], [ -84.3992394, 33.7580148 ], [ -84.3992553, 33.7579651 ], [ -84.399271700000014, 33.7567318 ], [ -84.39924, 33.7565336 ], [ -84.3991878, 33.7563803 ], [ -84.3991357, 33.756259499999985 ], [ -84.3990873, 33.7561479 ], [ -84.398969900000012, 33.7559951 ], [ -84.398950761567718, 33.755970852401994 ], [ -84.3989242, 33.7559372 ], [ -84.3988999, 33.755863 ], [ -84.3989042, 33.7558303 ], [ -84.3989112, 33.7557774 ], [ -84.3992503, 33.7546925 ], [ -84.399295, 33.754540399999989 ], [ -84.399345, 33.754424 ], [ -84.3994739, 33.7540471 ], [ -84.399514718789817, 33.753950763911178 ] ], [ [ -84.395709348279368, 33.759585401698374 ], [ -84.3957275, 33.7595777 ], [ -84.3957226, 33.7594545 ], [ -84.3956475, 33.7592099 ], [ -84.3955661, 33.7589451 ], [ -84.3954549, 33.7586934 ], [ -84.3952976, 33.758439 ], [ -84.3954886, 33.7583186 ], [ -84.395494276320392, 33.75806478738803 ] ] ] } },
{ "type": "Feature", "properties": { "corridor_id": 64, "corridor_name": "Van Vleck Avenue Southeast - Blake Avenue Southeast", "street_names": "Blake Avenue Southeast; Van Vleck Avenue Southeast", "n_edges": 3, "length_m": 401.03655506141001, "length_km": 0.40103655506141, "mean_score": 60.632781758256122, "total_score": 181.89834527476836, "pair_count_max": 69, "neighborhood_span": 36, "climb_saved_m": 119.9814409212284, "mean_abs_grade": 0.026087640534250139, "max_grade": 0.054535819462264552, "elev_min_m": 308.84576416015625, "elev_max_m": 315.900634765625, "elev_range_m": 7.05487060546875, "gain_per_km": 23.735489216606211, "low_stress_share": 1.0, "mode": "bike", "n_pieces": 1, "neighborhoods": "East Atlanta", "end_a_lon": -84.341688, "end_a_lat": 33.736163, "end_b_lon": -84.338691, "end_b_lat": 33.735216, "corridor_uid": "bike-151" }, "geometry": { "type": "LineString", "coordinates": [ [ -84.341688292567326, 33.736163317113039 ], [ -84.340893, 33.73629 ], [ -84.339932, 33.736355 ], [ -84.338728, 33.736342 ], [ -84.338691, 33.735216 ] ] } },
{ "type": "Feature", "properties": { "corridor_id": 65, "corridor_name": "Howell Mill Road Northwest", "street_names": "Howell Mill Road Northwest", "n_edges": 3, "length_m": 598.8371105386218, "length_km": 0.59883711053862176, "mean_score": 55.852706482995337, "total_score": 167.55811944898602, "pair_count_max": 100, "neighborhood_span": 27, "climb_saved_m": 116.9932450313724, "mean_abs_grade": 0.017036447531244562, "max_grade": 0.04195163484586268, "elev_min_m": 246.52670288085938, "elev_max_m": 256.728759765625, "elev_range_m": 10.202056884765625, "gain_per_km": 0.0, "low_stress_share": 0.39647017286894892, "mode": "bike", "n_pieces": 1, "neighborhoods": "Brandon; Memorial Park; Wildwood (NPU-C)", "end_a_lon": -84.416529, "end_a_lat": 33.825036, "end_b_lon": -84.416665, "end_b_lat": 33.819911, "corridor_uid": "bike-152" }, "geometry": { "type": "MultiLineString", "coordinates": [ [ [ -84.415850529656311, 33.821863197300644 ], [ -84.4158472, 33.8218776 ], [ -84.415827, 33.821965 ], [ -84.415803, 33.822214 ], [ -84.415812, 33.822658 ], [ -84.415878, 33.823154 ], [ -84.415921, 33.82336 ], [ -84.415977, 33.823564 ], [ -84.41605, 33.82378 ], [ -84.4162424, 33.8243071 ], [ -84.4163779, 33.824635 ], [ -84.4165126, 33.8249812 ], [ -84.41652937577868, 33.825035521569035 ] ], [ [ -84.416665202504916, 33.819910627314677 ], [ -84.4166651, 33.8199108 ], [ -84.416645, 33.8199435 ], [ -84.4164706, 33.8202295 ], [ -84.4162928, 33.8205114 ], [ -84.4161574, 33.8207673 ], [ -84.416101400000016, 33.8208856 ], [ -84.4159713, 33.8212708 ], [ -84.4157947, 33.8218582 ], [ -84.4157991, 33.8218659 ], [ -84.4158092, 33.8218705 ], [ -84.4158472, 33.8218776 ] ] ] } },
{ "type": "Feature", "properties": { "corridor_id": 66, "corridor_name": "Bitsy Grant Connector Trail", "street_names": "Bitsy Grant Connector Trail", "n_edges": 2, "length_m": 614.5915489884635, "length_km": 0.61459154898846347, "mean_score": 82.646736270561149, "total_score": 165.2934725411223, "pair_count_max": 112, "neighborhood_span": 32, "climb_saved_m": 219.11574992818063, "mean_abs_grade": 0.039868267950547633, "max_grade": 0.048359971520463528, "elev_min_m": 239.56355285644531, "elev_max_m": 264.06625366210938, "elev_range_m": 24.502700805664062, "gain_per_km": 0.0, "low_stress_share": 1.0, "mode": "bike", "n_pieces": 1, "neighborhoods": "Peachtree Battle Alliance", "end_a_lon": -84.407574, "end_a_lat": 33.81506, "end_b_lon": -84.407509, "end_b_lat": 33.820591, "corridor_uid": "bike-153" }, "geometry": { "type": "LineString", "coordinates": [ [ -84.4075738, 33.8150599 ], [ -84.4075419, 33.816551 ], [ -84.4075329, 33.8179527 ], [ -84.4075255, 33.818493600000011 ], [ -84.4075104, 33.8185779 ], [ -84.4074829, 33.8186805 ], [ -84.4074685, 33.8187544 ], [ -84.4074608, 33.8188193 ], [ -84.4074661, 33.8188827 ], [ -84.4074865, 33.8190149 ], [ -84.4075028, 33.819103 ], [ -84.407519526631773, 33.819264292520728 ], [ -84.4075196, 33.819265 ], [ -84.4075284, 33.8193932 ], [ -84.4075212, 33.819881 ], [ -84.4075213, 33.8199301 ], [ -84.4075117, 33.8205255 ], [ -84.4075093, 33.8205908 ] ] } },
{ "type": "Feature", "properties": { "corridor_id": 67, "corridor_name": "Hill Street Southeast", "street_names": "Hill Street Southeast", "n_edges": 3, "length_m": 486.50502932186441, "length_km": 0.4865050293218644, "mean_score": 53.847187022843563, "total_score": 161.54156106853068, "pair_count_max": 53, "neighborhood_span": 23, "climb_saved_m": 127.46657122513253, "mean_abs_grade": 0.03610678386600831, "max_grade": 0.056342173458974756, "elev_min_m": 290.90106201171875, "elev_max_m": 308.46719360351562, "elev_range_m": 17.566131591796875, "gain_per_km": 36.106783143192104, "low_stress_share": 0.0, "mode": "bike", "n_pieces": 1, "neighborhoods": "Chosewood Park", "end_a_lon": -84.378658, "end_a_lat": 33.722032, "end_b_lon": -84.378802, "end_b_lat": 33.717649, "corridor_uid": "bike-154" }, "geometry": { "type": "LineString", "coordinates": [ [ -84.3786576, 33.7220321 ], [ -84.378691, 33.721039 ], [ -84.378708, 33.720503 ], [ -84.378721, 33.720114 ], [ -84.378756, 33.719044 ], [ -84.3788019, 33.717649 ], [ -84.37880190001168, 33.717648999646784 ] ] } },
{ "type": "Feature", "properties": { "corridor_id": 68, "corridor_name": "Ridgewood Road Northwest", "street_names": "Ridgewood Road Northwest", "n_edges": 3, "length_m": 496.28624564087022, "length_km": 0.4962862456408702, "mean_score": 51.361197848414442, "total_score": 154.08359354524333, "pair_count_max": 66, "neighborhood_span": 34, "climb_saved_m": 109.25450970800972, "mean_abs_grade": 0.015070277675066291, "max_grade": 0.019568863665961129, "elev_min_m": 244.58447265625, "elev_max_m": 252.06364440917969, "elev_range_m": 7.4791717529296875, "gain_per_km": 15.070278128042004, "low_stress_share": 0.0, "mode": "bike", "n_pieces": 1, "neighborhoods": "Paces", "end_a_lon": -84.450085, "end_a_lat": 33.825957, "end_b_lon": -84.44933, "end_b_lat": 33.829997, "corridor_uid": "bike-155" }, "geometry": { "type": "LineString", "coordinates": [ [ -84.4500845, 33.8259574 ], [ -84.4499846, 33.8260532 ], [ -84.4497143, 33.8263162 ], [ -84.4496493, 33.8263774 ], [ -84.4495201, 33.82650490000001 ], [ -84.449476, 33.826551 ], [ -84.449419, 33.82661 ], [ -84.449147, 33.826895 ], [ -84.448911, 33.827166 ], [ -84.448859, 33.82724 ], [ -84.448818, 33.827318 ], [ -84.448789, 33.8274 ], [ -84.448772, 33.827484 ], [ -84.448771, 33.827715 ], [ -84.448805, 33.827916 ], [ -84.448947123188006, 33.8283508794092 ], [ -84.448967, 33.828411699999982 ], [ -84.449209665048343, 33.82915422317997 ], [ -84.449225900000016, 33.8292039 ], [ -84.449239, 33.829244 ], [ -84.449337, 33.829614 ], [ -84.449356, 33.829743 ], [ -84.449356, 33.82984 ], [ -84.449344, 33.82994 ], [ -84.449330084149437, 33.829996870713515 ] ] } },
{ "type": "Feature", "properties": { "corridor_id": 69, "corridor_name": "Chappell Road Northwest", "street_names": "Chappell Road Northwest", "n_edges": 4, "length_m": 470.67772745510769, "length_km": 0.47067772745510766, "mean_score": 36.870904274949268, "total_score": 147.48361709979707, "pair_count_max": 63, "neighborhood_span": 31, "climb_saved_m": 89.452497201702954, "mean_abs_grade": 0.018761839578003453, "max_grade": 0.074311938124654711, "elev_min_m": 279.82620239257812, "elev_max_m": 288.656982421875, "elev_range_m": 8.830780029296875, "gain_per_km": 3.6448413728276541, "low_stress_share": 0.0, "mode": "bike", "n_pieces": 1, "neighborhoods": "Grove Park; Historic Westin Heights/Bankhead", "end_a_lon": -84.432298, "end_a_lat": 33.765938, "end_b_lon": -84.433984, "end_b_lat": 33.769875, "corridor_uid": "bike-156" }, "geometry": { "type": "LineString", "coordinates": [ [ -84.432298, 33.765938 ], [ -84.432382, 33.766209 ], [ -84.4324423, 33.7664969 ], [ -84.432467, 33.766615 ], [ -84.432534, 33.766852 ], [ -84.4325576, 33.7669185 ], [ -84.43272, 33.767376 ], [ -84.43293, 33.767896 ], [ -84.433037, 33.768123 ], [ -84.433166, 33.768354 ], [ -84.433405, 33.76871 ], [ -84.433873, 33.769283 ], [ -84.433929, 33.769368 ], [ -84.433967, 33.769459 ], [ -84.433985, 33.769546 ], [ -84.433984, 33.769875 ] ] } },
{ "type": "Feature", "properties": { "corridor_id": 70, "corridor_name": "Atlanta Beltline Northeast Trail", "street_names": "Atlanta Beltline Northeast Trail", "n_edges": 3, "length_m": 828.63807957536892, "length_km": 0.82863807957536895, "mean_score": 48.306346834445471, "total_score": 144.91904050333642, "pair_count_max": 85, "neighborhood_span": 30, "climb_saved_m": 80.816971912944652, "mean_abs_grade": 0.012098304732820118, "max_grade": 0.028533164796697527, "elev_min_m": 260.12680053710938, "elev_max_m": 270.15191650390625, "elev_range_m": 10.025115966796875, "gain_per_km": 6.2102222166342855, "low_stress_share": 1.0, "mode": "bike", "n_pieces": 1, "neighborhoods": "Midtown; Morningside/Lenox Park; Virginia Highland", "end_a_lon": -84.370476, "end_a_lat": 33.789141, "end_b_lon": -84.368643, "end_b_lat": 33.782184, "corridor_uid": "bike-157" }, "geometry": { "type": "MultiLineString", "coordinates": [ [ [ -84.370475853871099, 33.789141145966759 ], [ -84.3704761, 33.7891393 ], [ -84.3704977, 33.7889766 ], [ -84.3705485, 33.7885596 ], [ -84.3705796, 33.7883242 ], [ -84.3706414, 33.7879093 ], [ -84.3707166, 33.7874301 ], [ -84.370753, 33.7871266 ], [ -84.3707846, 33.786771 ], [ -84.3708086, 33.7863493 ], [ -84.3707847, 33.7861065 ], [ -84.3707213, 33.7857186 ], [ -84.3706981, 33.785622299999986 ], [ -84.370784200000017, 33.7855921 ] ], [ [ -84.3686429, 33.782184 ], [ -84.3688262, 33.7824107 ], [ -84.3689979, 33.782608 ], [ -84.3692954, 33.7829673 ], [ -84.3695014, 33.7832369 ], [ -84.3698313, 33.783687 ], [ -84.3701463, 33.7841439 ], [ -84.3702528, 33.784317799999982 ], [ -84.370324112876048, 33.784447987459757 ], [ -84.3703474, 33.7844905 ], [ -84.3703804, 33.7845609 ], [ -84.3704305, 33.7846735 ], [ -84.3705136, 33.7848641 ], [ -84.3705847, 33.7850492 ], [ -84.3706185, 33.7851567 ], [ -84.3706877, 33.7853792 ], [ -84.370731, 33.7854831 ], [ -84.370772601472908, 33.785568336100475 ] ] ] } },
{ "type": "Feature", "properties": { "corridor_id": 71, "corridor_name": "Westside Beltline Connector", "street_names": "Westside Beltline Connector", "n_edges": 2, "length_m": 555.15481843133978, "length_km": 0.55515481843133974, "mean_score": 65.574922039515556, "total_score": 131.14984407903111, "pair_count_max": 55, "neighborhood_span": 25, "climb_saved_m": 149.57959261706125, "mean_abs_grade": 0.0057814407209024849, "max_grade": 0.0076146535300748563, "elev_min_m": 292.3787841796875, "elev_max_m": 295.58837890625, "elev_range_m": 3.2095947265625, "gain_per_km": 0.0, "low_stress_share": 1.0, "mode": "bike", "n_pieces": 1, "neighborhoods": "English Avenue", "end_a_lon": -84.405549, "end_a_lat": 33.765546, "end_b_lon": -84.407815, "end_b_lat": 33.77017, "corridor_uid": "bike-158" }, "geometry": { "type": "LineString", "coordinates": [ [ -84.405549, 33.7655462 ], [ -84.405723, 33.7658893 ], [ -84.4058699, 33.7661716 ], [ -84.4062878, 33.7670103 ], [ -84.4065147, 33.7675464 ], [ -84.4065621, 33.76765420000001 ], [ -84.4067656, 33.768106 ], [ -84.4068654, 33.7683178 ], [ -84.4069118, 33.7684195 ], [ -84.406968741350383, 33.768544222398283 ], [ -84.4073872, 33.7694608 ], [ -84.4074701, 33.7696046 ], [ -84.407512, 33.769657 ], [ -84.407554, 33.7697009 ], [ -84.4075797, 33.7697312 ], [ -84.4076099, 33.769771 ], [ -84.4076516, 33.7698366 ], [ -84.4077136, 33.7699614 ], [ -84.4077267, 33.7699866 ], [ -84.4077314, 33.769995499999986 ], [ -84.4077493, 33.7700317 ], [ -84.4077686, 33.7700706 ], [ -84.407814839131944, 33.770170125553285 ] ] } },
{ "type": "Feature", "properties": { "corridor_id": 72, "corridor_name": "Claire Drive Southeast", "street_names": "Claire Drive Southeast", "n_edges": 3, "length_m": 413.48831050320746, "length_km": 0.41348831050320745, "mean_score": 41.918406554060404, "total_score": 125.75521966218122, "pair_count_max": 45, "neighborhood_span": 24, "climb_saved_m": 89.928918346490946, "mean_abs_grade": 0.016467336963972377, "max_grade": 0.05807349056751223, "elev_min_m": 293.62057495117188, "elev_max_m": 300.42962646484375, "elev_range_m": 6.809051513671875, "gain_per_km": 21.233454328044164, "low_stress_share": 1.0, "mode": "bike", "n_pieces": 1, "neighborhoods": "Lakewood Heights", "end_a_lon": -84.384889, "end_a_lat": 33.705091, "end_b_lon": -84.38043, "end_b_lat": 33.705055, "corridor_uid": "bike-159" }, "geometry": { "type": "LineString", "coordinates": [ [ -84.384889, 33.705091 ], [ -84.383408, 33.70508 ], [ -84.382062, 33.70507 ], [ -84.3804303, 33.7050549 ], [ -84.380430299838622, 33.705054899998579 ] ] } },
{ "type": "Feature", "properties": { "corridor_id": 73, "corridor_name": "Peeples Street Southwest - Tucker Avenue Southwest", "street_names": "Peeples Street Southwest; Tucker Avenue Southwest", "n_edges": 3, "length_m": 370.81269898732546, "length_km": 0.37081269898732544, "mean_score": 41.153702688945536, "total_score": 123.4611080668366, "pair_count_max": 66, "neighborhood_span": 34, "climb_saved_m": 72.116710763446321, "mean_abs_grade": 0.019163444585762898, "max_grade": 0.076736454308563212, "elev_min_m": 304.54818725585938, "elev_max_m": 313.88525390625, "elev_range_m": 9.337066650390625, "gain_per_km": 10.019595004574652, "low_stress_share": 1.0, "mode": "bike", "n_pieces": 1, "neighborhoods": "Oakland City", "end_a_lon": -84.423975, "end_a_lat": 33.726216, "end_b_lon": -84.42371, "end_b_lat": 33.724226, "corridor_uid": "bike-160" }, "geometry": { "type": "MultiLineString", "coordinates": [ [ [ -84.424966, 33.72531 ], [ -84.425455, 33.724863 ] ], [ [ -84.423975, 33.726216 ], [ -84.424966, 33.72531 ] ], [ [ -84.4237096, 33.7242259 ], [ -84.424966, 33.72531 ] ] ] } },
{ "type": "Feature", "properties": { "corridor_id": 74, "corridor_name": "Mayson Turner Road Northwest", "street_names": "Mayson Turner Road Northwest", "n_edges": 3, "length_m": 382.93917930248665, "length_km": 0.38293917930248667, "mean_score": 38.141410380694403, "total_score": 114.4242311420832, "pair_count_max": 57, "neighborhood_span": 27, "climb_saved_m": 68.118477077329743, "mean_abs_grade": 0.010738395073925645, "max_grade": 0.028687661766709185, "elev_min_m": 291.30294799804688, "elev_max_m": 295.1719970703125, "elev_range_m": 3.869049072265625, "gain_per_km": 0.63571118825329398, "low_stress_share": 1.0, "mode": "bike", "n_pieces": 1, "neighborhoods": "Washington Park", "end_a_lon": -84.419683, "end_a_lat": 33.761074, "end_b_lon": -84.423403, "end_b_lat": 33.762477, "corridor_uid": "bike-161" }, "geometry": { "type": "LineString", "coordinates": [ [ -84.419682739179237, 33.761074305082978 ], [ -84.419801, 33.7612 ], [ -84.419914, 33.7613 ], [ -84.420057, 33.761397 ], [ -84.420213, 33.761478 ], [ -84.420463, 33.761578 ], [ -84.42083, 33.761703 ], [ -84.421816, 33.762002 ], [ -84.422211, 33.762121 ], [ -84.4234029, 33.7624773 ] ] } },
{ "type": "Feature", "properties": { "corridor_id": 75, "corridor_name": "Whetstone Creek PATH Trail - Marietta Road Northwest", "street_names": "Marietta Road Northwest; Whetstone Creek PATH Trail", "n_edges": 2, "length_m": 541.06725420362602, "length_km": 0.541067254203626, "mean_score": 57.004499025941627, "total_score": 114.00899805188325, "pair_count_max": 68, "neighborhood_span": 28, "climb_saved_m": 207.43828469678422, "mean_abs_grade": 0.015094283938946101, "max_grade": 0.075073676150288662, "elev_min_m": 255.30433654785156, "elev_max_m": 263.48663330078125, "elev_range_m": 8.1822967529296875, "gain_per_km": 0.028229481146560466, "low_stress_share": 0.87986178743887578, "mode": "bike", "n_pieces": 1, "neighborhoods": "Bolton; Hills Park", "end_a_lon": -84.450593, "end_a_lat": 33.812613, "end_b_lon": -84.452375, "end_b_lat": 33.808519, "corridor_uid": "bike-162" }, "geometry": { "type": "MultiLineString", "coordinates": [ [ [ -84.452926, 33.8088912 ], [ -84.4529299, 33.8090186 ], [ -84.4529135, 33.8090591 ], [ -84.452857, 33.80934 ], [ -84.4528465, 33.8095274 ], [ -84.452777, 33.80979 ], [ -84.452719, 33.809917 ], [ -84.452572, 33.810158 ], [ -84.452375, 33.810457 ], [ -84.452084, 33.810813 ], [ -84.4518522, 33.8110625 ], [ -84.451509, 33.811454 ], [ -84.4507643, 33.8122547 ], [ -84.4506275, 33.8125161 ], [ -84.4505928, 33.8126127 ] ], [ [ -84.4523751, 33.8085188 ], [ -84.452525, 33.808596 ], [ -84.452711, 33.808715 ], [ -84.452842, 33.8088105 ], [ -84.452893, 33.808859 ], [ -84.452919087355326, 33.808884454934578 ] ] ] } },
{ "type": "Feature", "properties": { "corridor_id": 76, "corridor_name": "Cumberland Road Northeast", "street_names": "Cumberland Road Northeast", "n_edges": 3, "length_m": 631.12608155252678, "length_km": 0.63112608155252681, "mean_score": 37.655106972955281, "total_score": 112.96532091886584, "pair_count_max": 29, "neighborhood_span": 22, "climb_saved_m": 94.779268777866406, "mean_abs_grade": 0.020642008539878947, "max_grade": 0.061033733392601375, "elev_min_m": 264.68692016601562, "elev_max_m": 279.36135864257812, "elev_range_m": 14.6744384765625, "gain_per_km": 23.251199570875585, "low_stress_share": 1.0, "mode": "bike", "n_pieces": 1, "neighborhoods": "Morningside/Lenox Park", "end_a_lon": -84.366089, "end_a_lat": 33.796196, "end_b_lon": -84.359276, "end_b_lat": 33.79617, "corridor_uid": "bike-163" }, "geometry": { "type": "LineString", "coordinates": [ [ -84.366089300051058, 33.796195800000127 ], [ -84.366089300000013, 33.7961958 ], [ -84.363528, 33.796188 ], [ -84.362217, 33.796183 ], [ -84.361471, 33.7961805 ], [ -84.3608326, 33.7961784 ], [ -84.3592764, 33.7961696 ] ] } },
{ "type": "Feature", "properties": { "corridor_id": 77, "corridor_name": "Atlanta Beltline Eastside Trail", "street_names": "Atlanta Beltline Eastside Trail", "n_edges": 3, "length_m": 361.30639837878221, "length_km": 0.3613063983787822, "mean_score": 36.157642068351286, "total_score": 108.47292620505385, "pair_count_max": 82, "neighborhood_span": 19, "climb_saved_m": 64.839605873517115, "mean_abs_grade": 0.015988038671173006, "max_grade": 0.024130561617385866, "elev_min_m": 290.59634399414062, "elev_max_m": 294.08868408203125, "elev_range_m": 3.492340087890625, "gain_per_km": 12.826953715777067, "low_stress_share": 1.0, "mode": "bike", "n_pieces": 1, "neighborhoods": "Poncey-Highland", "end_a_lon": -84.361094, "end_a_lat": 33.767749, "end_b_lon": -84.359593, "end_b_lat": 33.764845, "corridor_uid": "bike-164" }, "geometry": { "type": "LineString", "coordinates": [ [ -84.361093880469724, 33.767749363552142 ], [ -84.3610677, 33.7677247 ], [ -84.3609193, 33.7675768 ], [ -84.3607051, 33.767366800000012 ], [ -84.3603843, 33.7670292 ], [ -84.3601383, 33.7667116 ], [ -84.359933, 33.7663694 ], [ -84.359908819641632, 33.766316125922778 ], [ -84.3598892, 33.7662729 ], [ -84.3598375, 33.766159 ], [ -84.359751555650064, 33.765910567113465 ], [ -84.3597415, 33.7658815 ], [ -84.3596759, 33.7656546 ], [ -84.359619, 33.7653749 ], [ -84.35959050000001, 33.7651544 ], [ -84.3595915, 33.7649702 ], [ -84.3595895, 33.7648705 ], [ -84.359592827613056, 33.764844823099232 ] ] } },
{ "type": "Feature", "properties": { "corridor_id": 78, "corridor_name": "unnamed corridor", "street_names": "", "n_edges": 2, "length_m": 462.14986649995978, "length_km": 0.46214986649995976, "mean_score": 54.124796146369619, "total_score": 108.24959229273924, "pair_count_max": 92, "neighborhood_span": 22, "climb_saved_m": 104.34622794931738, "mean_abs_grade": 0.013567003861116207, "max_grade": 0.020781905853787478, "elev_min_m": 299.06985473632812, "elev_max_m": 305.33984375, "elev_range_m": 6.269989013671875, "gain_per_km": 13.567003840457501, "low_stress_share": 1.0, "mode": "bike", "n_pieces": 1, "neighborhoods": "English Avenue; Marietta Street Artery", "end_a_lon": -84.410497, "end_a_lat": 33.773159, "end_b_lon": -84.407208, "end_b_lat": 33.775861, "corridor_uid": "bike-165" }, "geometry": { "type": "LineString", "coordinates": [ [ -84.410496739796415, 33.77315927683204 ], [ -84.4104815, 33.7731595 ], [ -84.4104189, 33.7731695 ], [ -84.4103698, 33.7731774 ], [ -84.4094802, 33.7732406 ], [ -84.409453874714927, 33.773242347736762 ], [ -84.4093838, 33.773247 ], [ -84.4092908, 33.773279 ], [ -84.4092768, 33.7732915 ], [ -84.4092009, 33.773359 ], [ -84.4091031, 33.7734697 ], [ -84.4090229, 33.7736083 ], [ -84.4089267, 33.7738909 ], [ -84.4088305, 33.7741202 ], [ -84.408715, 33.7742695 ], [ -84.4085113, 33.774460099999985 ], [ -84.4081499, 33.7748145 ], [ -84.4073054, 33.7757319 ], [ -84.4072332, 33.7758145 ], [ -84.407208233469646, 33.775861166411879 ] ] } },
{ "type": "Feature", "properties": { "corridor_id": 79, "corridor_name": "White Street Southwest", "street_names": "White Street Southwest", "n_edges": 2, "length_m": 498.52685871534226, "length_km": 0.49852685871534225, "mean_score": 53.170953838185191, "total_score": 106.34190767637038, "pair_count_max": 77, "neighborhood_span": 17, "climb_saved_m": 108.40438299598353, "mean_abs_grade": 0.007840360563295911, "max_grade": 0.036095848156962339, "elev_min_m": 306.24066162109375, "elev_max_m": 311.399169921875, "elev_range_m": 5.15850830078125, "gain_per_km": 10.347503270083081, "low_stress_share": 0.0, "mode": "bike", "n_pieces": 1, "neighborhoods": "West End", "end_a_lon": -84.42546, "end_a_lat": 33.734617, "end_b_lon": -84.429815, "end_b_lat": 33.737254, "corridor_uid": "bike-166" }, "geometry": { "type": "LineString", "coordinates": [ [ -84.42546, 33.7346174 ], [ -84.4266837, 33.7353615 ], [ -84.426684151079016, 33.735361774275063 ], [ -84.427196, 33.735673 ], [ -84.427772, 33.73602 ], [ -84.429412, 33.737011 ], [ -84.4298145, 33.737254 ], [ -84.429814660642066, 33.737254097023595 ] ] } },
{ "type": "Feature", "properties": { "corridor_id": 80, "corridor_name": "Defoors Ferry Road Northwest", "street_names": "Defoors Ferry Road Northwest", "n_edges": 2, "length_m": 586.55697919083366, "length_km": 0.58655697919083361, "mean_score": 45.912846840147424, "total_score": 91.825693680294847, "pair_count_max": 33, "neighborhood_span": 21, "climb_saved_m": 80.193720488524804, "mean_abs_grade": 0.021391395317182961, "max_grade": 0.078499677449083038, "elev_min_m": 264.28500366210938, "elev_max_m": 276.93887329101562, "elev_range_m": 12.65386962890625, "gain_per_km": 6.7844417696838546, "low_stress_share": 0.0, "mode": "bike", "n_pieces": 1, "neighborhoods": "Underwood Hills", "end_a_lon": -84.427394, "end_a_lat": 33.814149, "end_b_lon": -84.431689, "end_b_lat": 33.816994, "corridor_uid": "bike-167" }, "geometry": { "type": "LineString", "coordinates": [ [ -84.4273937, 33.814149 ], [ -84.4274921, 33.8141423 ], [ -84.4278888, 33.8141063 ], [ -84.4280038, 33.814109299999984 ], [ -84.4281368, 33.8141263 ], [ -84.4282478, 33.8141503 ], [ -84.4284114, 33.814211 ], [ -84.428875, 33.8144115 ], [ -84.429061, 33.8144725 ], [ -84.429172, 33.8144945 ], [ -84.429282, 33.8145065 ], [ -84.429819, 33.8145215 ], [ -84.429963, 33.8145345 ], [ -84.4301958, 33.8145871 ], [ -84.4303859, 33.8146489 ], [ -84.4305559, 33.8147574 ], [ -84.4307019, 33.8148704 ], [ -84.4308249, 33.8150004 ], [ -84.4309229, 33.8151454 ], [ -84.4309789, 33.8152664 ], [ -84.4310179, 33.8154391 ], [ -84.4311903, 33.8163468 ], [ -84.4312303, 33.8164818 ], [ -84.4312823, 33.8165848 ], [ -84.4313603, 33.8166918 ], [ -84.4316891, 33.8169945 ] ] } },
{ "type": "Feature", "properties": { "corridor_id": 81, "corridor_name": "Melvin Drive Southwest", "street_names": "Melvin Drive Southwest", "n_edges": 2, "length_m": 777.20496984245381, "length_km": 0.7772049698424538, "mean_score": 43.429242047674954, "total_score": 86.858484095349908, "pair_count_max": 49, "neighborhood_span": 34, "climb_saved_m": 52.98933361871218, "mean_abs_grade": 0.020483202539086122, "max_grade": 0.031621931635696258, "elev_min_m": 264.87039184570312, "elev_max_m": 275.2784423828125, "elev_range_m": 10.408050537109375, "gain_per_km": 13.391641768862051, "low_stress_share": 1.0, "mode": "bike", "n_pieces": 1, "neighborhoods": "Kings Forest", "end_a_lon": -84.509848, "end_a_lat": 33.708274, "end_b_lon": -84.518225, "end_b_lat": 33.708086, "corridor_uid": "bike-168" }, "geometry": { "type": "LineString", "coordinates": [ [ -84.509848, 33.7082739 ], [ -84.510651, 33.708236 ], [ -84.5130075, 33.7081817 ], [ -84.5133164, 33.7081759 ], [ -84.514676389671436, 33.708143121940473 ], [ -84.5146773, 33.7081431 ], [ -84.517793, 33.708068 ], [ -84.518225352691005, 33.708085931678433 ] ] } },
{ "type": "Feature", "properties": { "corridor_id": 82, "corridor_name": "North Avenue Northwest", "street_names": "North Avenue Northwest", "n_edges": 2, "length_m": 842.37449442456682, "length_km": 0.8423744944245668, "mean_score": 42.448529035248526, "total_score": 84.897058070497053, "pair_count_max": 36, "neighborhood_span": 20, "climb_saved_m": 75.895319804854012, "mean_abs_grade": 0.0027173928790127492, "max_grade": 0.0028788038876102714, "elev_min_m": 298.22994995117188, "elev_max_m": 299.4317626953125, "elev_range_m": 1.201812744140625, "gain_per_km": 1.4266965014908168, "low_stress_share": 0.0, "mode": "bike", "n_pieces": 1, "neighborhoods": "Downtown; English Avenue; Marietta Street Artery", "end_a_lon": -84.403214, "end_a_lat": 33.770019, "end_b_lon": -84.403213, "end_b_lat": 33.770103, "corridor_uid": "bike-169" }, "geometry": { "type": "LineString", "coordinates": [ [ -84.403214, 33.7700193 ], [ -84.4026481, 33.7700251 ], [ -84.4022862, 33.7700276 ], [ -84.402078, 33.7700402 ], [ -84.40189740000001, 33.7700631 ], [ -84.4016782, 33.7700986 ], [ -84.4013776, 33.7701639 ], [ -84.4012799, 33.7701956 ], [ -84.4011644, 33.7702331 ], [ -84.401095, 33.7702556 ], [ -84.4010416, 33.7702776 ], [ -84.4009748, 33.7703029 ], [ -84.400916, 33.7703295 ], [ -84.4008311, 33.7703646 ], [ -84.4007688, 33.7703903 ], [ -84.4006472, 33.7704405 ], [ -84.3997944, 33.7708237 ], [ -84.3994666, 33.7709708 ], [ -84.3992074, 33.7710889 ], [ -84.3990929, 33.7711325 ], [ -84.3989855, 33.7712277 ], [ -84.3991467, 33.7711994 ], [ -84.3993745, 33.7711147 ], [ -84.3997319, 33.770956099999985 ], [ -84.3998718, 33.7708945 ], [ -84.4006879, 33.7705177 ], [ -84.400805, 33.7704703 ], [ -84.4008685, 33.7704447 ], [ -84.400962300000018, 33.7704067 ], [ -84.401021, 33.770383 ], [ -84.4010851, 33.770358299999984 ], [ -84.401122, 33.770344 ], [ -84.4011806, 33.770326 ], [ -84.40121, 33.770317 ], [ -84.4012865, 33.7702933 ], [ -84.401384, 33.770263 ], [ -84.401572, 33.770219 ], [ -84.401665, 33.770197 ], [ -84.4019956, 33.7701488 ], [ -84.4023527, 33.770125 ], [ -84.403213, 33.7701034 ] ] } },
{ "type": "Feature", "properties": { "corridor_id": 83, "corridor_name": "Peachtree Battle Trail", "street_names": "Peachtree Battle Trail", "n_edges": 1, "length_m": 382.00286506124877, "length_km": 0.38200286506124875, "mean_score": 69.256055467315818, "total_score": 69.256055467315818, "pair_count_max": 68, "neighborhood_span": 28, "climb_saved_m": 48.153133698721376, "mean_abs_grade": 0.0078388843751972248, "max_grade": 0.0078430166394980478, "elev_min_m": 239.75692749023438, "elev_max_m": 242.75140380859375, "elev_range_m": 2.994476318359375, "gain_per_km": 7.8388844488882379, "low_stress_share": 1.0, "mode": "bike", "n_pieces": 1, "neighborhoods": "Peachtree Battle Alliance", "end_a_lon": -84.407508, "end_a_lat": 33.820803, "end_b_lon": -84.407461, "end_b_lat": 33.823924, "corridor_uid": "bike-170" }, "geometry": { "type": "LineString", "coordinates": [ [ -84.407507700000011, 33.8208031 ], [ -84.4074804, 33.8208822 ], [ -84.4073524, 33.820978 ], [ -84.4073054, 33.8210063 ], [ -84.4072721, 33.8210481 ], [ -84.4072574, 33.821095 ], [ -84.4072405, 33.8212558 ], [ -84.4071957, 33.8215016 ], [ -84.4072195, 33.8216302 ], [ -84.4072495, 33.8217132 ], [ -84.4072587, 33.8217851 ], [ -84.4072334, 33.8218417 ], [ -84.4071547, 33.8219453 ], [ -84.4071337, 33.8219778 ], [ -84.4070908, 33.8220442 ], [ -84.4070595, 33.8221456 ], [ -84.4070624, 33.8223458 ], [ -84.4070486, 33.822498 ], [ -84.4071076, 33.8226611 ], [ -84.4071713, 33.8229182 ], [ -84.4072808, 33.8229557 ], [ -84.407427, 33.823006 ], [ -84.4074816, 33.8230292 ], [ -84.4074166, 33.823275 ], [ -84.4074301, 33.8237322 ], [ -84.4074608, 33.8239245 ] ] } },
{ "type": "Feature", "properties": { "corridor_id": 84, "corridor_name": "Pryor Road", "street_names": "Pryor Road", "n_edges": 1, "length_m": 397.59827122899844, "length_km": 0.39759827122899843, "mean_score": 59.749641234922962, "total_score": 59.749641234922962, "pair_count_max": 53, "neighborhood_span": 19, "climb_saved_m": 72.314186248753629, "mean_abs_grade": 0.021248033158076524, "max_grade": 0.021258043916097657, "elev_min_m": 301.75881958007812, "elev_max_m": 310.20700073242188, "elev_range_m": 8.44818115234375, "gain_per_km": 21.248032910781909, "low_stress_share": 0.0, "mode": "bike", "n_pieces": 1, "neighborhoods": "Mechanicsville; Peoplestown", "end_a_lon": -84.393138, "end_a_lat": 33.731061, "end_b_lon": -84.392765, "end_b_lat": 33.727616, "corridor_uid": "bike-171" }, "geometry": { "type": "LineString", "coordinates": [ [ -84.3931379, 33.7310607 ], [ -84.3929265, 33.730542 ], [ -84.3927794, 33.7301994 ], [ -84.3925316, 33.7295838 ], [ -84.3924607, 33.7293053 ], [ -84.3924235, 33.72910980000001 ], [ -84.3924065, 33.7289113 ], [ -84.3924262, 33.7286068 ], [ -84.3924504, 33.7284496 ], [ -84.3924887, 33.7282815 ], [ -84.3925357, 33.728132 ], [ -84.39259, 33.7279893 ], [ -84.392717, 33.7277167 ], [ -84.3927654, 33.727615500000013 ] ] } },
{ "type": "Feature", "properties": { "corridor_id": 85, "corridor_name": "unnamed corridor", "street_names": "", "n_edges": 1, "length_m": 462.24241935546866, "length_km": 0.46224241935546867, "mean_score": 57.986016256299386, "total_score": 57.986016256299386, "pair_count_max": 80, "neighborhood_span": 13, "climb_saved_m": 104.14562963447388, "mean_abs_grade": 0.0093707829265136568, "max_grade": 0.021465103856473607, "elev_min_m": 311.99453735351562, "elev_max_m": 316.32611083984375, "elev_range_m": 4.331573486328125, "gain_per_km": 9.3707831755637834, "low_stress_share": 1.0, "mode": "bike", "n_pieces": 1, "neighborhoods": "Capitol View; Oakland City", "end_a_lon": -84.413629, "end_a_lat": 33.722266, "end_b_lon": -84.417999, "end_b_lat": 33.724252, "corridor_uid": "bike-172" }, "geometry": { "type": "LineString", "coordinates": [ [ -84.4136286, 33.7222659 ], [ -84.4146851, 33.7226371 ], [ -84.4164687, 33.7234341 ], [ -84.4178905, 33.7242006 ], [ -84.4179721, 33.7242396 ], [ -84.417999321886256, 33.724252100684922 ] ] } },
{ "type": "Feature", "properties": { "corridor_id": 86, "corridor_name": "unnamed corridor", "street_names": "", "n_edges": 1, "length_m": 1365.9958238186352, "length_km": 1.3659958238186352, "mean_score": 54.912012348506671, "total_score": 54.912012348506671, "pair_count_max": 26, "neighborhood_span": 27, "climb_saved_m": 89.442288672719982, "mean_abs_grade": 0.0022071469793582587, "max_grade": 0.0022098432908912832, "elev_min_m": 241.20997619628906, "elev_max_m": 244.22492980957031, "elev_range_m": 3.01495361328125, "gain_per_km": 2.2071470210303872, "low_stress_share": 1.0, "mode": "bike", "n_pieces": 1, "neighborhoods": "Memorial Park", "end_a_lon": -84.408076, "end_a_lat": 33.819261, "end_b_lon": -84.415984, "end_b_lat": 33.823735, "corridor_uid": "bike-173" }, "geometry": { "type": "LineString", "coordinates": [ [ -84.408076069701664, 33.819261199946745 ], [ -84.4081689, 33.8192507 ], [ -84.4083251, 33.8192067 ], [ -84.4085906, 33.8191404 ], [ -84.408786400000011, 33.819066899999989 ], [ -84.4090037, 33.8189443 ], [ -84.4095227, 33.8185945 ], [ -84.4099653, 33.8183037 ], [ -84.4102161, 33.8182056 ], [ -84.4103757, 33.8181588 ], [ -84.410613, 33.8181165 ], [ -84.4108625, 33.8180998 ], [ -84.4109986, 33.8181115 ], [ -84.4111153, 33.8181454 ], [ -84.4112004, 33.818214 ], [ -84.4112762, 33.8183076 ], [ -84.4113124, 33.8184073 ], [ -84.4112876, 33.818546 ], [ -84.4112011, 33.8187922 ], [ -84.411073, 33.8191571 ], [ -84.4110596, 33.8192507 ], [ -84.411073, 33.8193421 ], [ -84.4111253, 33.8194379 ], [ -84.4111723, 33.8195048 ], [ -84.4112447, 33.8195638 ], [ -84.4113413, 33.8196128 ], [ -84.4114405, 33.8196451 ], [ -84.4115652, 33.8196563 ], [ -84.411759, 33.819640699999987 ], [ -84.4119293, 33.819613399999987 ], [ -84.4121144, 33.8195811 ], [ -84.4121949, 33.8195766 ], [ -84.4122941, 33.8195861 ], [ -84.41251, 33.8196708 ], [ -84.4125737, 33.8197276 ], [ -84.4126582, 33.8198323 ], [ -84.4127206, 33.8199827 ], [ -84.4129016, 33.8204568 ], [ -84.4129828, 33.8207526 ], [ -84.4130149, 33.8210234 ], [ -84.4130096, 33.821373199999989 ], [ -84.4128996, 33.8221108 ], [ -84.412846, 33.8224539 ], [ -84.4128688, 33.8226356 ], [ -84.4129184, 33.8227381 ], [ -84.4130699, 33.8229185 ], [ -84.413204, 33.823011 ], [ -84.4133341, 33.823062300000011 ], [ -84.4134669, 33.8230712 ], [ -84.413605, 33.82306 ], [ -84.4137445, 33.8230077 ], [ -84.4139282, 33.8228873 ], [ -84.4140369, 33.822825 ], [ -84.4142407, 33.8227447 ], [ -84.4143681, 33.8227102 ], [ -84.4147423, 33.8226924 ], [ -84.4151218, 33.8226979 ], [ -84.4156677, 33.822711299999987 ], [ -84.415728, 33.8227336 ], [ -84.415778300000014, 33.8227815 ], [ -84.4158004, 33.8229041 ], [ -84.415897, 33.823499 ], [ -84.415983883311839, 33.82373450149651 ] ] } },
{ "type": "Feature", "properties": { "corridor_id": 87, "corridor_name": "Kimberly Road Southwest", "street_names": "Kimberly Road Southwest", "n_edges": 1, "length_m": 402.26807878291299, "length_km": 0.40226807878291299, "mean_score": 44.467364740733757, "total_score": 44.467364740733757, "pair_count_max": 49, "neighborhood_span": 34, "climb_saved_m": 27.426378185804825, "mean_abs_grade": 0.021782920330887485, "max_grade": 0.050400958613697117, "elev_min_m": 284.17501831054688, "elev_max_m": 293.171875, "elev_range_m": 8.996856689453125, "gain_per_km": 2.1503589212703602, "low_stress_share": 0.0, "mode": "bike", "n_pieces": 1, "neighborhoods": "Ben Hill Terrace", "end_a_lon": -84.522008, "end_a_lat": 33.704784, "end_b_lon": -84.521202, "end_b_lat": 33.708278, "corridor_uid": "bike-174" }, "geometry": { "type": "LineString", "coordinates": [ [ -84.522008, 33.704784 ], [ -84.522018, 33.704991 ], [ -84.521974, 33.705183 ], [ -84.521917, 33.7053 ], [ -84.521598, 33.705798 ], [ -84.521403, 33.706352 ], [ -84.521365, 33.706625 ], [ -84.521369, 33.70707 ], [ -84.5213681, 33.7077865 ], [ -84.521296600000014, 33.7081176 ], [ -84.521250800000018, 33.7082282 ], [ -84.5212016, 33.7082781 ] ] } },
{ "type": "Feature", "properties": { "corridor_id": 88, "corridor_name": "Woodbine Avenue Southeast", "street_names": "Woodbine Avenue Southeast", "n_edges": 1, "length_m": 371.6590598034561, "length_km": 0.37165905980345609, "mean_score": 43.631371540144997, "total_score": 43.631371540144997, "pair_count_max": 44, "neighborhood_span": 24, "climb_saved_m": 31.966540350154062, "mean_abs_grade": 0.021880073480168859, "max_grade": 0.039512133538201939, "elev_min_m": 290.86502075195312, "elev_max_m": 298.9969482421875, "elev_range_m": 8.131927490234375, "gain_per_km": 21.880073351460261, "low_stress_share": 1.0, "mode": "bike", "n_pieces": 1, "neighborhoods": "Kirkwood", "end_a_lon": -84.336884, "end_a_lat": 33.750835, "end_b_lon": -84.334689, "end_b_lat": 33.753312, "corridor_uid": "bike-175" }, "geometry": { "type": "LineString", "coordinates": [ [ -84.336883981984627, 33.750835464438524 ], [ -84.3368316, 33.7508513 ], [ -84.336598, 33.7509187 ], [ -84.3359987, 33.7511189 ], [ -84.33577, 33.751225 ], [ -84.3355511, 33.7513849 ], [ -84.3352873, 33.7516322 ], [ -84.3351305, 33.7518509 ], [ -84.3350446, 33.7520243 ], [ -84.3349999, 33.7521344 ], [ -84.3349864, 33.752186 ], [ -84.3349111, 33.752468799999988 ], [ -84.3347348, 33.753141 ], [ -84.334689380721855, 33.753312105384119 ] ] } },
{ "type": "Feature", "properties": { "corridor_id": 89, "corridor_name": "Dale Creek Drive Northwest", "street_names": "Dale Creek Drive Northwest", "n_edges": 1, "length_m": 408.12390887116925, "length_km": 0.40812390887116923, "mean_score": 42.46418548973741, "total_score": 42.46418548973741, "pair_count_max": 35, "neighborhood_span": 36, "climb_saved_m": 28.481961294541779, "mean_abs_grade": 0.011809409182583584, "max_grade": 0.057041949101879021, "elev_min_m": 274.06985473632812, "elev_max_m": 280.24114990234375, "elev_range_m": 6.171295166015625, "gain_per_km": 3.9800636413392034, "low_stress_share": 1.0, "mode": "bike", "n_pieces": 1, "neighborhoods": "Collier Heights", "end_a_lon": -84.472218, "end_a_lat": 33.764569, "end_b_lon": -84.476622, "end_b_lat": 33.764587, "corridor_uid": "bike-176" }, "geometry": { "type": "LineString", "coordinates": [ [ -84.472218, 33.764569 ], [ -84.473936, 33.764556 ], [ -84.476622, 33.764587 ] ] } },
{ "type": "Feature", "properties": { "corridor_id": 90, "corridor_name": "Hollywood Road Northwest", "street_names": "Hollywood Road Northwest", "n_edges": 1, "length_m": 480.77111299143621, "length_km": 0.48077111299143621, "mean_score": 36.336037903660902, "total_score": 36.336037903660902, "pair_count_max": 29, "neighborhood_span": 12, "climb_saved_m": 39.509874979008131, "mean_abs_grade": 0.024695904025845525, "max_grade": 0.024699681671807944, "elev_min_m": 239.24288940429688, "elev_max_m": 251.115966796875, "elev_range_m": 11.873077392578125, "gain_per_km": 24.695904291549262, "low_stress_share": 0.0, "mode": "bike", "n_pieces": 1, "neighborhoods": "Carey Park; Scotts Crossing", "end_a_lon": -84.469515, "end_a_lat": 33.794876, "end_b_lon": -84.470038, "end_b_lat": 33.799186, "corridor_uid": "bike-177" }, "geometry": { "type": "LineString", "coordinates": [ [ -84.469514606146092, 33.794875729680136 ], [ -84.4695148, 33.7948769 ], [ -84.4695717, 33.7952207 ], [ -84.4696396, 33.795679 ], [ -84.4696724, 33.796029 ], [ -84.4697038, 33.7963577 ], [ -84.46981, 33.797483 ], [ -84.470038, 33.799186 ] ] } }
]
}
